model,made,round,date,time,league,home,away,eh,ea,et,main_line,o75,o85,o95,o105,o115,o125,o135,home4,away4,both4,home_u3,away_u3,home_more,dom_home,dom_away,ph,pa,lh,la,p_home,p_draw,p_away,btts,o25,cs_home,cs_away,sample,ref,ref_f,kh,ka,kt,k25,k35,k45,k55,k65,khome2,kaway2,red,kph,kpa,kline,raw,cal,line,calls,hc,ac,hg,ag,hk,ak,hred
v3,2026-08-28,2026-08-28,2026-08-28,20:00,Championship,Wrexham,Birmingham,5.353242831058226,4.82571688556075,10.178959716618976,9.5,0.7644027560490726,0.6605185798446337,0.5481280107560892,0.43641398757724276,0.33340698404964897,0.24460198255553944,0.17254448770528524,0.7323953542999313,0.6626222153427929,0.47268170175561,0.14089729983777244,0.18973493403070887,0.5593868347844893,0.501929,0.395356,0.0114;0.0427;0.0868;0.1267;0.1484;0.1479;0.1300;0.1032;0.0753;0.0511;0.0326;0.0197;0.0113;0.0063;0.0033;0.0033,0.0181;0.0605;0.1111;0.1476;0.1587;0.1460;0.1192;0.0883;0.0604;0.0386;0.0233;0.0133;0.0073;0.0038;0.0019;0.0018,1.359852785790771,1.2094218826768164,0.3991879192545312,0.2724088339884755,0.3284032467569934,0.5253017258062801,0.47382994507407433,0.2983697222841499,0.2566985638481909,2,R Jones,1.0040974715101838,1.5069931560291756,1.7825851779325947,3.2895783339617704,0.6301981720838101,0.4152804905249368,0.23949380642996684,0.12229918558387165,0.05598337747004771,0.44099740377190644,0.5267010054741965,0.09616765787750114,0.2285;0.3305;0.2456;0.1250;0.0490;0.0158;0.0043;0.0010;0.0002;0.0001,0.1750;0.2983;0.2608;0.1558;0.0715;0.0269;0.0086;0.0024;0.0006;0.0002,3.5,,,10.5,[],3,6,1,2,1,2,0
v3,2026-08-28,2026-08-28,2026-08-29,12:30,League 2,Barnet,Cheltenham,6.371925913498055,3.9254763411010587,10.297402254599113,10.5,0.7739197114458702,0.6721551948586575,0.561039034784603,0.4495696953098151,0.3458371893304844,0.2555791442719321,0.18166491769004697,0.8360392981932087,0.5193434257275675,0.4237817585919662,0.0766175496403409,0.3043152323230265,0.754437817039711,0.690188,0.22465,0.0046;0.0210;0.0509;0.0873;0.1188;0.1362;0.1365;0.1227;0.1007;0.0764;0.0542;0.0362;0.0230;0.0139;0.0080;0.0094,0.0397;0.1058;0.1588;0.1763;0.1611;0.1278;0.0911;0.0595;0.0362;0.0208;0.0113;0.0059;0.0029;0.0014;0.0007;0.0005,1.6746074572578664,1.0110382894993992,0.5256744507782717,0.24962469439943497,0.22470085482229335,0.520417329518223,0.5028527146074211,0.3638410110838641,0.18738172038138376,2,A Byrne,0.985238855852627,1.5755455472003255,1.9962223532893195,3.571767900489645,0.6824897352190563,0.47455103969173656,0.29085557044437266,0.15858310404355677,0.07774276205358328,0.46298972637629426,0.5863072947600907,0.17187436385327504,0.2141;0.3229;0.2504;0.1330;0.0544;0.0183;0.0053;0.0013;0.0003;0.0001,0.1426;0.2711;0.2641;0.1757;0.0898;0.0376;0.0134;0.0042;0.0012;0.0004,3.5,,,9.5,"[{""market"": ""Corner dominance"", ""pick"": ""Home"", ""p"": 0.69}]",11,4,2,2,1,3,0
v3,2026-08-28,2026-08-28,2026-08-29,15:00,Championship,Blackburn,QPR,5.31190375878157,4.912930196952066,10.224833955733637,9.5,0.7681251454606762,0.6650572866731053,0.5531496469101702,0.44151639639078655,0.33821441674520314,0.2488354501975239,0.17605192697946176,0.7270593384822648,0.674663730923617,0.47793154079357025,0.1445558694190074,0.1810874373149179,0.5448343049567175,0.488836,0.408384,0.0119;0.0440;0.0887;0.1284;0.1493;0.1478;0.1292;0.1020;0.0741;0.0501;0.0319;0.0192;0.0110;0.0061;0.0032;0.0032,0.0169;0.0573;0.1069;0.1442;0.1572;0.1466;0.1212;0.0909;0.0629;0.0406;0.0247;0.0143;0.0079;0.0042;0.0021;0.0020,1.3720707891376993,1.266234235232301,0.39028016493374496,0.2686916208798096,0.34102821418644547,0.5397355868765794,0.49114363399207933,0.281891161341598,0.2535813020718878,2,G Ward,0.933079838859232,1.6801210080960758,1.7268100164952305,3.406931024591306,0.6526768935490714,0.44020155641305947,0.260608259154819,0.13687695281321788,0.0645239173517511,0.49583419769224996,0.5100219206138024,0.10963061337449387,0.1933;0.3108;0.2565;0.1448;0.0629;0.0224;0.0068;0.0018;0.0004;0.0001,0.1848;0.3052;0.2586;0.1499;0.0668;0.0244;0.0076;0.0021;0.0005;0.0001,3.5,,,10.5,[],3,3,1,2,3,2,0
v3,2026-08-28,2026-08-28,2026-08-29,12:30,League 1,Blackpool,Peterborough,6.08282349535608,4.894736002596702,10.977559497952782,10.5,0.8228089091213308,0.7337219630826484,0.6314069041679057,0.5234470229301759,0.4177734292806254,0.32106102806784764,0.23775644079777183,0.8063658347017275,0.6681732846982478,0.5279518665340939,0.0948491243810412,0.18728907467354436,0.6247874998618794,0.565814,0.339796,0.0065;0.0271;0.0612;0.0988;0.1275;0.1396;0.1346;0.1169;0.0932;0.0690;0.0480;0.0315;0.0197;0.0118;0.0068;0.0078,0.0183;0.0600;0.1090;0.1445;0.1557;0.1443;0.1191;0.0895;0.0623;0.0406;0.0250;0.0146;0.0082;0.0044;0.0023;0.0022,1.6339200942712604,1.3648488513322354,0.43533704854969946,0.2473589388795624,0.31730401257073815,0.6026010405847824,0.5765340546395513,0.2554192793543763,0.1951630151990859,2,M Coy,0.9043544352063156,1.7418502685447352,1.8563615506854463,3.5982118192301815,0.6870820213240084,0.4799788588264677,0.29575790184087186,0.1621908886031842,0.07999557083722962,0.51439392766343,0.5477921656405925,0.10360558160127764,0.1823;0.3033;0.2590;0.1514;0.0681;0.0251;0.0079;0.0022;0.0005;0.0002,0.1632;0.2890;0.2624;0.1630;0.0778;0.0304;0.0102;0.0030;0.0008;0.0002,3.5,,,10.5,"[{""market"": ""BTTS"", ""pick"": ""Yes"", ""p"": 0.603}]",3,5,4,0,0,0,0
v3,2026-08-28,2026-08-28,2026-08-29,15:00,Championship,Bolton,Lincoln,5.521221145942807,4.8436747503585025,10.36489589630131,10.5,0.7792064606661097,0.6786661992444182,0.5683153342114032,0.45703745865705087,0.352944069514701,0.26190054064999374,0.1869549515112769,0.7512261736211612,0.6642006553077957,0.48672809532597033,0.12874813089461468,0.18896421855547674,0.5750856257861698,0.517069,0.382048,0.0100;0.0385;0.0802;0.1200;0.1439;0.1467;0.1319;0.1070;0.0798;0.0553;0.0360;0.0222;0.0130;0.0073;0.0040;0.0041,0.0181;0.0603;0.1105;0.1468;0.1579;0.1456;0.1192;0.0887;0.0609;0.0391;0.0237;0.0136;0.0075;0.0040;0.0020;0.0019,1.4799010744056824,1.2340932688604764,0.42516237594089085,0.2624226596797579,0.3124149643793512,0.5511437906756218,0.5097973786498512,0.2910985908960416,0.22766020869132425,2,B Speedie,0.9070641705848422,1.5083343512780092,1.9785288212366963,3.4868631725147052,0.6673899118081451,0.45696391854262136,0.27520194020034966,0.14723005332543215,0.07075605636404021,0.4413260686952464,0.5816515012857582,0.10066455542308028,0.2284;0.3302;0.2455;0.1251;0.0491;0.0158;0.0044;0.0011;0.0002;0.0001,0.1450;0.2734;0.2641;0.1742;0.0883;0.0366;0.0130;0.0040;0.0011;0.0004,3.5,,,10.5,[],14,2,0,1,0,3,0
v3,2026-08-28,2026-08-28,2026-08-29,15:00,Championship,Bristol City,Portsmouth,5.492547187250355,4.858207476684387,10.350754663934742,10.5,0.7781069368918604,0.6773092696199515,0.5667957933375913,0.45547472874398676,0.35145380626028433,0.26057226959100865,0.18584111643759765,0.7479888841252846,0.6663289395984493,0.4861246430904766,0.1308448338480417,0.18738203091054545,0.5704190154031706,0.512719,0.386127,0.0103;0.0392;0.0814;0.1212;0.1447;0.1469;0.1315;0.1063;0.0790;0.0546;0.0355;0.0218;0.0128;0.0072;0.0039;0.0039,0.0179;0.0597;0.1098;0.1463;0.1578;0.1458;0.1196;0.0891;0.0613;0.0394;0.0239;0.0138;0.0076;0.0040;0.0020;0.0019,1.489876254586874,1.312171416495672,0.4108895700020765,0.2586881241995132,0.3304223057984103,0.5696094901245935,0.5310342881953093,0.26923480031069585,0.22540054609743443,2,J Bell,0.9929127610933298,1.7882334309209624,2.1175223502169502,3.9057557811379127,0.736703917049487,0.5411144989380021,0.35334234946731374,0.20640747776005267,0.10881726561792492,0.5278897410059751,0.617323216506969,0.12035370342350804,0.1746;0.2975;0.2604;0.1561;0.0720;0.0273;0.0088;0.0025;0.0006;0.0002,0.1272;0.2555;0.2631;0.1852;0.1001;0.0443;0.0168;0.0056;0.0016;0.0006,3.5,,,10.5,[],3,10,2,1,3,0,0
v3,2026-08-28,2026-08-28,2026-08-29,15:00,League 1,Cambridge Utd,Huddersfield,5.427101620381109,4.46715565775346,9.894257278134567,9.5,0.740261444984688,0.6314686302213557,0.5164067204409362,0.4046019600958734,0.30382291219065316,0.2188869095098233,0.151514132878172,0.7429577498798826,0.6104011578623042,0.4407037209536824,0.13342787263169728,0.22846947273587545,0.6094066044738017,0.546911,0.350538,0.0104;0.0400;0.0831;0.1236;0.1471;0.1485;0.1319;0.1056;0.0775;0.0529;0.0339;0.0205;0.0118;0.0065;0.0034;0.0034,0.0242;0.0752;0.1291;0.1611;0.1632;0.1420;0.1098;0.0773;0.0503;0.0306;0.0176;0.0096;0.0050;0.0025;0.0012;0.0010,1.3836614851462974,1.430872702030773,0.3597732010798864,0.2590922467481055,0.3811345521720081,0.5737330921253234,0.5340036953056106,0.23910016796472108,0.25065908625885197,2,H Blair,0.9886732822067325,1.745756153699842,1.843287946154821,3.589044099854663,0.6854958721366667,0.4780998957397142,0.2940570290961094,0.16093634859094347,0.07921044095174866,0.5155673660936039,0.5440714905644798,0.11441135858361884,0.1816;0.3028;0.2592;0.1518;0.0684;0.0253;0.0080;0.0022;0.0005;0.0002,0.1653;0.2906;0.2622;0.1617;0.0767;0.0298;0.0099;0.0029;0.0007;0.0002,3.5,,,10.5,"[{""market"": ""Corners total"", ""pick"": ""Under 10.5"", ""p"": 0.595}]",4,3,1,2,2,0,0
v3,2026-08-28,2026-08-28,2026-08-29,15:00,Championship,Cardiff,Sheffield Utd,6.0733536186303905,4.9990324923643765,11.072386110994767,10.5,0.8288771083348788,0.7415887664636667,0.6406611435052925,0.5334447491051255,0.4277888888088111,0.3304385216343159,0.24601710055087106,0.8049259585865922,0.6819477342105175,0.5381755773401319,0.09583242315777814,0.1774854471767138,0.6124611551242523,0.554554,0.350898,0.0066;0.0275;0.0617;0.0992;0.1277;0.1396;0.1343;0.1165;0.0928;0.0687;0.0478;0.0314;0.0197;0.0118;0.0068;0.0079,0.0168;0.0564;0.1043;0.1406;0.1538;0.1447;0.1211;0.0923;0.0651;0.0430;0.0268;0.0159;0.0090;0.0049;0.0026;0.0026,1.3710164242658862,1.3132052130082448,0.3801999823605933,0.2663090239958136,0.35349099364359315,0.549156580488118,0.5025025045471665,0.2689566101338649,0.2538488102897928,2,J Busby,0.9714632422970054,1.6543812220617875,2.141389975231589,3.7957711972933765,0.71974913666711,0.5196978883403576,0.3326688537039564,0.19014594540006394,0.09796354703188351,0.48763550529865163,0.6233596100560513,0.11303516096349786,0.1986;0.3138;0.2549;0.1418;0.0608;0.0214;0.0065;0.0017;0.0004;0.0001,0.1242;0.2524;0.2629;0.1870;0.1022;0.0457;0.0174;0.0058;0.0017;0.0006,3.5,,,10.5,[],13,2,2,2,2,2,0
v3,2026-08-28,2026-08-28,2026-08-29,15:00,Championship,Charlton,Preston,5.759985426019514,4.833755391713834,10.593740817733348,10.5,0.796405740109398,0.7000870974560842,0.5925244127241502,0.4821647751892971,0.37712830069057723,0.2836562828210083,0.20536846974246262,0.776293344766259,0.6616059278987533,0.5019019192183434,0.11297727061310386,0.19133275347554818,0.6005070350017565,0.54153,0.360258,0.0083;0.0331;0.0716;0.1107;0.1372;0.1443;0.1338;0.1118;0.0858;0.0612;0.0410;0.0260;0.0157;0.0090;0.0050;0.0054,0.0186;0.0613;0.1114;0.1471;0.1575;0.1449;0.1185;0.0881;0.0606;0.0390;0.0237;0.0137;0.0076;0.0040;0.0021;0.0019,1.4580233520751378,1.2062784558537794,0.42563625271054456,0.2651220704913737,0.3092416767980817,0.5413179527192302,0.49759065819272125,0.29930910133349975,0.23269577806883007,2,T Reeves,0.9059516319631251,1.427038126851272,2.0687484063618617,3.495786533213134,0.6690024312790153,0.4588232899615061,0.27684029023423334,0.1484063215381322,0.071472612674004,0.41439415901258253,0.6053324782261071,0.09901991410726585,0.2472;0.3384;0.2385;0.1153;0.0430;0.0132;0.0035;0.0008;0.0002;0.0000,0.1329;0.2617;0.2639;0.1817;0.0960;0.0415;0.0153;0.0049;0.0014;0.0005,3.5,,,10.5,[],7,4,1,0,1,1,0
v3,2026-08-28,2026-08-28,2026-08-29,15:00,League 2,Colchester,Rochdale,5.81018478566564,4.357665936935349,10.167850722600988,9.5,0.7634943938062501,0.6594134762545081,0.5469080404697081,0.4351771519760993,0.3322442451132417,0.24358034443806334,0.17169994345906625,0.7840795880855261,0.5918426946802121,0.45211676334798223,0.1075240940299937,0.24373396663664065,0.6598354896806765,0.595829,0.307167,0.0076;0.0311;0.0688;0.1084;0.1362;0.1449;0.1353;0.1138;0.0876;0.0626;0.0419;0.0265;0.0159;0.0091;0.0050;0.0053,0.0272;0.0813;0.1352;0.1644;0.1629;0.1391;0.1059;0.0736;0.0474;0.0286;0.0163;0.0089;0.0046;0.0023;0.0011;0.0010,1.4982504733797908,1.1072432508801213,0.45843663975384163,0.26498587881423247,0.2765774814319259,0.5235532420026567,0.4829487184686318,0.33046872587157317,0.22352087398585133,2,D Bourne,1.0137524319487994,1.7917296862678278,2.6460462998060796,4.437775986073907,0.8070739519873243,0.6365957763212265,0.4524551274699179,0.2903344438988563,0.169186829382089,0.5285078541539999,0.7316085848671707,0.21663200406049854,0.1746;0.2969;0.2600;0.1562;0.0723;0.0276;0.0090;0.0026;0.0007;0.0002,0.0770;0.1914;0.2436;0.2117;0.1411;0.0770;0.0358;0.0146;0.0053;0.0025,3.5,,,9.5,"[{""market"": ""Cards total"", ""pick"": ""Over 3.5"", ""p"": 0.637}]",5,3,1,0,1,2,0
v3,2026-08-28,2026-08-28,2026-08-29,15:00,League 2,Crawley,Bristol Rovers,5.4356257385936235,5.120873299915979,10.556499038509603,10.5,0.7936823624750261,0.6966704014105541,0.5886347904878451,0.4780982336030008,0.37318599062489904,0.280084202406711,0.20232336401794385,0.7401155100896358,0.7009107526185376,0.5067301716550512,0.13636233692697755,0.1630867138994913,0.5345638379207384,0.480727,0.418561,0.0110;0.0412;0.0841;0.1235;0.1458;0.1466;0.1302;0.1046;0.0773;0.0532;0.0345;0.0211;0.0124;0.0069;0.0037;0.0038,0.0145;0.0508;0.0978;0.1360;0.1527;0.1467;0.1249;0.0964;0.0686;0.0456;0.0286;0.0170;0.0096;0.0053;0.0028;0.0027,1.3186696785748695,1.3085611681217135,0.36746041235432875,0.2697941356560616,0.3627454519896096,0.5383204773605712,0.48838490173629373,0.27020856151297107,0.26749091426835114,2,L Doughty,1.0831492107680825,2.1910668106508786,2.748399412641788,4.9394662232926665,0.8577734960227447,0.7132103926721212,0.5409962058281865,0.3737761880579699,0.2359615690697009,0.6344155189152512,0.7495555291209375,0.22436803591152843,0.1193;0.2462;0.2612;0.1897;0.1062;0.0488;0.0192;0.0066;0.0020;0.0008,0.0701;0.1803;0.2375;0.2137;0.1477;0.0836;0.0403;0.0171;0.0065;0.0032,3.5,,,9.5,"[{""market"": ""Corners total"", ""pick"": ""Over 9.5"", ""p"": 0.589}, {""market"": ""Cards total"", ""pick"": ""Over 3.5"", ""p"": 0.713}]",2,4,0,2,3,4,0
v3,2026-08-28,2026-08-28,2026-08-29,12:30,Championship,Derby,Swansea,5.6000908163640215,4.542852128747467,10.14294294511149,9.5,0.7614478694916452,0.656927214325148,0.5441672280754463,0.43240237353661864,0.3296393818070668,0.2412948176822263,0.16981326348546533,0.7614989286634081,0.6209494255910839,0.460501788198224,0.12176176578769553,0.22090579651035097,0.618037553601921,0.55607,0.343665,0.0091;0.0360;0.0766;0.1167;0.1421;0.1468;0.1334;0.1093;0.0821;0.0573;0.0375;0.0232;0.0137;0.0077;0.0042;0.0043,0.0231;0.0724;0.1254;0.1581;0.1619;0.1425;0.1116;0.0796;0.0525;0.0324;0.0189;0.0105;0.0056;0.0028;0.0014;0.0012,1.4628400213558608,1.2119418691486163,0.4256337922498545,0.26453857310607215,0.3098276346440733,0.5433911231454218,0.5001779204244448,0.29761878119848134,0.23157765444045156,2,D Webb,0.8389028588410883,1.82298902143266,1.6542439117281045,3.4772329331607645,0.6656429041526933,0.4549544752204225,0.2734357555362794,0.1459651550045345,0.06998742260421437,0.5383269669895796,0.48780733405183024,0.09238248648896186,0.1685;0.2932;0.2618;0.1597;0.0749;0.0288;0.0094;0.0027;0.0007;0.0002,0.1983;0.3139;0.2551;0.1419;0.0608;0.0213;0.0064;0.0017;0.0004;0.0001,3.5,,,10.5,[],5,6,0,3,3,2,0
v3,2026-08-28,2026-08-28,2026-08-29,15:00,League 2,Gillingham,Northampton,5.342842246259903,5.024011393498126,10.36685363975803,10.5,0.7793583414307164,0.6788537520645093,0.5685254926066153,0.45725372369847617,0.3531504332543443,0.2620845860907578,0.18710937990632512,0.7300436382881049,0.6891020706833904,0.49070962438638643,0.1427846337419607,0.17104655298807314,0.5354880202863436,0.480877,0.417139,0.0117;0.0434;0.0876;0.1272;0.1483;0.1474;0.1293;0.1026;0.0749;0.0509;0.0326;0.0197;0.0114;0.0063;0.0034;0.0033,0.0155;0.0537;0.1019;0.1399;0.1550;0.1469;0.1233;0.0940;0.0660;0.0433;0.0267;0.0157;0.0088;0.0047;0.0024;0.0023,1.275350478219201,1.2309789639124196,0.37193801200426124,0.27724783928443764,0.3508141487113011,0.5140690999846624,0.45780945421716435,0.29200657381201633,0.27933305091321964,2,E Swallow,1.0054214130406556,1.9219454261604825,1.7605352289592955,3.682480655119778,0.7013683448035094,0.4971064434207921,0.3114495212939817,0.17390515725789776,0.087415906177178,0.5660888269954492,0.5198949409265341,0.17345102683169134,0.1533;0.2806;0.2635;0.1691;0.0834;0.0337;0.0116;0.0035;0.0010;0.0003,0.1791;0.3010;0.2597;0.1533;0.0697;0.0260;0.0083;0.0023;0.0006;0.0002,3.5,,,9.5,[],4,4,1,1,2,4,0
v3,2026-08-28,2026-08-28,2026-08-29,15:00,League 2,Grimsby,Fleetwood,5.994365848954672,4.45586124906291,10.450227098017582,10.5,0.7857500129259087,0.686772302017253,0.5774273505132376,0.4664441054271216,0.36194866489470673,0.2699569162919619,0.19373647334531588,0.8009619643233643,0.6060723715277214,0.47401814403325837,0.09750450161042169,0.23317825239063003,0.6655191357561157,0.602535,0.302826,0.0066;0.0279;0.0630;0.1015;0.1305;0.1420;0.1357;0.1166;0.0918;0.0671;0.0459;0.0297;0.0182;0.0107;0.0060;0.0067,0.0255;0.0773;0.1303;0.1607;0.1616;0.1402;0.1085;0.0766;0.0502;0.0308;0.0179;0.0099;0.0053;0.0027;0.0013;0.0012,1.3721746243598862,0.976831217221679,0.45563453611804094,0.2809288571738325,0.2634366067081266,0.46924553474096153,0.4169133882548634,0.37650226447378166,0.25355497276802286,2,R Massey-Ellis,0.9839905560204067,1.4746755129433375,2.189624226061413,3.6642997390047505,0.6983307099836428,0.4934336473772033,0.3080560984098341,0.17135046352587302,0.08578403992454173,0.43016866279501265,0.635254699415774,0.17222671570589831,0.2362;0.3336;0.2426;0.1210;0.0466;0.0147;0.0040;0.0010;0.0002;0.0000,0.1185;0.2463;0.2621;0.1905;0.1062;0.0485;0.0189;0.0064;0.0020;0.0007,3.5,,,9.5,[],7,5,2,2,2,4,0
v3,2026-08-28,2026-08-28,2026-08-29,15:00,League 1,Leyton Orient,Barnsley,5.646049269760541,4.684014808604009,10.33006407836455,10.5,0.7764904020456245,0.6753169594215449,0.5645677108920045,0.45318638068781697,0.349274488876329,0.2586324399849743,0.18421662586766438,0.7655118658006949,0.6412794556923548,0.47878259013633406,0.11946229955894588,0.20587648779023962,0.606248981709728,0.545826,0.354507,0.0089;0.0353;0.0753;0.1150;0.1407;0.1460;0.1334;0.1099;0.0831;0.0584;0.0385;0.0240;0.0143;0.0081;0.0044;0.0046,0.0208;0.0667;0.1184;0.1528;0.1601;0.1440;0.1152;0.0839;0.0564;0.0355;0.0211;0.0120;0.0065;0.0034;0.0017;0.0015,1.3957300702566635,1.2762883939697702,0.39433816059119603,0.2665913930160707,0.3390704463927333,0.5460826528882418,0.4994963623651379,0.27907118286939175,0.24765216687051206,2,S Jackson,1.0346410956051235,1.7336972741632726,2.129641753817361,3.8633390279806337,0.7302676987253989,0.5329175168111633,0.3453649731537613,0.20008148335025275,0.10456083717284807,0.5117596017831763,0.6203850340658154,0.11574583751234013,0.1840;0.3042;0.2585;0.1504;0.0674;0.0248;0.0078;0.0022;0.0005;0.0002,0.1257;0.2539;0.2630;0.1861;0.1012;0.0450;0.0171;0.0057;0.0017;0.0006,3.5,,,10.5,[],4,9,1,3,4,4,0
v3,2026-08-28,2026-08-28,2026-08-29,12:30,League 1,MK Dons,Leicester,5.464005667182713,4.910204745058912,10.374210412241624,10.5,0.7799283381812755,0.6795578743415802,0.569314763561838,0.45806621852239626,0.3539260060776346,0.2627765272748168,0.18769017937352517,0.7445164086245315,0.6734879773083713,0.4891462695062321,0.13316423359497895,0.1822338480369624,0.5614495112931568,0.504578,0.394128,0.0105;0.0400;0.0826;0.1223;0.1454;0.1470;0.1311;0.1056;0.0782;0.0539;0.0349;0.0214;0.0125;0.0070;0.0038;0.0038,0.0171;0.0578;0.1073;0.1443;0.1569;0.1462;0.1208;0.0906;0.0628;0.0406;0.0248;0.0144;0.0080;0.0042;0.0022;0.0020,1.3945970336907958,1.3681676834869299,0.37504512334249324,0.2619674081896439,0.3629874684678629,0.5642240098028601,0.5216234882332886,0.25457299075882495,0.24793292485568857,2,T Parsons,1.0216534530226569,1.8037230281027,1.9915162889290212,3.7952393170317213,0.7196650302180049,0.5195930530461322,0.3325689998359194,0.1900684490614808,0.0979125151519657,0.5324961370514575,0.5848600064087784,0.12579711497328416,0.1719;0.2956;0.2610;0.1577;0.0733;0.0280;0.0091;0.0026;0.0007;0.0002,0.1435;0.2717;0.2639;0.1752;0.0894;0.0374;0.0133;0.0042;0.0012;0.0004,3.5,,,10.5,[],4,9,0,0,0,3,0
v3,2026-08-28,2026-08-28,2026-08-29,12:30,Championship,Middlesbrough,West Brom,6.808900334929908,3.8920441351758637,10.700944470105771,10.5,0.8040835702580746,0.7097713197909894,0.6036083896237181,0.4938152921055808,0.38848375601131885,0.29400081383889304,0.21423451140596664,0.8673670756843406,0.5122595324943756,0.43509929224503463,0.05948504899951518,0.3116359517185469,0.7876595832206266,0.726627,0.195887,0.0033;0.0158;0.0404;0.0731;0.1049;0.1265;0.1333;0.1257;0.1082;0.0861;0.0639;0.0447;0.0296;0.0187;0.0113;0.0144,0.0420;0.1090;0.1606;0.1761;0.1595;0.1259;0.0895;0.0585;0.0357;0.0205;0.0112;0.0059;0.0030;0.0014;0.0007;0.0006,1.601529849436366,1.1513052857539243,0.4745149501697637,0.25499910320198554,0.2704859466282508,0.5494614431385572,0.5192283595205649,0.31622373753574723,0.20158788286323306,2,P Tierney,0.9854830188490339,1.3850585055015645,2.1842362785448373,3.5692947840464018,0.6820575713509811,0.47404216607046884,0.29039769158518974,0.1582474049433568,0.07753393158225419,0.4001920137685662,0.6340429293122816,0.10247510292437023,0.2575;0.3423;0.2343;0.1101;0.0399;0.0119;0.0030;0.0007;0.0001;0.0000,0.1190;0.2469;0.2623;0.1902;0.1058;0.0481;0.0187;0.0063;0.0019;0.0007,3.5,,,10.5,"[{""market"": ""Corner dominance"", ""pick"": ""Home"", ""p"": 0.727}]",7,6,3,1,0,1,0
v3,2026-08-28,2026-08-28,2026-08-29,15:00,League 2,Newport,Tranmere,5.787627920891678,4.5191530966675915,10.30678101755927,10.5,0.7746602453369761,0.673065182474667,0.5620537130643185,0.4506087483044433,0.346823819833743,0.25645476493907593,0.1823960364159335,0.780897513817333,0.6165341010737383,0.46953784109839247,0.10969518083847724,0.2246920381286471,0.6391187987784441,0.576666,0.325617,0.0079;0.0319;0.0699;0.1094;0.1367;0.1448;0.1348;0.1130;0.0868;0.0620;0.0415;0.0262;0.0158;0.0091;0.0050;0.0053,0.0239;0.0740;0.1268;0.1588;0.1617;0.1417;0.1106;0.0787;0.0519;0.0320;0.0187;0.0104;0.0055;0.0028;0.0014;0.0012,1.469305323798563,1.2196947474760023,0.42559630922276853,0.2637552888895825,0.3106484018876489,0.5461964266622732,0.503677090410958,0.2953203004336688,0.2300852644403839,2,E Heaslip,1.0140885751676174,1.7091951968497263,2.4884758157394997,4.197671012589226,0.7776159989284316,0.5952496966402356,0.40810038051765846,0.25155517401575234,0.14041297461597987,0.5041391000472027,0.7011536671212282,0.19310911442011014,0.1888;0.3071;0.2571;0.1477;0.0654;0.0238;0.0074;0.0020;0.0005;0.0001,0.0893;0.2095;0.2517;0.2064;0.1299;0.0669;0.0294;0.0113;0.0039;0.0017,3.5,,,9.5,[],4,6,2,2,2,2,0
v3,2026-08-28,2026-08-28,2026-08-29,15:00,Championship,Norwich,Burnley,5.688242639545144,4.558134088328874,10.246376727874019,9.5,0.7698573110449661,0.6671748780887313,0.555498724445271,0.4439095417078704,0.3404751450823083,0.25083150469030246,0.17771001251273585,0.7706298770336977,0.62279122200318,0.46781249451348744,0.11608154168887541,0.21972997075471362,0.6249934145874699,0.563052,0.337841,0.0085;0.0341;0.0735;0.1133;0.1396;0.1459;0.1341;0.1110;0.0843;0.0595;0.0394;0.0246;0.0146;0.0083;0.0046;0.0048,0.0230;0.0720;0.1247;0.1575;0.1615;0.1425;0.1119;0.0800;0.0529;0.0328;0.0192;0.0107;0.0057;0.0029;0.0014;0.0013,1.549954084808173,1.3732109111529593,0.4130542422335584,0.25243670045195843,0.3345090573144832,0.5916460984500123,0.5593772149022723,0.25329235319652404,0.21225771945691072,2,E Bell,1.021166782385899,1.8127863361276646,2.1726568450256867,3.985443181153351,0.7484521746784936,0.5562940307387849,0.36833005413228115,0.21846570531818202,0.11704894784425311,0.5349805556958288,0.6308488640841464,0.12309708472635406,0.1706;0.2944;0.2610;0.1585;0.0741;0.0284;0.0093;0.0027;0.0007;0.0002,0.1207;0.2485;0.2622;0.1891;0.1048;0.0475;0.0184;0.0062;0.0019;0.0007,3.5,,,10.5,[],3,5,4,1,4,4,1
v3,2026-08-28,2026-08-28,2026-08-29,15:00,League 1,Notts County,Burton,4.9247250657688735,4.3861514407901625,9.310876506559037,9.5,0.6851148465798564,0.5674530519354885,0.4489629589215642,0.33933382966714404,0.24524217020482986,0.16973505077458295,0.11270605318314601,0.6812934934317191,0.6002661721277186,0.39513127340283755,0.17449740250011758,0.23492850983310906,0.5647401868825309,0.503126,0.387773,0.0154;0.0545;0.1047;0.1442;0.1593;0.1495;0.1237;0.0924;0.0633;0.0404;0.0242;0.0137;0.0074;0.0038;0.0019;0.0017,0.0248;0.0774;0.1327;0.1648;0.1654;0.1422;0.1084;0.0750;0.0479;0.0285;0.0160;0.0086;0.0044;0.0021;0.0010;0.0008,1.3243130168856847,1.193497666157927,0.3931214951065974,0.2758698710620375,0.3310086338313652,0.515314778626094,0.4607473981717148,0.30315905835023893,0.2659856239702163,2,K Dowle,0.929641863639872,1.708750444618489,1.8622194045579636,3.5709698491764525,0.6823503301514593,0.4743868540634927,0.29070780568463744,0.15847474491017974,0.07767533964440462,0.5044494473262587,0.5494772856907266,0.10575828697546552,0.1882;0.3073;0.2577;0.1479;0.0653;0.0237;0.0073;0.0020;0.0005;0.0001,0.1623;0.2882;0.2626;0.1635;0.0783;0.0307;0.0103;0.0030;0.0008;0.0002,3.5,,,10.5,"[{""market"": ""Corners total"", ""pick"": ""Under 10.5"", ""p"": 0.661}]",7,1,2,1,1,5,1
v3,2026-08-28,2026-08-28,2026-08-29,15:00,League 2,Oldham,Swindon,5.863875335549482,4.222468384601438,10.08634372015092,9.5,0.7567466079050481,0.6512341120887758,0.5379113742694472,0.4260892926343952,0.32373187368895373,0.23612812502787336,0.1655618624868213,0.7901023105645004,0.5702653591136515,0.4387414150933122,0.10368985829219125,0.2609119496855994,0.6802921603190696,0.615212,0.289123,0.0072;0.0298;0.0667;0.1062;0.1347;0.1445;0.1360;0.1150;0.0890;0.0639;0.0430;0.0273;0.0164;0.0095;0.0052;0.0056,0.0304;0.0881;0.1424;0.1688;0.1633;0.1364;0.1017;0.0692;0.0437;0.0259;0.0145;0.0078;0.0040;0.0020;0.0009;0.0008,1.4305439576870578,1.1077370455177313,0.44060260753490876,0.27095739279774234,0.2884399996673489,0.5132734802165856,0.46596830722450827,0.3303055824698234,0.23917878371405424,2,D Whitestone,0.9245299166170051,1.5347919194338888,1.9452642452016864,3.480056164635575,0.6661557886917533,0.4555438666981466,0.27395332336163913,0.14633548562808055,0.07021225355342214,0.44993933706599937,0.5726548199070169,0.15815239402206738,0.2226;0.3274;0.2476;0.1282;0.0512;0.0168;0.0047;0.0012;0.0003;0.0001,0.1497;0.2776;0.2639;0.1713;0.0854;0.0349;0.0121;0.0037;0.0010;0.0003,3.5,,,9.5,[],14,4,3,0,0,3,0
v3,2026-08-28,2026-08-28,2026-08-29,15:00,League 1,Plymouth,Bradford,5.708359869508068,4.727821233540486,10.436181103048554,10.5,0.7846836312515494,0.6854476711782452,0.5759342831185736,0.46489856476285996,0.3604651599833003,0.26862602621031006,0.19261314724599687,0.7716925084360862,0.6471782984057324,0.4874883918057687,0.11567371716858571,0.20168791822134036,0.6074381524905936,0.547371,0.353743,0.0085;0.0340;0.0731;0.1126;0.1388;0.1452;0.1337;0.1111;0.0847;0.0600;0.0399;0.0251;0.0150;0.0086;0.0047;0.0050,0.0202;0.0652;0.1163;0.1511;0.1593;0.1442;0.1161;0.0851;0.0577;0.0366;0.0219;0.0125;0.0068;0.0036;0.0018;0.0016,1.4296800824493165,1.2328797526017208,0.41246316562509816,0.2661847031996501,0.3213521311752518,0.5426211585168234,0.4971599521997658,0.2914520581947749,0.23938549361562522,2,C Brook,1.0273384186228742,2.3032928009327285,2.197824228888042,4.5011170298207706,0.8142537715284582,0.6470034269703939,0.46398374313873664,0.3007400326556443,0.17715587606074526,0.6610265843690265,0.6364453348714194,0.14648906018595564,0.1069;0.2321;0.2586;0.1970;0.1154;0.0554;0.0227;0.0082;0.0026;0.0010,0.1182;0.2453;0.2614;0.1905;0.1068;0.0491;0.0193;0.0066;0.0021;0.0008,3.5,,,10.5,"[{""market"": ""Cards total"", ""pick"": ""Over 3.5"", ""p"": 0.647}]",8,6,2,0,1,2,0
v3,2026-08-28,2026-08-28,2026-08-29,12:30,League 2,Port Vale,Crewe,5.529187552180073,4.478160245844576,10.007347798024648,9.5,0.7500664859974208,0.643188046101346,0.529117372650697,0.4172624099321775,0.31551631532184216,0.22898130490962496,0.15971260868534992,0.7542430032968633,0.6115910700082794,0.4487287191543021,0.12623892437792086,0.22781687390481697,0.6185144862151098,0.555928,0.342883,0.0096;0.0375;0.0792;0.1195;0.1442;0.1477;0.1329;0.1079;0.0803;0.0555;0.0360;0.0221;0.0129;0.0072;0.0038;0.0039,0.0242;0.0750;0.1286;0.1606;0.1628;0.1419;0.1100;0.0776;0.0506;0.0309;0.0179;0.0098;0.0052;0.0026;0.0013;0.0011,1.3190299165122739,1.1369540727088565,0.40406043407766684,0.279204217234549,0.3167353486877842,0.5014487359262138,0.444847430797195,0.3207946523986912,0.2673945712473683,2,B Toner,1.0542517599204595,2.1536001786914363,2.3495500813254413,4.503150260016877,0.8144802992437383,0.6473340102030227,0.46435239757021,0.3010750112208408,0.17741413696938627,0.6257164463019654,0.6713664192086404,0.24298321062857375,0.1233;0.2509;0.2622;0.1874;0.1031;0.0465;0.0179;0.0061;0.0018;0.0007,0.1022;0.2264;0.2571;0.1996;0.1191;0.0582;0.0243;0.0089;0.0029;0.0012,3.5,,,9.5,"[{""market"": ""Cards total"", ""pick"": ""Over 3.5"", ""p"": 0.647}]",3,1,0,0,0,1,0
v3,2026-08-28,2026-08-28,2026-08-29,13:00,League 2,Rotherham,Chesterfield,5.291725706086379,4.74861771574003,10.04034342182641,9.5,0.7528735301933397,0.6465629150318145,0.5327992315591171,0.4209512859383415,0.31894343057907326,0.23195713561475273,0.16214368393063477,0.7256210098935424,0.6522284359509566,0.46043239368055056,0.14521239283413995,0.1970860130181285,0.5617516471955866,0.503537,0.392833,0.0119;0.0442;0.0892;0.1292;0.1501;0.1484;0.1293;0.1018;0.0737;0.0496;0.0314;0.0188;0.0107;0.0059;0.0031;0.0030,0.0192;0.0632;0.1147;0.1507;0.1601;0.1456;0.1175;0.0861;0.0582;0.0368;0.0219;0.0124;0.0067;0.0035;0.0017;0.0016,1.280079258957267,1.2244550463759278,0.3745857801342979,0.27731628482217263,0.3480979350435295,0.5136228877830173,0.45734947575548396,0.2939178282741139,0.27801526437996854,2,S Stockbridge,1.0915583574106904,2.065821446237823,2.1001279061793277,4.165949352417151,0.7734486003760607,0.5895673687769546,0.402179743047153,0.24652860856421527,0.13679204501583525,0.6039813575342317,0.6127158002122586,0.1918415406975671,0.1339;0.2621;0.2634;0.1811;0.0957;0.0415;0.0154;0.0050;0.0015;0.0005,0.1295;0.2577;0.2631;0.1837;0.0986;0.0434;0.0163;0.0054;0.0016;0.0006,3.5,,,9.5,[],2,0,2,1,2,1,0
v3,2026-08-28,2026-08-28,2026-08-29,15:00,League 1,Sheffield Wed,Bromley,6.820379819231081,4.038493023519776,10.858872842750857,10.5,0.8149635005129032,0.723628654648828,0.6196238877935099,0.5108142557970005,0.4052145575201753,0.30939158829498536,0.22755497807765945,0.8673183992426031,0.536690649106054,0.45623333996514237,0.05963688493592641,0.2909630149870688,0.7741828350060507,0.713118,0.208005,0.0033;0.0159;0.0405;0.0730;0.1046;0.1260;0.1328;0.1254;0.1081;0.0861;0.0641;0.0450;0.0299;0.0190;0.0115;0.0148,0.0375;0.1006;0.1528;0.1723;0.1602;0.1297;0.0944;0.0631;0.0394;0.0231;0.0129;0.0069;0.0036;0.0018;0.0008;0.0007,1.6437492963200273,1.0972607500734377,0.49753264845115347,0.2520763555332051,0.25039099601564135,0.5409571816658564,0.5163675203071517,0.3337841507781878,0.1932541153401706,2,W Finnie,0.9245566624451262,1.6051189778343098,1.7896514708286635,3.3947704486629733,0.6503960802693575,0.4376354000259729,0.2584020023331863,0.13533138404391296,0.06360523558216384,0.47249080774902213,0.5286947071742754,0.0975102102287545,0.2079;0.3196;0.2524;0.1364;0.0568;0.0194;0.0056;0.0014;0.0003;0.0001,0.1739;0.2974;0.2609;0.1564;0.0721;0.0272;0.0088;0.0025;0.0006;0.0002,3.5,,,10.5,"[{""market"": ""Corner dominance"", ""pick"": ""Home"", ""p"": 0.713}]",5,3,7,2,1,2,0
v3,2026-08-28,2026-08-28,2026-08-29,15:00,League 2,Shrewsbury,Salford,5.083603716094848,4.522792496702142,9.60639621279699,9.5,0.7140087590196844,0.6006024976857022,0.48347507729279965,0.3723332645723816,0.27450201238128263,0.1939846833725681,0.13161519689458648,0.7013152049450003,0.6204374924809578,0.4216609547614936,0.1610439450984258,0.2200348497697672,0.5658600012131748,0.505467,0.387806,0.0137;0.0497;0.0976;0.1376;0.1555;0.1494;0.1265;0.0967;0.0679;0.0444;0.0272;0.0158;0.0087;0.0046;0.0024;0.0022,0.0225;0.0718;0.1257;0.1595;0.1637;0.1438;0.1121;0.0793;0.0518;0.0316;0.0182;0.0099;0.0052;0.0026;0.0013;0.0011,1.2422138514771992,1.1673934425036179,0.37633922953838667,0.283545866632554,0.3401149038290593,0.4938382242568702,0.43279930711807546,0.31117698579806446,0.28874427289370164,2,I Searle,1.0101831385347941,1.83050986353946,2.1224628299404804,3.9529726934799405,0.7437187856866975,0.5501439588176114,0.36222387662581734,0.21352578833040062,0.11365803953209745,0.5401203709020831,0.6185147291604612,0.20114852710388886,0.1677;0.2922;0.2615;0.1603;0.0756;0.0293;0.0097;0.0028;0.0007;0.0002,0.1266;0.2549;0.2630;0.1855;0.1005;0.0446;0.0169;0.0056;0.0017;0.0006,3.5,,,9.5,[],5,3,1,0,1,0,0
v3,2026-08-28,2026-08-28,2026-08-29,15:00,Championship,Southampton,Millwall,6.202226807855104,5.043852247329505,11.246079055184609,10.5,0.8395419193598814,0.7555456816741323,0.6572353748286313,0.5515206164465605,0.44606895405211944,0.3477170322460896,0.26138274027663816,0.8158345142765887,0.6870275696577128,0.5501315596056598,0.08944674036187569,0.174163749458644,0.6196307111471621,0.561949,0.344961,0.0060;0.0254;0.0580;0.0947;0.1238;0.1373;0.1341;0.1181;0.0955;0.0717;0.0506;0.0337;0.0214;0.0130;0.0076;0.0091,0.0164;0.0552;0.1025;0.1388;0.1527;0.1445;0.1217;0.0933;0.0663;0.0441;0.0277;0.0166;0.0095;0.0052;0.0028;0.0028,1.4952124472378365,1.2903635075800166,0.41688511670917655,0.2591906964691796,0.3239241868216439,0.56589272487757,0.5271009142184129,0.2751707382581712,0.22420096879411242,2,A Herczeg,0.9557674124131803,1.6705314946836995,2.5033627078606453,4.173894202544345,0.7744985546701021,0.5909952577759323,0.4036636195790211,0.24778510167962944,0.13769479328282905,0.4923621817912487,0.7041999703876861,0.12126741433337762,0.1959;0.3117;0.2553;0.1435;0.0622;0.0222;0.0068;0.0018;0.0004;0.0001,0.0881;0.2077;0.2510;0.2070;0.1310;0.0679;0.0299;0.0116;0.0040;0.0017,3.5,,,10.5,[],8,11,5,1,2,1,0
v3,2026-08-28,2026-08-28,2026-08-29,15:00,League 1,Stevenage,Doncaster,5.2778995859682905,3.7131789505806942,8.991078536548985,8.5,0.6516475247790515,0.5300737482796662,0.4110774569664397,0.3040674735101722,0.21479934976649184,0.14517195789632048,0.09405854155193354,0.7300621188254701,0.4856870404430738,0.3416205796114076,0.14041818028616188,0.3299714878182127,0.686686079848344,0.615888,0.281011,0.0108;0.0420;0.0875;0.1295;0.1524;0.1515;0.1319;0.1032;0.0738;0.0489;0.0303;0.0177;0.0099;0.0052;0.0027;0.0024,0.0438;0.1157;0.1705;0.1843;0.1627;0.1239;0.0843;0.0524;0.0302;0.0163;0.0084;0.0041;0.0019;0.0009;0.0004;0.0003,1.2726295644045682,1.1192647148149029,0.3952299068666772,0.28396799815154095,0.3208020949817819,0.48875049269147774,0.428172067202897,0.32651979154450006,0.2800941270120246,2,O Yates,1.074992677281577,1.86549104689262,2.20132415327375,4.066815200166371,0.7599940277040428,0.5714885272897972,0.38361587993323637,0.2309960516804531,0.12576448178616598,0.5500051836872901,0.6376890035488229,0.12422729539929245,0.1622;0.2878;0.2622;0.1636;0.0786;0.0310;0.0104;0.0031;0.0008;0.0003,0.1175;0.2448;0.2616;0.1910;0.1071;0.0492;0.0193;0.0066;0.0020;0.0008,3.5,,,10.5,"[{""market"": ""Corners total"", ""pick"": ""Under 10.5"", ""p"": 0.696}]",9,9,2,2,0,3,0
v3,2026-08-28,2026-08-28,2026-08-29,15:00,League 1,Stockport,Wycombe,6.332241876038091,4.508125196049698,10.840367072087789,10.5,0.813714822017062,0.7220300966277509,0.6177669020719319,0.5088331611430813,0.40325476795494747,0.3075795877280742,0.22597875491922545,0.8295642372570037,0.6123632464500963,0.4974854415739566,0.08091020894828116,0.22916577873201807,0.6891074134909349,0.627102,0.282918,0.0051;0.0225;0.0532;0.0895;0.1200;0.1359;0.1352;0.1209;0.0989;0.0751;0.0534;0.0358;0.0228;0.0139;0.0081;0.0097,0.0251;0.0760;0.1281;0.1585;0.1602;0.1400;0.1093;0.0780;0.0517;0.0321;0.0189;0.0106;0.0057;0.0030;0.0015;0.0013,1.6807576301330582,1.3899795946670792,0.44126563317018014,0.24362153145903653,0.3151128353707834,0.6143248320969895,0.592469781160857,0.24908038714803668,0.1862328269752885,2,E Duckworth,1.0412733575901763,1.765854970429279,1.8057234886786122,3.571578459107891,0.682456647574188,0.4745120673078051,0.2908204930567069,0.15855737898159614,0.0777267543251612,0.5215536237055471,0.5332506585957844,0.12444974906002648,0.1781;0.3003;0.2599;0.1539;0.0701;0.0262;0.0083;0.0023;0.0006;0.0002,0.1714;0.2954;0.2612;0.1580;0.0735;0.0280;0.0091;0.0026;0.0007;0.0002,3.5,,,10.5,"[{""market"": ""BTTS"", ""pick"": ""Yes"", ""p"": 0.614}]",6,5,5,1,0,0,0
v3,2026-08-28,2026-08-28,2026-08-29,15:00,League 2,Walsall,Accrington,6.400405673266306,4.524771820948473,10.925177494214779,10.5,0.819380962355276,0.7293012170804064,0.6262336968020901,0.5178874535321525,0.41223316577475316,0.3159008486346006,0.23323465364256624,0.8348357754468172,0.6145175141038427,0.5027012451325127,0.0779352018875596,0.22767928300359683,0.692978960130121,0.631247,0.279671,0.0049;0.0216;0.0514;0.0872;0.1178;0.1346;0.1348;0.1215;0.1002;0.0766;0.0549;0.0371;0.0238;0.0146;0.0086;0.0104,0.0249;0.0754;0.1273;0.1578;0.1599;0.1400;0.1096;0.0784;0.0521;0.0325;0.0192;0.0108;0.0059;0.0031;0.0015;0.0014,1.4647941676062592,1.1498970456141837,0.4399907343543367,0.2665883134684281,0.29342095217723513,0.5290938297063829,0.4852522912823176,0.31666937020134156,0.23112555970883025,2,W Davis,0.935817509252443,1.5115189485099045,2.054071885103392,3.5655908336132964,0.6814094676717145,0.47327963920641497,0.2897121323307374,0.15774518518174216,0.07722176477497225,0.4423223594564057,0.6014889836910841,0.16440316044654424,0.2278;0.3299;0.2457;0.1255;0.0494;0.0160;0.0044;0.0011;0.0002;0.0001,0.1349;0.2636;0.2640;0.1805;0.0948;0.0407;0.0149;0.0048;0.0014;0.0005,3.5,,,9.5,"[{""market"": ""Corners total"", ""pick"": ""Over 9.5"", ""p"": 0.626}]",4,4,3,2,4,3,0
v3,2026-08-28,2026-08-28,2026-08-29,15:00,Championship,Watford,West Ham,5.46390015842876,5.298556389575974,10.762456548004733,10.5,0.8083817311434515,0.7152266354812343,0.609891289903101,0.5004606384227105,0.3950012898780346,0.2999752141662866,0.21938699363302996,0.7422649658338649,0.7223527424303319,0.524512577998368,0.13525764404789553,0.14864557720981564,0.5179114651982568,0.466343,0.434087,0.0109;0.0409;0.0834;0.1225;0.1447;0.1459;0.1300;0.1049;0.0779;0.0539;0.0351;0.0217;0.0128;0.0072;0.0039;0.0041,0.0126;0.0457;0.0903;0.1290;0.1486;0.1463;0.1276;0.1008;0.0734;0.0499;0.0320;0.0194;0.0113;0.0063;0.0034;0.0034,1.4215902998565206,1.3912204753455153,0.3772566267344539,0.2592324400449745,0.3635109332205716,0.5734966612337409,0.5335944876452106,0.2487714997940569,0.2413299246225397,2,R Madley,1.0080526926827567,1.9464587869992545,2.4882284912887656,4.4346872782880205,0.806717704181167,0.6360828760413642,0.4518908498295908,0.2898286056348579,0.16880208293226157,0.5721744942864152,0.70087118320267,0.14410223575846992,0.1504;0.2774;0.2631;0.1709;0.0855;0.0351;0.0123;0.0038;0.0011;0.0003,0.0895;0.2096;0.2516;0.2062;0.1298;0.0669;0.0294;0.0113;0.0039;0.0017,3.5,,,10.5,"[{""market"": ""Cards total"", ""pick"": ""Over 3.5"", ""p"": 0.636}]",3,11,1,1,3,1,0
v3,2026-08-28,2026-08-28,2026-08-29,12:30,Championship,Wolves,Stoke,5.885083233361458,4.397214431148278,10.282297664509736,10.5,0.7727230601150805,0.670686108271886,0.5594024838434039,0.4478954150923027,0.3442488828813278,0.2541708769279829,0.18049016516595615,0.7910972134139348,0.5976230911461428,0.4610479419248899,0.10333094881396818,0.23942927686077164,0.6622215928330499,0.598629,0.305342,0.0072;0.0298;0.0664;0.1056;0.1339;0.1438;0.1355;0.1150;0.0893;0.0644;0.0435;0.0278;0.0168;0.0098;0.0054;0.0059,0.0265;0.0797;0.1332;0.1629;0.1624;0.1396;0.1070;0.0748;0.0485;0.0295;0.0170;0.0093;0.0049;0.0025;0.0012;0.0010,1.6333819471552329,1.0192840629975866,0.5135363768257113,0.25368033468594686,0.23278328848834182,0.5178612202461885,0.49471015204624574,0.36085319587000475,0.1952680698777714,2,T Nield,0.9659178241140912,1.6714254330340124,2.401163167934112,4.072588600968125,0.7607957243123032,0.5725545664196712,0.3846990969193846,0.23189289536850494,0.12639451319925232,0.49270613521897,0.6830125569570464,0.10622983344708936,0.1956;0.3116;0.2555;0.1436;0.0623;0.0222;0.0068;0.0018;0.0004;0.0001,0.0970;0.2200;0.2555;0.2025;0.1233;0.0614;0.0261;0.0097;0.0032;0.0013,3.5,,,10.5,[],7,1,4,1,1,4,0
v3,2026-08-28,2026-08-28,2026-08-29,15:00,League 2,York,Exeter,6.097691256945602,4.483296671679295,10.580987928624896,10.5,0.7954764383471297,0.6989201436004641,0.5911947148983988,0.48077332167999226,0.3757781197858241,0.28243177979663875,0.20432365759067056,0.81006048566685,0.609732147560483,0.48277971725293284,0.09216436758045536,0.23062085343379057,0.6716699993725592,0.609036,0.297713,0.0061;0.0261;0.0599;0.0978;0.1273;0.1403;0.1357;0.1181;0.0941;0.0696;0.0482;0.0315;0.0196;0.0116;0.0066;0.0075,0.0252;0.0764;0.1290;0.1596;0.1611;0.1403;0.1091;0.0774;0.0509;0.0314;0.0184;0.0102;0.0055;0.0028;0.0014;0.0012,1.4867089897005703,1.1514172500108026,0.4453325169772059,0.26470590653826426,0.28996157648452986,0.5328628017850359,0.4910991546513692,0.31618833376198235,0.22611558108730717,2,O Langford,0.943811474127096,1.5505152917470535,1.7991272339707476,3.349642525717801,0.6418339041505945,0.4280782324470229,0.2502500977578329,0.12966568400251657,0.06026407116372761,0.455095958964349,0.5315001605724776,0.17585577743814818,0.2191;0.3258;0.2488;0.1301;0.0524;0.0173;0.0049;0.0012;0.0003;0.0001,0.1723;0.2962;0.2612;0.1574;0.0729;0.0277;0.0089;0.0025;0.0006;0.0002,3.5,,,9.5,"[{""market"": ""Corners total"", ""pick"": ""Over 9.5"", ""p"": 0.591}]",7,5,2,1,2,3,0
v3,2026-08-28,2026-08-28,2026-08-30,14:00,League 1,AFC Wimbledon,Wigan,5.610465167018081,4.545019808259351,10.155484975277432,9.5,0.7624800795786583,0.6581806080000485,0.5455482776039577,0.4337998595755848,0.3309506551232522,0.24244478000388361,0.17076208484568964,0.7625870730054642,0.6212216115712426,0.4614110992754146,0.12108183574431353,0.22072568716318242,0.6188204869140054,0.556859,0.343012,0.0091;0.0358;0.0763;0.1163;0.1419;0.1467;0.1335;0.1095;0.0823;0.0575;0.0377;0.0234;0.0138;0.0078;0.0042;0.0043,0.0231;0.0723;0.1253;0.1581;0.1619;0.1425;0.1117;0.0796;0.0525;0.0324;0.0189;0.0105;0.0056;0.0028;0.0014;0.0012,1.2430304158431653,1.2020745100917065,0.3692031262491583,0.28130147989875337,0.34949539385208833,0.5015256328923443,0.4420301631839135,0.30057002914060843,0.2885085908474559,2,A Humphries,0.9646829998622282,1.5246527715691338,1.6999291421634335,3.2245819137325675,0.617299098251799,0.4013442186428448,0.22798774867005495,0.1145585234865596,0.051564759397587166,0.44679533400274063,0.5020154075566646,0.1333330803025371,0.2246;0.3286;0.2470;0.1271;0.0503;0.0164;0.0045;0.0011;0.0002;0.0001,0.1895;0.3085;0.2576;0.1471;0.0645;0.0232;0.0071;0.0019;0.0005;0.0001,3.5,,,10.5,[],5,9,1,0,4,4,0
v3,2026-08-28,2026-08-28,2026-08-30,15:00,League 1,Mansfield,Luton,5.457743089047937,4.6284985319200995,10.086241620968035,9.5,0.7567380633737564,0.6512237879894507,0.5379000549993331,0.4260778953573061,0.3237212324725153,0.2361188390840286,0.16555423869113445,0.7454599495754841,0.6342211875887842,0.4601789633839037,0.13209052946949595,0.2106562760477415,0.593484088615023,0.532935,0.365042,0.0103;0.0396;0.0822;0.1224;0.1460;0.1478;0.1318;0.1060;0.0783;0.0537;0.0346;0.0211;0.0122;0.0068;0.0036;0.0036,0.0214;0.0684;0.1209;0.1551;0.1613;0.1440;0.1142;0.0823;0.0549;0.0342;0.0201;0.0112;0.0060;0.0031;0.0015;0.0013,1.4166337643327536,1.2774937009918668,0.3995087143153896,0.2651189990217629,0.3353722866628475,0.5500074941852138,0.5049358553978387,0.2787350190440215,0.24252905427630098,2,R Eley,1.014683632453148,1.8597674656867098,2.092414749991414,3.952182215678124,0.7436026360735533,0.5499936305778337,0.3620752000563991,0.2134059754776947,0.11357611605471862,0.5484758164761376,0.61095817091762,0.12335279213855432,0.1630;0.2885;0.2622;0.1631;0.0781;0.0307;0.0103;0.0030;0.0008;0.0002,0.1303;0.2587;0.2634;0.1833;0.0980;0.0429;0.0160;0.0053;0.0015;0.0005,3.5,,,10.5,[],4,7,5,2,4,2,0
v3,2026-09-01,2026-09-01,2026-09-01,19:45,League 2,Accrington,Grimsby,5.423279187038401,5.01663802562076,10.43991721265916,10.5,0.7849676906110021,0.6858003841237429,0.5763316905820028,0.4653097779891781,0.3608597132289135,0.26897985142193337,0.19291167337704804,0.7393217218238796,0.687710766167259,0.49622739770211793,0.13670475420827122,0.17217237690020826,0.5449891886653552,0.489787,0.408923,0.0110;0.0413;0.0844;0.1240;0.1463;0.1469;0.1303;0.1045;0.0770;0.0529;0.0341;0.0209;0.0122;0.0068;0.0036;0.0037,0.0157;0.0541;0.1024;0.1401;0.1549;0.1466;0.1230;0.0936;0.0658;0.0431;0.0267;0.0156;0.0088;0.0047;0.0024;0.0023,1.2921174202813819,1.3163876317949543,0.35887006728111104,0.27090416231194675,0.3702257704069422,0.5346119036882656,0.4837034707087363,0.26810203808927335,0.2746885357994176,3,M Barlow,0.9746684757870383,1.8952641403086716,1.8301064835611496,3.7253706238698214,0.7084376488350226,0.5057199444623847,0.3194693689984955,0.17998952779659327,0.09133254465221063,0.5586499497616471,0.5401831752919399,0.11780646344028334,0.1573;0.2840;0.2630;0.1666;0.0811;0.0324;0.0110;0.0033;0.0009;0.0003,0.1675;0.2923;0.2617;0.1603;0.0756;0.0292;0.0096;0.0028;0.0007;0.0002,3.5,,,10.5,[],2,8,2,2,4,1,0
v3,2026-09-01,2026-09-01,2026-09-01,20:00,Championship,Birmingham,Southampton,6.171719183408671,4.5669181434770865,10.738637326885758,10.5,0.8067265763024449,0.7131229576096241,0.6074651140323741,0.49789094174086,0.3924775241109709,0.2976585614022685,0.21738628718407735,0.8159797670112944,0.6217874517940408,0.49646707706171944,0.08880457324322774,0.22162210917041492,0.6689410942036415,0.607056,0.300432,0.0059;0.0251;0.0579;0.0952;0.1249;0.1388;0.1354;0.1189;0.0956;0.0713;0.0498;0.0329;0.0207;0.0124;0.0071;0.0082,0.0237;0.0730;0.1249;0.1566;0.1601;0.1412;0.1112;0.0799;0.0532;0.0333;0.0197;0.0111;0.0060;0.0031;0.0016;0.0014,1.418626612772571,1.384723602548629,0.3778170551399327,0.2597335055806996,0.36244943927936774,0.5717391497194512,0.5313445431282722,0.2503929982146693,0.24204621190450823,3,A Backhouse,1.0567350729949665,2.168709996622693,2.044484062678835,4.213194059301529,0.7796313169087308,0.5980119598226431,0.41099349822322134,0.25402420470201087,0.14220082586791216,0.6296775856536044,0.5984301215144768,0.09980461820345099,0.1213;0.2490;0.2621;0.1887;0.1044;0.0473;0.0183;0.0062;0.0019;0.0007,0.1367;0.2649;0.2635;0.1793;0.0939;0.0403;0.0148;0.0048;0.0014;0.0005,3.5,,,10.5,[],3,5,1,1,3,2,0
v3,2026-09-01,2026-09-01,2026-09-01,19:45,League 1,Bradford,Cambridge Utd,5.791456875499847,4.316769001747391,10.10822587724724,9.5,0.7585725756412673,0.6534422916073368,0.5403345119085247,0.42853125143179843,0.3260138239557315,0.2381211775020512,0.1671995906568647,0.7824764615455463,0.585536508509115,0.4461738206632578,0.10844168168846935,0.24862069037431028,0.6628152057041634,0.598422,0.304427,0.0077;0.0314;0.0693;0.1091;0.1368;0.1452;0.1354;0.1135;0.0872;0.0621;0.0414;0.0261;0.0157;0.0090;0.0049;0.0052,0.0280;0.0832;0.1374;0.1658;0.1632;0.1384;0.1047;0.0723;0.0463;0.0278;0.0158;0.0085;0.0044;0.0022;0.0011;0.0009,1.4580551935741117,1.078010275084029,0.4547336288613572,0.26943277350684636,0.2758335976317964,0.5099505679810659,0.4654043211069545,0.340271899999973,0.23268836880441313,3,S Oldham,0.9551256092334254,1.5285792980334667,2.078298912113612,3.6068782101470784,0.6885756552934525,0.4817523232661635,0.2973669910524436,0.16338047738541991,0.0807417753493415,0.447851859037432,0.6076779962158986,0.09699144646867752,0.2241;0.3280;0.2470;0.1275;0.0507;0.0166;0.0046;0.0011;0.0003;0.0001,0.1318;0.2605;0.2638;0.1824;0.0968;0.0421;0.0156;0.0051;0.0015;0.0005,3.5,,,10.5,[],12,3,1,2,1,0,0
v3,2026-09-01,2026-09-01,2026-09-01,19:45,League 2,Bristol Rovers,Colchester,5.954562214008062,4.152478253818897,10.107040467826959,9.5,0.7584739296189472,0.6533228992821779,0.5402033899091928,0.42839900281171256,0.3258901397562456,0.23801306351023407,0.16711067873394225,0.7990872157662889,0.5585914384277301,0.4347715131543361,0.09822118803991192,0.27055547390793194,0.6962718591974755,0.630918,0.275219,0.0066;0.0280;0.0636;0.1027;0.1320;0.1433;0.1364;0.1167;0.0913;0.0662;0.0449;0.0288;0.0175;0.0102;0.0057;0.0061,0.0323;0.0920;0.1463;0.1709;0.1631;0.1346;0.0993;0.0670;0.0419;0.0246;0.0137;0.0073;0.0037;0.0018;0.0009;0.0007,1.5765115548450834,1.131509230419616,0.4728052645063057,0.25753822345287364,0.2696565120408207,0.5409954291544475,0.5083382661058705,0.32254609251887495,0.2066948857780464,3,A Chilowicz,0.907964071384889,1.8977763357813595,1.8073936702943314,3.705170006075691,0.7051249786084529,0.5016721006800028,0.3156897383402225,0.177113885742727,0.0894761713774603,0.5593675487115307,0.533632921370549,0.11954542310121485,0.1569;0.2837;0.2631;0.1668;0.0813;0.0325;0.0111;0.0033;0.0009;0.0003,0.1712;0.2951;0.2611;0.1581;0.0736;0.0281;0.0092;0.0026;0.0007;0.0002,3.5,,,10.5,[],3,2,2,0,3,1,0
v3,2026-09-01,2026-09-01,2026-09-01,19:45,League 1,Bromley,Leyton Orient,5.296614182724128,4.640028802642191,9.93664298536632,9.5,0.7439697794970889,0.6358884661293417,0.521186811112656,0.4093496569667379,0.30819549197146373,0.2226508048080613,0.15456236595271447,0.7268287418959616,0.6366954120503964,0.4498259229762273,0.14422232013668437,0.20845187302792295,0.5750918559773381,0.515335,0.380757,0.0117;0.0438;0.0887;0.1289;0.1502;0.1487;0.1297;0.1021;0.0739;0.0497;0.0314;0.0188;0.0107;0.0058;0.0030;0.0029,0.0209;0.0675;0.1200;0.1549;0.1616;0.1446;0.1148;0.0828;0.0552;0.0343;0.0202;0.0112;0.0060;0.0031;0.0015;0.0013,1.5240543569099936,1.346391593525729,0.41224722507576606,0.25509936697767605,0.3326534079465579,0.5821580920932292,0.547167587565817,0.2601773946441544,0.21782694604739578,3,S Parkinson,0.9626068224100377,1.711588428080574,2.2386237140231295,3.9502121421037035,0.7433129710625078,0.5496188489828636,0.36170465618731446,0.2131074647569254,0.11337207181766057,0.5050389654638407,0.6466402134850385,0.10219920169504093,0.1881;0.3069;0.2575;0.1480;0.0656;0.0239;0.0074;0.0020;0.0005;0.0001,0.1133;0.2401;0.2608;0.1935;0.1102;0.0514;0.0205;0.0071;0.0022;0.0008,3.5,,,10.5,"[{""market"": ""Corners total"", ""pick"": ""Under 10.5"", ""p"": 0.591}]",2,4,0,5,3,2,0
v3,2026-09-01,2026-09-01,2026-09-01,19:45,League 2,Cheltenham,York,5.255880819036688,4.795619723890978,10.051500542927666,9.5,0.7538172325672092,0.6476995141202837,0.5340414040522425,0.4221980175591978,0.32010373395647346,0.23296642283279648,0.16296966185115774,0.7210720788909685,0.6589777805893564,0.46231610334403694,0.14830688823127836,0.19213755958715684,0.5523465213757828,0.494998,0.401175,0.0123;0.0453;0.0907;0.1306;0.1509;0.1484;0.1287;0.1008;0.0726;0.0487;0.0307;0.0183;0.0104;0.0057;0.0030;0.0029,0.0184;0.0614;0.1123;0.1489;0.1594;0.1461;0.1187;0.0876;0.0596;0.0379;0.0227;0.0129;0.0070;0.0037;0.0018;0.0017,1.2794068696762542,1.4060698947214132,0.33789019591745084,0.26574386438431774,0.3963659396982314,0.5485617455506515,0.5028111659432144,0.24510467991708187,0.27820226172415524,3,S Copeland,0.9225354684821276,1.5755859864503414,1.7328464242336263,3.3084324106839675,0.6338800757639581,0.4193066360416192,0.24285804438191447,0.12458975733742143,0.05730664064716966,0.46316422367946924,0.5119081323259859,0.10567715063435223,0.2138;0.3230;0.2506;0.1331;0.0544;0.0182;0.0052;0.0013;0.0003;0.0001,0.1836;0.3045;0.2590;0.1506;0.0673;0.0246;0.0077;0.0021;0.0005;0.0001,3.5,,,10.5,[],4,4,3,2,1,0,0
v3,2026-09-01,2026-09-01,2026-09-01,19:45,League 2,Chesterfield,Gillingham,5.849744675808487,3.8389444264296344,9.688689102238122,9.5,0.7217042935098164,0.6095747946522589,0.4929674005485101,0.38155599558616543,0.2828111463488804,0.20098146461506766,0.13715830002944235,0.7910381706164047,0.5061780486815594,0.38867060298522993,0.10259252832001525,0.3140046168127719,0.7230240694094274,0.655411,0.251075,0.0070;0.0293;0.0663;0.1064;0.1355;0.1456;0.1370;0.1156;0.0892;0.0636;0.0425;0.0267;0.0160;0.0091;0.0050;0.0052,0.0411;0.1095;0.1634;0.1798;0.1621;0.1266;0.0885;0.0567;0.0337;0.0189;0.0100;0.0051;0.0025;0.0012;0.0005;0.0004,1.4288124193902265,1.1041735307357687,0.4409616502945822,0.2712331329265512,0.28780521677886667,0.5121024935098509,0.4646199607192557,0.3314847310043378,0.23959328970077454,3,R Martin,0.9885202930955835,1.5924701461307145,2.48600826243465,4.078478408565364,0.7616112559108671,0.5736404391288839,0.38580392896322024,0.23280884709642682,0.12703882052106819,0.46805823992109347,0.7007668501129379,0.1381982539999551,0.2112;0.3208;0.2510;0.1348;0.0559;0.0190;0.0056;0.0014;0.0003;0.0001,0.0895;0.2098;0.2519;0.2064;0.1298;0.0668;0.0293;0.0112;0.0039;0.0017,3.5,,,10.5,"[{""market"": ""Corner dominance"", ""pick"": ""Home"", ""p"": 0.655}]",8,2,1,1,1,2,0
v3,2026-09-01,2026-09-01,2026-09-01,19:45,League 2,Crewe,Walsall,6.235332217434876,4.500706859162105,10.736039076596981,10.5,0.8065453253085684,0.7128928131126291,0.6071999448103041,0.4976103582790916,0.392202222652857,0.29740609734229806,0.21716846553917843,0.8217149204118672,0.6117038408666183,0.4918767248815711,0.08540321961018746,0.2294406764113337,0.6817150870053786,0.619446,0.289212,0.0055;0.0240;0.0559;0.0929;0.1230;0.1378;0.1355;0.1198;0.0970;0.0728;0.0512;0.0340;0.0215;0.0129;0.0075;0.0087,0.0251;0.0760;0.1283;0.1589;0.1606;0.1401;0.1093;0.0778;0.0514;0.0319;0.0187;0.0105;0.0056;0.0029;0.0015;0.0013,1.3694089581191535,1.1885102604121034,0.40627608974872426,0.27269619328099337,0.3210277169702823,0.5223161554732499,0.4709557434014056,0.30467481227774573,0.2542571918005123,3,O Mackey,0.9934278594487094,1.8741525476469445,2.1388275935158307,4.0129801411627755,0.7524090010608897,0.5614711170305463,0.373506175340805,0.2226825136273435,0.11996374839397737,0.5524939807133737,0.6225264318686053,0.12551519984248716,0.1608;0.2867;0.2624;0.1645;0.0793;0.0314;0.0106;0.0032;0.0008;0.0003,0.1247;0.2528;0.2628;0.1867;0.1019;0.0456;0.0174;0.0058;0.0017;0.0006,3.5,,,10.5,[],9,4,2,2,0,2,0
v3,2026-09-01,2026-09-01,2026-09-01,19:45,League 1,Doncaster,Notts County,5.199003484268125,4.740817160872761,9.939820645140887,9.5,0.7442461750925957,0.6362184998550414,0.5215444031574429,0.4097054797981942,0.30852380435400983,0.22293393443927795,0.1547920833070054,0.7144890202704408,0.6516081483711098,0.45253593405145276,0.15259160685093465,0.1973278939487395,0.5525452647089115,0.494731,0.400636,0.0128;0.0468;0.0930;0.1329;0.1524;0.1487;0.1279;0.0995;0.0711;0.0473;0.0296;0.0175;0.0099;0.0053;0.0028;0.0026,0.0191;0.0633;0.1149;0.1511;0.1604;0.1459;0.1176;0.0860;0.0580;0.0366;0.0217;0.0122;0.0066;0.0034;0.0017;0.0015,1.4282505633898253,1.188613307629807,0.4217866354048185,0.2681236209790965,0.310089743616085,0.5323796106586158,0.48579572323963555,0.3046434180036103,0.23972794445299678,3,Z Kennard-Kettle,1.1082963083172457,2.234078325653769,2.2087402630709616,4.44281858872473,0.8076543244579498,0.6374320585656659,0.4533759546734259,0.29116060047005193,0.1698157425860389,0.6451081463038274,0.6391092083137065,0.12941473729347297,0.1141;0.2408;0.2606;0.1929;0.1098;0.0512;0.0204;0.0071;0.0022;0.0009,0.1169;0.2439;0.2612;0.1912;0.1077;0.0497;0.0196;0.0068;0.0021;0.0008,3.5,,,10.5,"[{""market"": ""Corners total"", ""pick"": ""Under 10.5"", ""p"": 0.59}, {""market"": ""Cards total"", ""pick"": ""Over 3.5"", ""p"": 0.637}]",4,6,1,1,2,3,0
v3,2026-09-01,2026-09-01,2026-09-01,19:45,League 2,Exeter,Barnet,5.355510455630212,5.192553871011052,10.548064326641263,10.5,0.7930615078381049,0.6958928184517992,0.587751088414793,0.47717591395267783,0.3722933748653576,0.27927679587207294,0.20163624747638045,0.730550112668507,0.7102250704966471,0.5067895620585032,0.14274216990002428,0.15659837114929925,0.517921479662097,0.465618,0.433395,0.0118;0.0435;0.0875;0.1267;0.1477;0.1468;0.1290;0.1026;0.0751;0.0513;0.0329;0.0200;0.0116;0.0065;0.0035;0.0035,0.0136;0.0485;0.0945;0.1332;0.1513;0.1469;0.1263;0.0984;0.0706;0.0473;0.0299;0.0179;0.0102;0.0056;0.0030;0.0029,1.3213529814159974,1.2655602791164315,0.37703831639096064,0.2721201153487207,0.35084156826031865,0.5301718473923226,0.4782801295178156,0.2820812076480355,0.2667741172599286,3,S Gill,0.969231825107094,1.8042316039567141,1.854858817377775,3.659090421334489,0.6974558340872979,0.49237897216057896,0.30708453702051164,0.17062120631218483,0.08531959376601626,0.5327490822004125,0.547316066008067,0.11729165193017621,0.1717;0.2955;0.2611;0.1578;0.0733;0.0280;0.0091;0.0026;0.0007;0.0002,0.1635;0.2892;0.2624;0.1628;0.0777;0.0304;0.0101;0.0030;0.0008;0.0002,3.5,,,10.5,[],1,2,1,1,1,4,0
v3,2026-09-01,2026-09-01,2026-09-01,19:45,League 2,Fleetwood,Oldham,6.0244079496841625,4.328015131852309,10.352423081536472,10.5,0.7782368858622922,0.6774695638636835,0.5669752110567351,0.4556591577264664,0.3516295988225115,0.26072887848745463,0.18597237957568552,0.8044440175585125,0.5862929526863836,0.4602476443294774,0.09527671507733076,0.2486272319947439,0.6825653394834986,0.618625,0.287699,0.0064;0.0271;0.0618;0.1003;0.1297;0.1418;0.1361;0.1174;0.0927;0.0679;0.0465;0.0301;0.0185;0.0109;0.0061;0.0068,0.0283;0.0834;0.1370;0.1651;0.1624;0.1380;0.1047;0.0726;0.0467;0.0282;0.0161;0.0088;0.0046;0.0023;0.0011;0.0010,1.298516741860393,1.2200213292837754,0.3804996076294869,0.2762844775917864,0.3432159147787267,0.5162466825425841,0.4609332978159093,0.29522386994315997,0.2729363279750375,3,W Davis,0.9645563225267789,2.0234900210722664,2.1041735089411295,4.127663530013396,0.7683303410597311,0.582642497026513,0.39502023853038365,0.24049724167969758,0.1324808740225183,0.5930269501097578,0.6137704476953686,0.12757989151733906,0.1394;0.2676;0.2636;0.1777;0.0921;0.0392;0.0142;0.0045;0.0013;0.0004,0.1290;0.2572;0.2631;0.1840;0.0990;0.0436;0.0164;0.0054;0.0016;0.0006,3.5,,,10.5,[],7,4,1,1,1,0,0
v3,2026-09-01,2026-09-01,2026-09-01,19:45,League 1,Huddersfield,Oxford Utd,5.6041384204285505,4.788852341507138,10.392990761935689,10.5,0.7813781434164567,0.6813506229615605,0.5713263167704374,0.4601390317003769,0.3559066041791315,0.2645453211959455,0.1891763497825572,0.7604818141836959,0.6562348574526038,0.48694086865980474,0.12278449141019879,0.19487325224427754,0.5899364330671959,0.530905,0.369031,0.0093;0.0364;0.0770;0.1167;0.1417;0.1461;0.1328;0.1089;0.0820;0.0574;0.0377;0.0235;0.0139;0.0079;0.0043;0.0045,0.0191;0.0626;0.1132;0.1489;0.1586;0.1450;0.1178;0.0870;0.0594;0.0379;0.0228;0.0131;0.0072;0.0038;0.0019;0.0018,1.5593596078171135,1.2623678909846276,0.43908364621779955,0.25559230124325777,0.3053240525389426,0.5697631468007354,0.5357094726982554,0.2829831592713569,0.21027068379593064,2,B Speedie,0.9051682209898368,1.498047019480059,2.127682482216767,3.625729501696826,0.6918052709055527,0.48560065043968886,0.30087106407279196,0.1659802423089662,0.08237836559572917,0.4378814958949389,0.6201151275446888,0.09828102628509494,0.2309;0.3313;0.2446;0.1238;0.0484;0.0155;0.0043;0.0010;0.0002;0.0001,0.1257;0.2542;0.2632;0.1861;0.1010;0.0449;0.0170;0.0056;0.0017;0.0006,3.5,,,10.5,[],5,0,3,1,2,2,0
v3,2026-09-01,2026-09-01,2026-09-01,19:45,League 1,Leicester,Plymouth,6.024320158232183,4.740449415803948,10.76476957403613,10.5,0.8085418407714658,0.7154303276098367,0.6101264336129888,0.5007099307544337,0.3952463608996577,0.300200388875372,0.2195816450995676,0.8020242271819831,0.6473650516952058,0.5080586728507017,0.09723665940012423,0.20224513296759783,0.6364006133456432,0.575983,0.329081,0.0067;0.0279;0.0627;0.1007;0.1294;0.1409;0.1349;0.1164;0.0921;0.0677;0.0466;0.0304;0.0188;0.0112;0.0064;0.0072,0.0205;0.0655;0.1162;0.1504;0.1583;0.1434;0.1158;0.0852;0.0580;0.0370;0.0223;0.0128;0.0071;0.0037;0.0019;0.0018,1.5066186937928316,1.2773852948472606,0.4225612485482832,0.2588851103169519,0.31855364113476486,0.5649346995445323,0.5267245752686157,0.27876523727069386,0.2216582065211287,3,H Wager,1.0332312043968137,1.758898752253547,2.439203523747732,4.198102276001279,0.7776722011009519,0.5953266019051551,0.40818079572671284,0.25162368800183116,0.1404625041641973,0.5190266886477196,0.6909598930813977,0.1099464147642969,0.1799;0.3010;0.2591;0.1529;0.0696;0.0260;0.0083;0.0023;0.0006;0.0002,0.0936;0.2154;0.2539;0.2043;0.1262;0.0638;0.0275;0.0104;0.0035;0.0015,3.5,,,10.5,[],5,9,2,0,3,1,0
v3,2026-09-01,2026-09-01,2026-09-01,19:45,Championship,Lincoln,Blackburn,5.939425602215344,4.77667366173501,10.716099263950355,10.5,0.8051497313735189,0.7111222175303236,0.6051615792310125,0.4954552887359767,0.3900894728702053,0.29547021246799654,0.2154995994699746,0.79400294964774,0.652836480181595,0.5070321524637245,0.10208929693872898,0.19806340236191977,0.6243754000741647,0.564404,0.339546,0.0072;0.0295;0.0654;0.1039;0.1319;0.1421;0.1347;0.1150;0.0901;0.0656;0.0448;0.0289;0.0178;0.0105;0.0059;0.0066,0.0198;0.0639;0.1143;0.1491;0.1580;0.1440;0.1168;0.0863;0.0590;0.0378;0.0229;0.0132;0.0073;0.0039;0.0020;0.0018,1.3722776372359338,1.197834867944893,0.40500337190346414,0.272037547081399,0.3229590810151369,0.5249247989932488,0.4740417267224738,0.30184704363364073,0.2535288546863142,3,W Finnie,0.9231424110181763,1.5890418646170907,2.044354212852654,3.6333960774697447,0.6931111358861867,0.48716200918055624,0.30229761216088763,0.1670422537370186,0.08304920134098494,0.4672485526526158,0.5989099530808355,0.089294345105837,0.2114;0.3214;0.2512;0.1345;0.0555;0.0188;0.0055;0.0014;0.0003;0.0001,0.1362;0.2649;0.2640;0.1797;0.0939;0.0402;0.0147;0.0047;0.0013;0.0005,3.5,,,10.5,[],5,7,0,0,1,5,1
v3,2026-09-01,2026-09-01,2026-09-01,19:45,League 2,Northampton,Crawley,6.387501783897838,3.94209956222049,10.329601346118327,10.5,0.7764541434479914,0.6752723085382314,0.5645178165353868,0.45313517841579526,0.3492257658198074,0.2585891064195292,0.18418036612291977,0.8371568444636945,0.5221047075058247,0.4267074007524193,0.07600986602792312,0.30201736837523124,0.7538346702705776,0.689716,0.225227,0.0046;0.0209;0.0506;0.0868;0.1183;0.1359;0.1364;0.1228;0.1009;0.0768;0.0546;0.0365;0.0232;0.0141;0.0082;0.0095,0.0393;0.1049;0.1579;0.1759;0.1611;0.1283;0.0917;0.0601;0.0367;0.0211;0.0115;0.0060;0.0030;0.0015;0.0007;0.0005,1.385866355407251,1.0028844748529018,0.4531310031390904,0.278683839800932,0.26818515705997764,0.478642720079193,0.4273494733061402,0.36681983111843974,0.25010702433003845,3,A Dale,0.959364692430867,1.9530232631300952,2.209865822923731,4.162889086053826,0.7730430590922055,0.5890165230313187,0.4016079957801812,0.24604506330684764,0.13644505716691346,0.5741884319580678,0.6396392872998012,0.12813773409264206,0.1492;0.2766;0.2633;0.1716;0.0861;0.0354;0.0125;0.0038;0.0011;0.0003,0.1166;0.2438;0.2613;0.1915;0.1078;0.0497;0.0196;0.0068;0.0021;0.0008,3.5,,,10.5,"[{""market"": ""Corner dominance"", ""pick"": ""Home"", ""p"": 0.69}]",4,4,1,1,1,2,1
v3,2026-09-01,2026-09-01,2026-09-01,19:45,League 1,Peterborough,Stevenage,5.273430966399121,4.614537845831671,9.887968812230792,9.5,0.7397078410027396,0.6308101050248812,0.5156959196255239,0.4038973645699787,0.30317526372524795,0.2183305142563893,0.15106441731127176,0.7242182486673171,0.6330997577331274,0.4454882163594984,0.14589624039735566,0.2110549871312315,0.5756255958767057,0.515621,0.380136,0.0119;0.0444;0.0896;0.1299;0.1508;0.1488;0.1294;0.1016;0.0732;0.0491;0.0309;0.0184;0.0105;0.0057;0.0030;0.0028,0.0213;0.0685;0.1213;0.1558;0.1620;0.1444;0.1142;0.0821;0.0544;0.0338;0.0197;0.0110;0.0058;0.0030;0.0015;0.0013,1.4283076520864832,1.3720453005495035,0.38284565044385244,0.25982138091853496,0.3573329686376126,0.5710604065577098,0.5306304475326044,0.2535877655836429,0.239714259087739,3,D Drysdale,0.9600961575023703,1.6088718694862563,1.9561538265680747,3.565025696054331,0.6813104914587308,0.4731632536937765,0.2896075529251394,0.15766861629519738,0.0771741981227661,0.47356645403411285,0.5755454934467022,0.10674117536768613,0.2073;0.3191;0.2525;0.1368;0.0571;0.0196;0.0057;0.0015;0.0003;0.0001,0.1482;0.2762;0.2639;0.1722;0.0864;0.0355;0.0124;0.0038;0.0010;0.0003,3.5,,,10.5,"[{""market"": ""Corners total"", ""pick"": ""Under 10.5"", ""p"": 0.596}]",3,3,0,0,1,1,0
v3,2026-09-01,2026-09-01,2026-09-01,19:45,Championship,Portsmouth,Derby,6.315404824659436,4.385096423088136,10.700501247747571,10.5,0.8040523176833198,0.7097317434154754,0.6035629129644575,0.4937673013571456,0.3884367953743645,0.29395786464259144,0.21419755527277975,0.8289191920919358,0.5938629547645553,0.4816600421871533,0.0811426622178856,0.24342824741867367,0.7009921510650324,0.638199,0.272224,0.0051;0.0226;0.0534;0.0899;0.1205;0.1365;0.1355;0.1210;0.0988;0.0748;0.0530;0.0354;0.0225;0.0137;0.0079;0.0094,0.0276;0.0815;0.1343;0.1627;0.1612;0.1382;0.1059;0.0742;0.0483;0.0295;0.0171;0.0095;0.0050;0.0026;0.0013;0.0011,1.6685505808590233,1.1920206788012038,0.4817190181027065,0.24870632607861015,0.2695746558186834,0.5685239746291364,0.5448585973156161,0.3036071512788342,0.18852011237069433,3,S Allison,0.991718302987189,1.3994071248077666,2.818918274359574,4.218325399167341,0.7802940555012917,0.5989223908928882,0.41194921911322113,0.254841678891647,0.1427941078471661,0.4047566437310781,0.762305926416889,0.10999338256792346,0.2547;0.3405;0.2352;0.1118;0.0411;0.0125;0.0032;0.0007;0.0002;0.0000,0.0652;0.1725;0.2335;0.2154;0.1524;0.0881;0.0434;0.0187;0.0072;0.0036,3.5,,,10.5,[],11,2,0,2,1,2,0
v3,2026-09-01,2026-09-01,2026-09-01,19:45,Championship,Preston,Bristol City,5.907296369260492,4.716966683113433,10.624263052373925,10.5,0.7986160705314046,0.7028671591476846,0.5956972965631081,0.48549037918011323,0.3803604734544299,0.28659233245911525,0.20787771335754515,0.7913279491769278,0.6446507425423972,0.4986709814439205,0.10362450966546803,0.2039808836416321,0.6280239193267108,0.567482,0.336117,0.0073;0.0300;0.0664;0.1050;0.1329;0.1427;0.1347;0.1147;0.0895;0.0649;0.0441;0.0284;0.0173;0.0102;0.0057;0.0063,0.0207;0.0661;0.1172;0.1514;0.1589;0.1436;0.1155;0.0846;0.0574;0.0364;0.0219;0.0125;0.0068;0.0036;0.0018;0.0017,1.3911882871066132,1.2332238533742736,0.40233318443050053,0.26897085422413974,0.3286959613453598,0.536081683026296,0.4876815535098802,0.2913517865691493,0.24877950743939964,3,R Ricardo,1.1140382159448132,2.174077015428284,2.0534515194288336,4.227528534857118,0.7814784059374704,0.6005519311845438,0.4136625028078718,0.25630943035812703,0.143860998724785,0.6309695191771917,0.6007398979701932,0.12155396942316432,0.1207;0.2483;0.2620;0.1890;0.1048;0.0477;0.0185;0.0063;0.0019;0.0007,0.1355;0.2637;0.2634;0.1800;0.0947;0.0408;0.0150;0.0049;0.0014;0.0005,3.5,,,10.5,"[{""market"": ""Cards total"", ""pick"": ""Over 3.5"", ""p"": 0.601}]",5,2,1,3,2,0,0
v3,2026-09-01,2026-09-01,2026-09-01,19:45,League 2,Rochdale,Shrewsbury,5.2085909478783385,4.102132402894428,9.310723350772767,9.5,0.6850993628470975,0.5674355102280204,0.4489449258219525,0.3393168047372302,0.24522726603569533,0.16972285597086462,0.11269666563281974,0.7193621973995181,0.5532353520340361,0.3846189912976412,0.14815104599951234,0.2727992617005655,0.6311907392501372,0.564564,0.329879,0.0119;0.0449;0.0913;0.1325;0.1534;0.1506;0.1298;0.1007;0.0716;0.0473;0.0293;0.0171;0.0095;0.0051;0.0026;0.0024,0.0318;0.0924;0.1485;0.1740;0.1655;0.1355;0.0987;0.0654;0.0401;0.0231;0.0125;0.0065;0.0032;0.0015;0.0007;0.0005,1.3006309386924633,1.0721730274650532,0.41355376033443275,0.2840012861704139,0.30244495349515327,0.4824949402893785,0.4231699871915448,0.34226395975472157,0.2723598964146776,3,S Mather,0.9924442759604025,1.7611841377554485,2.086159902189331,3.8473440399447796,0.7278073409313709,0.5298059016621333,0.3423578364172068,0.19771349299869162,0.10297867386425925,0.5199645593255225,0.6094647986721885,0.12592408054923243,0.1792;0.3008;0.2595;0.1533;0.0697;0.0260;0.0083;0.0023;0.0006;0.0002,0.1310;0.2595;0.2635;0.1828;0.0975;0.0426;0.0159;0.0052;0.0015;0.0005,3.5,,,10.5,[],1,3,3,0,1,4,0
v3,2026-09-01,2026-09-01,2026-09-01,19:45,League 2,Salford,Newport,6.61920069808401,3.887003923629304,10.506204621713314,10.5,0.7899581203452423,0.6920133582203191,0.5833505148893621,0.4725917087332008,0.3678651805904959,0.27527887452222544,0.19824036537211112,0.8545970517319486,0.5120071722729471,0.42783753633547544,0.06633996113937435,0.3113019739282533,0.775744023489323,0.71323,0.206184,0.0038;0.0179;0.0447;0.0791;0.1109;0.1309;0.1350;0.1248;0.1052;0.0820;0.0597;0.0410;0.0266;0.0165;0.0098;0.0120,0.0416;0.1088;0.1609;0.1767;0.1600;0.1262;0.0895;0.0583;0.0354;0.0203;0.0111;0.0058;0.0029;0.0014;0.0007;0.0005,1.5228471255148872,1.0742093812517655,0.47249012929642425,0.26354702502899563,0.26396284567458006,0.5184905260584965,0.4808312249921581,0.3415676984020421,0.21809007237058653,3,M Russell,0.8927714935117818,1.638818440019825,1.8983857176337489,3.5372041576535738,0.6764082632742205,0.467420223917968,0.28446629128780704,0.15391837511477025,0.07485309346649761,0.48297294775911515,0.5596757149903326,0.10862799539485046,0.2014;0.3157;0.2543;0.1402;0.0595;0.0207;0.0062;0.0016;0.0004;0.0001,0.1567;0.2836;0.2633;0.1670;0.0814;0.0325;0.0111;0.0033;0.0009;0.0003,3.5,,,10.5,"[{""market"": ""Corner dominance"", ""pick"": ""Home"", ""p"": 0.713}]",10,0,2,1,1,3,0
v3,2026-09-01,2026-09-01,2026-09-01,19:45,Championship,Sheffield Utd,Bolton,5.680783615319734,5.138919546706064,10.819703162025798,10.5,0.8123123511561984,0.7202372043534245,0.6156871242314444,0.5066175363688699,0.40106608403737537,0.30555882850791855,0.2242234337415316,0.7664632740734945,0.7018125858689708,0.5264424779914041,0.11954812719037217,0.16292905351382753,0.5582810305591455,0.503326,0.398238,0.0091;0.0354;0.0750;0.1140;0.1391;0.1445;0.1324;0.1097;0.0836;0.0592;0.0395;0.0249;0.0150;0.0086;0.0048;0.0052,0.0146;0.0509;0.0974;0.1353;0.1518;0.1460;0.1246;0.0965;0.0690;0.0461;0.0291;0.0174;0.0100;0.0055;0.0029;0.0029,1.555545267150437,1.122319292613669,0.46963087991687436,0.2595616721101597,0.27080744797296596,0.535710171635362,0.5009376545184165,0.32552393317613854,0.21107425939740976,3,T Harrington,1.0199934279160614,1.7646499414084866,2.2003136764378923,3.964963617846379,0.7454753255717373,0.5524207877386537,0.3644790618718247,0.21534587993114185,0.11490441429252145,0.5209031167835666,0.6375422252317302,0.1188795830537206,0.1787;0.3004;0.2595;0.1536;0.0700;0.0262;0.0084;0.0024;0.0006;0.0002,0.1175;0.2449;0.2617;0.1910;0.1071;0.0492;0.0192;0.0066;0.0020;0.0008,3.5,,,10.5,[],5,5,3,2,0,2,0
v3,2026-09-01,2026-09-01,2026-09-01,20:00,Championship,Stoke,Norwich,5.286552773489665,4.738969999334012,10.025522772823678,9.5,0.7516156825134849,0.6450495242719796,0.5311469788464622,0.4192946832825346,0.31740326373462846,0.23061880983486638,0.16104956032594897,0.7250624366310148,0.6508967724951306,0.4590810683815734,0.14556363372483694,0.19803984829380528,0.5623244807504474,0.504001,0.392281,0.0119;0.0443;0.0893;0.1294;0.1502;0.1484;0.1293;0.1017;0.0735;0.0495;0.0313;0.0187;0.0107;0.0058;0.0031;0.0030,0.0193;0.0636;0.1151;0.1511;0.1602;0.1456;0.1173;0.0858;0.0580;0.0366;0.0218;0.0123;0.0066;0.0034;0.0017;0.0015,1.3675206243664264,1.3874448035088096,0.3642439056091212,0.26241087284711173,0.37334522154376715,0.5627816964756592,0.5197427607404348,0.24971255477905682,0.2547377678388365,3,A Kitchen,0.885439748913971,1.8027201146518725,2.0668937439322197,3.869613858584092,0.7312279004865533,0.5341351423211325,0.3465448705004068,0.20101309244145088,0.1051849561641566,0.5321470143366243,0.6045214552240092,0.09926120340217004,0.1722;0.2957;0.2609;0.1575;0.0732;0.0279;0.0091;0.0026;0.0007;0.0002,0.1335;0.2620;0.2636;0.1813;0.0958;0.0415;0.0153;0.0050;0.0014;0.0005,3.5,,,10.5,"[{""market"": ""Corners total"", ""pick"": ""Under 10.5"", ""p"": 0.581}]",3,5,1,0,2,2,0
v3,2026-09-01,2026-09-01,2026-09-01,19:45,Championship,Swansea,Watford,6.221572706575339,4.51950797315631,10.741080679731649,10.5,0.8068968954795638,0.7133392613949106,0.6077143823085159,0.49815474875336196,0.39273641284330235,0.2978960181798623,0.2175911987214518,0.8204605686955033,0.6145631013597143,0.4934289708396586,0.0861492505672587,0.22722410183179134,0.6784785704663137,0.616316,0.292063,0.0056;0.0242;0.0563;0.0934;0.1234;0.1380;0.1354;0.1196;0.0967;0.0725;0.0509;0.0338;0.0213;0.0128;0.0074;0.0086,0.0247;0.0752;0.1274;0.1582;0.1604;0.1404;0.1098;0.0784;0.0519;0.0323;0.0190;0.0107;0.0057;0.0030;0.0015;0.0013,1.5063852652104128,1.1626438475831498,0.4478580662655495,0.26272624558535795,0.28941568814909246,0.5385932374254835,0.4987585497096322,0.312658465859249,0.22170995392148463,3,E Duckworth,1.0240751288647274,1.9512451889259106,2.517791871125026,4.469037060050937,0.8106473209676662,0.641758701235167,0.4581553841434008,0.295462507871513,0.1731011649293845,0.5734469261962032,0.7068156181427404,0.1323018361920647,0.1497;0.2768;0.2631;0.1713;0.0859;0.0354;0.0125;0.0039;0.0011;0.0004,0.0870;0.2061;0.2502;0.2074;0.1320;0.0688;0.0306;0.0119;0.0041;0.0018,3.5,,,10.5,"[{""market"": ""Cards total"", ""pick"": ""Over 3.5"", ""p"": 0.642}]",5,3,2,0,0,4,0
v3,2026-09-01,2026-09-01,2026-09-01,19:45,League 2,Swindon,Port Vale,4.722031599225923,5.051003217036448,9.77303481626237,9.5,0.7294333626215816,0.6186487806891872,0.5026339861641705,0.3910132765093954,0.2913907795910392,0.20825620538924985,0.14296164650944537,0.6497134845783183,0.6960164246704721,0.4388862224036042,0.19836638018721908,0.16504892047967978,0.4617440338064547,0.412702,0.481087,0.0192;0.0636;0.1156;0.1519;0.1611;0.1462;0.1174;0.0856;0.0575;0.0360;0.0213;0.0119;0.0064;0.0033;0.0016;0.0014,0.0143;0.0512;0.0995;0.1389;0.1558;0.1488;0.1254;0.0955;0.0669;0.0436;0.0268;0.0155;0.0086;0.0046;0.0023;0.0021,1.2982039069837692,1.1773363778299246,0.3895511963415484,0.27871560631617764,0.331733197342274,0.5068545153940067,0.44989741520140214,0.3080983040834963,0.27302172533446534,3,M Corlett,1.118239989037119,1.8550977711370837,1.9786336826916247,3.833731453828708,0.7256989983650778,0.527148986670368,0.3397992877219816,0.1957059307368683,0.10164211268582898,0.547244369955518,0.5813811784392204,0.13963976654491594,0.1637;0.2891;0.2622;0.1627;0.0777;0.0304;0.0102;0.0030;0.0008;0.0002,0.1453;0.2733;0.2638;0.1740;0.0883;0.0367;0.0130;0.0041;0.0011;0.0004,3.5,,,10.5,[],10,4,3,1,1,1,0
v3,2026-09-01,2026-09-01,2026-09-01,19:45,League 2,Tranmere,Rotherham,5.2533606910478765,4.417340676099801,9.670701367147679,9.5,0.7200352349307729,0.6076235787156979,0.4908975380764886,0.37953951446025913,0.280989540551436,0.19944345402523028,0.13593657139633922,0.7229563241260692,0.6035874319525288,0.4231666140989451,0.14636846853622457,0.2332339222590339,0.5971755575807535,0.534544,0.360576,0.0119;0.0444;0.0901;0.1307;0.1517;0.1495;0.1296;0.1014;0.0728;0.0485;0.0304;0.0180;0.0101;0.0055;0.0028;0.0027,0.0248;0.0770;0.1314;0.1632;0.1642;0.1417;0.1087;0.0758;0.0489;0.0294;0.0168;0.0091;0.0047;0.0023;0.0011;0.0009,1.343013089815555,1.2803646207937602,0.37968142637255925,0.26987260892501697,0.35044596470242384,0.5373065114909957,0.4874233150962672,0.27793594075205824,0.2610578914806572,3,M Woods,0.9538293574307048,1.7099784430779366,1.91574537589678,3.6257238189747163,0.6918043013309771,0.48559949230865773,0.3008700069794638,0.16597945611829332,0.0823778694759608,0.5047825804259075,0.5644238553706483,0.10630195551032584,0.1880;0.3072;0.2577;0.1480;0.0654;0.0237;0.0073;0.0020;0.0005;0.0001,0.1542;0.2814;0.2634;0.1685;0.0829;0.0334;0.0115;0.0035;0.0009;0.0003,3.5,,,10.5,[],2,4,2,2,4,2,1
v3,2026-09-01,2026-09-01,2026-09-01,19:45,Championship,West Ham,Wolves,6.104791488824653,4.684552565224817,10.78934405404947,10.5,0.8102361647906892,0.7175879719693493,0.6126196828446006,0.5033557981576794,0.39784998367077107,0.3025949877269403,0.221653684526695,0.8095141882343855,0.6390860763879616,0.5063619631517678,0.09273181783836243,0.20852400690962486,0.6499896075844735,0.589035,0.317187,0.0062;0.0264;0.0601;0.0978;0.1270;0.1397;0.1351;0.1177;0.0940;0.0696;0.0484;0.0318;0.0198;0.0118;0.0068;0.0078,0.0215;0.0680;0.1190;0.1524;0.1589;0.1427;0.1143;0.0835;0.0565;0.0358;0.0215;0.0123;0.0067;0.0035;0.0018;0.0017,1.5122479784405907,1.36875858102585,0.404631220659005,0.2549450248597083,0.34042375448128664,0.5847240422975647,0.5496293248827936,0.2544226086396977,0.22041393484761693,3,L Smith,1.0008297325784896,1.9785920164935833,2.1059818443306453,4.084573860824229,0.7624527889909894,0.5747624557642541,0.38694708791557625,0.23375786178208532,0.12770729280370183,0.5811545780392724,0.6142647630041925,0.1001344861269563,0.1455;0.2733;0.2636;0.1739;0.0883;0.0368;0.0131;0.0041;0.0011;0.0004,0.1288;0.2570;0.2631;0.1842;0.0991;0.0437;0.0165;0.0054;0.0016;0.0006,3.5,,,10.5,[],6,7,4,2,2,1,0
v3,2026-09-01,2026-09-01,2026-09-01,19:45,League 1,Wycombe,Sheffield Wed,5.709503424186979,5.117759268962259,10.827262693149237,10.5,0.8128264225127635,0.7208940710170351,0.6164487355124915,0.5074285085546929,0.40186681394129026,0.30629777119238316,0.22486500646356616,0.7695335386260052,0.6990176322022928,0.5264784788220508,0.11759204449170649,0.1649023426454777,0.5635701136620163,0.508212,0.39356,0.0089;0.0348;0.0739;0.1129;0.1383;0.1442;0.1327;0.1103;0.0843;0.0599;0.0401;0.0254;0.0153;0.0088;0.0049;0.0053,0.0149;0.0516;0.0984;0.1361;0.1522;0.1459;0.1241;0.0959;0.0684;0.0456;0.0287;0.0172;0.0098;0.0054;0.0028;0.0028,1.5605318873703813,1.4857729693421657,0.3926627277389447,0.24732362608897057,0.3600136461720847,0.6144889664907363,0.5871036821012219,0.22632732895925695,0.21002433219734815,3,D Rock,1.0216272267467756,1.555699109986754,2.009897209750031,3.5655963197367853,0.6814104283746812,0.4732807689754501,0.289713147572219,0.1577459285567562,0.07722222661402606,0.4566358964238372,0.5899395408965081,0.10593051183795499,0.2183;0.3251;0.2490;0.1307;0.0528;0.0175;0.0050;0.0012;0.0003;0.0001,0.1408;0.2693;0.2641;0.1769;0.0910;0.0383;0.0138;0.0043;0.0012;0.0004,3.5,,,10.5,"[{""market"": ""BTTS"", ""pick"": ""Yes"", ""p"": 0.614}]",6,6,1,2,1,2,0
v3,2026-09-01,2026-09-01,2026-09-02,19:45,League 1,Barnsley,Blackpool,6.871283538223541,4.533253636786493,11.404537175010034,11.5,0.8487767793567154,0.7677715293093537,0.6719224144199161,0.5677241707491022,0.4626456549727397,0.36356723509722516,0.2756416483837704,0.8679406256518288,0.6136151492581849,0.5235091501904207,0.05972232732480047,0.22946035240590654,0.7287115988471525,0.668693,0.248944,0.0034;0.0160;0.0403;0.0723;0.1032;0.1243;0.1311;0.1243;0.1078;0.0865;0.0650;0.0461;0.0310;0.0200;0.0123;0.0163,0.0257;0.0763;0.1274;0.1569;0.1585;0.1388;0.1090;0.0784;0.0524;0.0330;0.0197;0.0112;0.0061;0.0032;0.0017;0.0016,1.595826463846058,1.2926115492639703,0.44153980928695585,0.2520600620745678,0.3064001286384764,0.5818139782371571,0.5513568830535375,0.2745528377616219,0.20274090121816637,3,J O'Connor,0.982439605442926,1.6943158779790815,1.849796594128936,3.5441124721080177,0.677630956345556,0.4688486973758823,0.285741573120171,0.15484605727869546,0.0754256738321966,0.5000800492902835,0.5459660793708597,0.10017768330617671,0.1908;0.3091;0.2571;0.1463;0.0641;0.0230;0.0071;0.0019;0.0005;0.0001,0.1642;0.2898;0.2624;0.1623;0.0772;0.0301;0.0100;0.0029;0.0008;0.0002,3.5,,,10.5,"[{""market"": ""Corner dominance"", ""pick"": ""Home"", ""p"": 0.669}]",13,4,2,1,3,4,0
v3,2026-09-01,2026-09-01,2026-09-02,20:00,Championship,Burnley,Middlesbrough,5.679373504972344,5.312589072250505,10.99196257722285,10.5,0.8237419545858597,0.734928120823734,0.6328217456004324,0.5249711736031609,0.4192959231760326,0.3224824658754485,0.23900500426506138,0.7653143818385788,0.7227950540860092,0.5419740547541056,0.12052774748118732,0.14872441435735012,0.5390592158712023,0.486336,0.415858,0.0093;0.0358;0.0754;0.1142;0.1389;0.1441;0.1320;0.1093;0.0833;0.0592;0.0395;0.0250;0.0151;0.0087;0.0049;0.0053,0.0128;0.0458;0.0902;0.1285;0.1479;0.1457;0.1272;0.1008;0.0737;0.0503;0.0324;0.0198;0.0115;0.0065;0.0035;0.0036,1.52422141175702,1.383645640116724,0.4045208727625872,0.25360506979437897,0.34187405744303384,0.589592439643231,0.5558547973296815,0.2506630579909525,0.21779056003955963,3,M Donohue,1.0681906893148116,2.0469882768500005,2.063677707512956,4.1106659843629565,0.7660267174736464,0.5795449136274324,0.3918374031353331,0.23783244061992653,0.13058783301029514,0.5991705169850212,0.6034797930994508,0.12187957920885273,0.1363;0.2645;0.2636;0.1796;0.0941;0.0404;0.0148;0.0048;0.0014;0.0005,0.1341;0.2624;0.2635;0.1809;0.0955;0.0414;0.0153;0.0050;0.0014;0.0005,3.5,,,10.5,[],5,1,1,1,2,2,0
v3,2026-09-01,2026-09-01,2026-09-02,19:45,League 1,Burton,AFC Wimbledon,5.404336427338177,4.282078183259571,9.686414610597748,9.5,0.7214936493355151,0.6093283796528866,0.4927058310204537,0.3813010053256814,0.2825806481563312,0.2007867242123856,0.13700350570824485,0.7414612346567666,0.581722968987507,0.41839557628239393,0.13407410728298477,0.2505967846789099,0.6292847397528765,0.564589,0.332602,0.0104;0.0401;0.0836;0.1245;0.1480;0.1491;0.1321;0.1054;0.0770;0.0523;0.0333;0.0200;0.0115;0.0063;0.0033;0.0032,0.0280;0.0838;0.1388;0.1677;0.1645;0.1389;0.1043;0.0713;0.0452;0.0268;0.0150;0.0080;0.0041;0.0020;0.0009;0.0008,1.4526538448356465,1.0088896616203344,0.4696459462343115,0.2718111796051267,0.2585428741605619,0.49048149961837423,0.4462849478131612,0.36462361048018727,0.23394860024256384,3,D Brown,0.9936629594253344,1.776670390447665,2.0548379115073585,3.8315083019550236,0.7253534076846826,0.5267143094830895,0.3393815046511173,0.19537874545859474,0.10142470205690718,0.5245506331473537,0.6014501033273723,0.11968489003296301,0.1765;0.2989;0.2601;0.1549;0.0710;0.0267;0.0086;0.0024;0.0006;0.0002,0.1350;0.2635;0.2638;0.1804;0.0948;0.0408;0.0150;0.0048;0.0014;0.0005,3.5,,,10.5,"[{""market"": ""Corners total"", ""pick"": ""Under 10.5"", ""p"": 0.619}]",4,7,4,1,1,1,0
v3,2026-09-01,2026-09-01,2026-09-02,19:45,League 1,Luton,Stockport,5.74527800291437,4.995912049588739,10.741190052503109,10.5,0.8069045166814388,0.7133489411579418,0.6077255383033761,0.49816655653516373,0.39274800157262835,0.2979066485387316,0.2176003729689574,0.7738695346366147,0.6832872675255952,0.5172438922777334,0.11471227224931829,0.17589915707752155,0.580778537455471,0.52377,0.378071,0.0085;0.0338;0.0724;0.1114;0.1374;0.1441;0.1332;0.1112;0.0853;0.0608;0.0408;0.0259;0.0156;0.0090;0.0050;0.0054,0.0164;0.0556;0.1039;0.1408;0.1546;0.1456;0.1219;0.0927;0.0651;0.0428;0.0265;0.0156;0.0088;0.0048;0.0025;0.0024,1.5994094407587838,1.493132645070996,0.4005524534879223,0.24498596661802136,0.3544615798940563,0.6219545602404475,0.5972203671775905,0.2246677476904408,0.20201578506279488,3,C Hicks,0.8676237690339639,1.3653530446138902,1.828428077250298,3.1937811218641885,0.6110750220077696,0.394712390162829,0.22258799729233955,0.11097610677322944,0.04954813287330252,0.39364353949929637,0.5401183141753875,0.07788934400796232,0.2621;0.3443;0.2326;0.1077;0.0384;0.0113;0.0028;0.0006;0.0001;0.0000,0.1673;0.2926;0.2622;0.1604;0.0754;0.0290;0.0095;0.0027;0.0007;0.0002,3.5,,,10.5,"[{""market"": ""Cards total"", ""pick"": ""Under 3.5"", ""p"": 0.605}, {""market"": ""BTTS"", ""pick"": ""Yes"", ""p"": 0.622}]",2,8,2,0,1,1,0
v3,2026-09-01,2026-09-01,2026-09-02,19:45,Championship,Millwall,Wrexham,6.717338980135794,4.830200085158892,11.547539065294686,11.5,0.8567185492852337,0.7783943117193727,0.6848157410043639,0.5820959820994366,0.4775005269101943,0.3779179757604607,0.2886851300824801,0.856223914044122,0.6562636844980554,0.552623695970617,0.06632387363574321,0.19719852956331058,0.6867138678804448,0.627533,0.286287,0.0040;0.0181;0.0443;0.0775;0.1080;0.1274;0.1320;0.1230;0.1050;0.0831;0.0617;0.0432;0.0288;0.0183;0.0112;0.0146,0.0202;0.0640;0.1130;0.1465;0.1552;0.1421;0.1163;0.0870;0.0604;0.0394;0.0243;0.0143;0.0081;0.0044;0.0023;0.0023,1.689721396620532,1.152903161016196,0.4958110353030117,0.2474341106880263,0.2567548540089621,0.5613883268726169,0.5406445725708044,0.315718854925335,0.18457093891780488,3,O Langford,0.9489373129229026,1.4306776293125405,1.8594501432645012,3.2901277725770415,0.6303058498957189,0.41539792965151295,0.23959168295858901,0.122365652146666,0.0560216751067758,0.4157147716279096,0.5489172607892745,0.09530332603717229,0.2461;0.3382;0.2390;0.1158;0.0432;0.0132;0.0035;0.0008;0.0002;0.0000,0.1625;0.2886;0.2628;0.1634;0.0780;0.0305;0.0102;0.0030;0.0008;0.0002,3.5,,,10.5,"[{""market"": ""Corners total"", ""pick"": ""Over 10.5"", ""p"": 0.582}]",1,2,0,3,2,1,0
v3,2026-09-01,2026-09-01,2026-09-02,19:45,Championship,QPR,Cardiff,6.211128279208522,4.83892778549667,11.050056064705192,10.5,0.8274639663518674,0.7397520229776208,0.638494868303008,0.5310983857217721,0.42543229629389884,0.32822635207213646,0.24406337821669888,0.8177525496873453,0.659996392853244,0.5291385174319775,0.08808967657339882,0.19344036506197493,0.6426692429439298,0.583071,0.324194,0.0059;0.0249;0.0573;0.0942;0.1236;0.1376;0.1346;0.1187;0.0960;0.0720;0.0507;0.0338;0.0214;0.0130;0.0075;0.0089,0.0193;0.0623;0.1118;0.1466;0.1563;0.1436;0.1176;0.0878;0.0607;0.0394;0.0241;0.0141;0.0079;0.0042;0.0022;0.0021,1.8059683215348616,1.2352594487595001,0.5045963419286204,0.23717663624259072,0.2582270218287889,0.595899040947911,0.5859829128368615,0.29075931543726524,0.16431526950349076,3,T Robinson,1.0481125023174709,1.8837894287516972,2.015976903283115,3.8997663320348126,0.7358028419147217,0.5399619047624672,0.3522157460542516,0.20551020456377,0.1082109168616261,0.5552956347646095,0.5912515437054229,0.10802408735404823,0.1593;0.2855;0.2627;0.1654;0.0801;0.0319;0.0108;0.0032;0.0009;0.0003,0.1402;0.2685;0.2638;0.1772;0.0915;0.0387;0.0140;0.0044;0.0013;0.0004,3.5,,,10.5,[],3,4,2,1,0,2,0
v3,2026-09-01,2026-09-01,2026-09-02,20:00,League 1,Reading,Mansfield,5.307728426065534,4.609434417570496,9.91716284363603,9.5,0.7422704477608831,0.6338612117069384,0.5189922849805925,0.40716798333953735,0.306184333075517,0.22091800781904924,0.15315774385567785,0.7283207803226701,0.6321838624948181,0.44748458857483725,0.14318716031909878,0.2118146200466413,0.5799165657401426,0.51969,0.376456,0.0116;0.0434;0.0882;0.1285;0.1500;0.1487;0.1299;0.1025;0.0742;0.0499;0.0316;0.0189;0.0108;0.0059;0.0031;0.0030,0.0214;0.0688;0.1216;0.1560;0.1620;0.1442;0.1140;0.0819;0.0543;0.0337;0.0197;0.0109;0.0058;0.0030;0.0015;0.0013,1.3992014741167202,1.2604280098509906,0.3986062202388363,0.2671179116780574,0.33427586808310633,0.5433497178034443,0.49643499637039057,0.2835326457600844,0.24679395664146925,2,T Reeves,0.8994988837144723,1.4936876524806335,1.7842430552619093,3.277930707742543,0.6279101137368308,0.41278935699380215,0.23742124947360305,0.12089418903112613,0.0551752338751723,0.4366406527239277,0.5271970690228271,0.08750089036573783,0.2315;0.3319;0.2446;0.1234;0.0479;0.0153;0.0042;0.0010;0.0002;0.0001,0.1747;0.2981;0.2608;0.1559;0.0716;0.0269;0.0086;0.0024;0.0006;0.0002,3.5,,,10.5,"[{""market"": ""Corners total"", ""pick"": ""Under 10.5"", ""p"": 0.593}]",5,2,5,0,1,0,0
v3,2026-09-01,2026-09-01,2026-09-02,19:45,Championship,West Brom,Charlton,6.177228751305452,4.223384219917873,10.400612971223325,10.5,0.7819644002939548,0.6820762875714602,0.572141370555458,0.4609797549151259,0.35671073611360515,0.26526418430742726,0.18978096005124262,0.818443379544618,0.5691332014886779,0.4547996348250293,0.08696851147855741,0.2626535890132004,0.7072099868822551,0.643041,0.266224,0.0056;0.0244;0.0570;0.0946;0.1249;0.1394;0.1363;0.1198;0.0962;0.0716;0.0499;0.0328;0.0205;0.0122;0.0070;0.0079,0.0310;0.0890;0.1426;0.1682;0.1623;0.1355;0.1012;0.0692;0.0439;0.0262;0.0148;0.0080;0.0041;0.0021;0.0010;0.0008,1.6361325758882623,1.0680536349443372,0.5025454874601154,0.25306606428218403,0.24438844825770056,0.5320247643444777,0.5074004231718722,0.3436767873484553,0.19473169793234543,3,F Hallam,0.9773448465282911,1.5070542568113772,1.9719873026553563,3.4790415594667334,0.6659715390135762,0.4553320810369821,0.27376730084124495,0.14620235026882894,0.0701314062761863,0.4409119070923043,0.5798992891000159,0.07758174897567771,0.2287;0.3304;0.2454;0.1250;0.0490;0.0158;0.0044;0.0011;0.0002;0.0001,0.1459;0.2742;0.2641;0.1737;0.0877;0.0363;0.0128;0.0040;0.0011;0.0004,3.5,,,10.5,[],8,3,1,1,1,1,0
v3,2026-09-01,2026-09-01,2026-09-02,19:45,League 1,Wigan,MK Dons,6.2517742225414965,4.678552855016518,10.930327077558015,10.5,0.8197203712137511,0.7297381861874023,0.6267441790221681,0.5184351336122075,0.4127780205502972,0.3164074649708355,0.23367784169349506,0.8220562020979296,0.6375154404178464,0.5134614849684822,0.0854090459193358,0.21001534103899133,0.6637434598205855,0.602816,0.30539,0.0056;0.0240;0.0558;0.0925;0.1224;0.1371;0.1350;0.1196;0.0970;0.0731;0.0516;0.0344;0.0218;0.0132;0.0077;0.0091,0.0219;0.0686;0.1195;0.1525;0.1586;0.1422;0.1138;0.0831;0.0563;0.0358;0.0215;0.0123;0.0068;0.0036;0.0018;0.0017,1.53629508979954,1.189105130871806,0.44952164729474914,0.2595188305508219,0.2909595221544289,0.5494403024765754,0.512577026917381,0.3044936241291881,0.215176837311225,3,P Howard,0.9621909536341204,1.5723964486098883,1.9162461800772872,3.4886426286871757,0.6677119532435271,0.4573349047050257,0.2755285151208413,0.14746429646118764,0.07089861548729322,0.46203476073838906,0.5646764419819512,0.09277283846561035,0.2147;0.3233;0.2502;0.1326;0.0541;0.0181;0.0052;0.0013;0.0003;0.0001,0.1540;0.2814;0.2636;0.1687;0.0829;0.0334;0.0115;0.0035;0.0009;0.0003,3.5,,,10.5,[],5,5,3,1,2,2,0
v3,2026-09-05,2026-09-05,2026-09-05,15:00,League 2,Accrington,Crawley,5.739683838597171,4.5058850663771315,10.245568904974302,9.5,0.7697925401780678,0.6670956310759989,0.5554107435431388,0.4438198380081887,0.34039033650336975,0.2507565646669872,0.17764771104455299,0.7761810764452842,0.6147767723737386,0.46513916525484733,0.11257157094289022,0.22590978965593578,0.6360451512560715,0.573488,0.328159,0.0082;0.0329;0.0716;0.1112;0.1382;0.1454;0.1345;0.1121;0.0857;0.0608;0.0404;0.0254;0.0152;0.0087;0.0048;0.0050,0.0241;0.0744;0.1274;0.1593;0.1619;0.1416;0.1103;0.0783;0.0515;0.0317;0.0184;0.0102;0.0054;0.0028;0.0014;0.0012,1.5702190937130915,1.2581472321783098,0.44271796664849455,0.2549177803771075,0.3023642529743979,0.5704329090804284,0.5372805960112141,0.28418005870986,0.2079996059584606,4,T Kirk,1.0678085356458222,2.3499586030788686,2.399401306427984,4.749359909506852,0.8401686639732004,0.6857469764753746,0.5082543940618522,0.3419667426506839,0.20973751096042803,0.6712197449667253,0.6819781062393643,0.14962394472100216,0.1024;0.2264;0.2569;0.1995;0.1191;0.0583;0.0244;0.0089;0.0029;0.0012,0.0977;0.2204;0.2551;0.2020;0.1230;0.0614;0.0261;0.0098;0.0033;0.0014,3.5,,,9.5,"[{""market"": ""Cards total"", ""pick"": ""Over 3.5"", ""p"": 0.686}]",1,4,3,2,4,2,0
v3,2026-09-05,2026-09-05,2026-09-05,15:00,League 1,Barnsley,Stevenage,5.898525119495181,4.346045003384207,10.244570122879388,9.5,0.7697124386066351,0.6669976338586128,0.5553019535943362,0.44370892557461394,0.34028548390839475,0.2506639195063404,0.17757069579730245,0.7926793827987052,0.5896485546760096,0.45568846416415604,0.10230929972466951,0.2456735800757201,0.6692875066320453,0.60527,0.29908,0.0071;0.0294;0.0658;0.1050;0.1335;0.1437;0.1357;0.1153;0.0897;0.0648;0.0438;0.0280;0.0170;0.0098;0.0055;0.0059,0.0276;0.0821;0.1359;0.1647;0.1627;0.1387;0.1055;0.0732;0.0471;0.0284;0.0162;0.0088;0.0046;0.0023;0.0011;0.0010,1.3216724587680393,1.1385387522130443,0.404428825086841,0.2789082126166121,0.31666296229654683,0.5022973048572879,0.44594059389309565,0.32028669826653133,0.26668890258415734,4,N Hair,0.9882990387072951,1.8675776949955087,1.8001647632014017,3.6677424581969102,0.698907791594228,0.49413009324029106,0.30869836698283293,0.17183308309228953,0.08609174686869125,0.550916733418576,0.5315579893271674,0.08160770214348612,0.1615;0.2875;0.2626;0.1640;0.0788;0.0310;0.0104;0.0031;0.0008;0.0002,0.1724;0.2960;0.2610;0.1574;0.0730;0.0278;0.0090;0.0026;0.0007;0.0002,3.5,,,10.5,[],7,3,1,5,1,2,0
v3,2026-09-05,2026-09-05,2026-09-05,15:00,League 1,Bradford,Mansfield,6.401570478622872,4.133678386645192,10.535248865268064,10.5,0.7921153288219249,0.6947087308912459,0.5864064773567803,0.47577366215456396,0.37093736498916974,0.2780512083244462,0.2005940829654594,0.8371486841951339,0.5538018777378422,0.4532179638241751,0.07621882210870203,0.27567270603659155,0.7347142530648915,0.671158,0.242337,0.0047;0.0210;0.0506;0.0866;0.1178;0.1352;0.1358;0.1225;0.1009;0.0769;0.0549;0.0369;0.0236;0.0143;0.0084;0.0099,0.0338;0.0943;0.1476;0.1705;0.1617;0.1330;0.0981;0.0662;0.0416;0.0246;0.0138;0.0074;0.0038;0.0019;0.0009;0.0008,1.4968148800251246,1.0916212354805719,0.4616895207951921,0.2655239088507902,0.2727865703540177,0.5193067522072363,0.4786635144650961,0.33567184921576465,0.22384198950767947,4,Z Kennard-Kettle,1.1163380633333486,1.9176277795093848,2.286542870163306,4.204170649672691,0.7784617425389471,0.5964077564717502,0.40931210113559413,0.25258825171749155,0.14116029640164807,0.5644635854939134,0.6574989563998763,0.09377576745767446,0.1544;0.2811;0.2629;0.1684;0.0831;0.0336;0.0116;0.0035;0.0010;0.0003,0.1084;0.2341;0.2593;0.1963;0.1141;0.0543;0.0221;0.0079;0.0025;0.0010,3.5,,,10.5,"[{""market"": ""Corner dominance"", ""pick"": ""Home"", ""p"": 0.671}]",4,3,1,0,2,2,0
v3,2026-09-05,2026-09-05,2026-09-05,15:00,League 2,Bristol Rovers,Rotherham,5.644562533280221,3.8857953613371694,9.53035789461739,9.5,0.7067622908173028,0.592209701295233,0.4746546262738834,0.36382006488504626,0.2668829097535677,0.1876114338532284,0.12659951564563632,0.7701162997621485,0.5149540561587753,0.38429214579732074,0.11537435352100076,0.3058754224401943,0.6998003294363178,0.631578,0.270934,0.0082;0.0336;0.0736;0.1145;0.1417;0.1481;0.1356;0.1115;0.0839;0.0584;0.0381;0.0234;0.0137;0.0076;0.0041;0.0040,0.0390;0.1060;0.1608;0.1792;0.1632;0.1285;0.0905;0.0582;0.0348;0.0195;0.0104;0.0052;0.0025;0.0012;0.0005;0.0004,1.6486748139284306,1.0825611863374724,0.5022071412363652,0.2517687646404312,0.24602409412320358,0.5375950493177796,0.5139959709804469,0.33872687109231747,0.1923045791903811,4,D Drysdale,0.9530749937202381,1.8574227286493448,1.9401104220886523,3.797533150737997,0.7200276086824933,0.5200450899433409,0.3329996503101924,0.19040274792659861,0.09813270078449655,0.5479340856865803,0.5709793868083718,0.13828718877783275,0.1633;0.2888;0.2623;0.1630;0.0779;0.0305;0.0102;0.0030;0.0008;0.0002,0.1508;0.2783;0.2635;0.1707;0.0850;0.0347;0.0121;0.0037;0.0010;0.0003,3.5,,,9.5,[],10,4,1,0,1,3,0
v3,2026-09-05,2026-09-05,2026-09-05,15:00,Championship,Burnley,Bristol City,6.603695910450856,3.756872112814554,10.36056802326541,10.5,0.7788704133013029,0.6782513247716337,0.5678505672404379,0.45655930196522426,0.352487914230922,0.2614938166575073,0.18661376072251423,0.8542327287245854,0.4896593713836647,0.40860991045966527,0.06641314658932598,0.3306809544679841,0.7876639143807497,0.725135,0.19548,0.0038;0.0179;0.0448;0.0794;0.1114;0.1315;0.1355;0.1251;0.1052;0.0818;0.0594;0.0406;0.0263;0.0162;0.0096;0.0116,0.0461;0.1167;0.1679;0.1797;0.1588;0.1223;0.0849;0.0541;0.0322;0.0181;0.0097;0.0049;0.0024;0.0012;0.0005;0.0004,1.660863474024086,1.1855210764981141,0.48132445627259746,0.24943807167798426,0.2692374720494183,0.5659212779922582,0.5415293165625853,0.3055869038511891,0.18997487089345236,4,G Ward,0.9407994830964156,1.6648283949326046,2.080760091780257,3.7455884867128617,0.7117231563018097,0.5097549169532487,0.3232560504223496,0.18288511597240478,0.09321125500638248,0.49089789390574895,0.608181298935647,0.10202502705284688,0.1966;0.3125;0.2554;0.1430;0.0617;0.0218;0.0066;0.0018;0.0004;0.0001,0.1316;0.2602;0.2636;0.1825;0.0970;0.0422;0.0157;0.0051;0.0015;0.0005,3.5,,,10.5,"[{""market"": ""Corner dominance"", ""pick"": ""Home"", ""p"": 0.725}]",5,8,1,2,3,0,0
v3,2026-09-05,2026-09-05,2026-09-05,15:00,League 1,Burton,Cambridge Utd,5.126897033786967,4.408444022288882,9.535341056075849,9.5,0.7072411818472246,0.5927626913957676,0.4752340554207771,0.3643776353472685,0.2673804253186171,0.18802634795853787,0.12692506748389457,0.7074476600927767,0.6027971791230369,0.41299080582280223,0.15667848209914143,0.23351466862700052,0.5845911325757597,0.522316,0.371156,0.0131;0.0481;0.0955;0.1359;0.1548;0.1498;0.1276;0.0981;0.0692;0.0454;0.0279;0.0163;0.0090;0.0048;0.0024;0.0022,0.0248;0.0770;0.1318;0.1637;0.1646;0.1420;0.1087;0.0756;0.0486;0.0292;0.0165;0.0089;0.0046;0.0023;0.0011;0.0009,1.453690471242979,1.2102808580371776,0.42363217517633883,0.2653019756111566,0.31106584921250463,0.5415285555733937,0.4975089611065777,0.29811354008727925,0.23370620860208774,4,E Swallow,1.0236606805197581,1.5280036178985248,1.8411263066343326,3.3691299245328574,0.6455502296413018,0.43221171276063713,0.2537632601551594,0.13209867534542144,0.06169371567744777,0.4478015602406333,0.543627455590763,0.07132972535196624,0.2240;0.3282;0.2472;0.1275;0.0506;0.0165;0.0046;0.0011;0.0002;0.0001,0.1654;0.2909;0.2623;0.1616;0.0765;0.0296;0.0098;0.0028;0.0007;0.0002,3.5,,,10.5,"[{""market"": ""Corners total"", ""pick"": ""Under 10.5"", ""p"": 0.636}]",2,7,2,2,1,2,0
v3,2026-09-05,2026-09-05,2026-09-05,15:00,League 2,Cheltenham,Grimsby,5.008674529884264,4.927108376985467,9.935782906869731,9.5,0.743894930333155,0.6357991060613266,0.5210900050965077,0.40925334557931053,0.30810664136077925,0.22257419439537307,0.15450021817462742,0.6893960012525542,0.6781929353702849,0.4544201773201964,0.17001162675596165,0.17797397333221956,0.509382606850479,0.455717,0.438929,0.0151;0.0531;0.1018;0.1406;0.1562;0.1481;0.1241;0.0941;0.0657;0.0427;0.0261;0.0152;0.0084;0.0045;0.0023;0.0021,0.0162;0.0560;0.1057;0.1438;0.1577;0.1476;0.1222;0.0917;0.0633;0.0408;0.0247;0.0142;0.0078;0.0041;0.0021;0.0019,1.2219359910289347,1.437744977103093,0.3170147776438564,0.2660447114743369,0.4169405108818068,0.5415365403391476,0.49644773787653707,0.23746263905995113,0.2946591568828854,4,D Baines,0.9623233857437357,1.8508260644045358,1.5783595323312434,3.4291855967357794,0.6568218775667025,0.44488717307050907,0.2646557991339042,0.1397258435946229,0.0662253152338109,0.5463514019347449,0.46397523251245354,0.11111507385135755,0.1639;0.2897;0.2625;0.1625;0.0773;0.0301;0.0100;0.0029;0.0008;0.0002,0.2134;0.3226;0.2507;0.1333;0.0546;0.0184;0.0053;0.0013;0.0003;0.0001,3.5,,,9.5,[],3,7,2,2,1,1,0
v3,2026-09-05,2026-09-05,2026-09-05,15:00,League 2,Chesterfield,Barnet,5.033694588618157,4.406929796208326,9.440624384826483,9.5,0.6980429051440205,0.5821817362211069,0.46418950720453545,0.3537902230361683,0.2579693003586644,0.18020754594189406,0.12081351327436389,0.6955574838211446,0.602993833385711,0.40578743827207786,0.16472739639467882,0.2331234313584487,0.574468669364,0.512598,0.379702,0.0141;0.0510;0.0997;0.1397;0.1569;0.1497;0.1259;0.0955;0.0665;0.0431;0.0262;0.0151;0.0083;0.0043;0.0022;0.0020,0.0246;0.0768;0.1317;0.1639;0.1649;0.1422;0.1088;0.0756;0.0485;0.0291;0.0164;0.0088;0.0045;0.0022;0.0011;0.0009,1.390574105756941,1.2086535646285606,0.4074890701209407,0.2701547366459877,0.3223561932330716,0.5305474521131379,0.4813765175381751,0.2985990532150991,0.2489323501048022,4,L Doughty,1.095510261321627,1.831111756511368,2.4106231718560456,4.241734928367413,0.7832958648726703,0.6030589485469419,0.4163050915234311,0.2585790917667195,0.1455150044485357,0.5400667808460967,0.6848712439331557,0.14139771181104377,0.1679;0.2921;0.2613;0.1602;0.0757;0.0294;0.0097;0.0028;0.0007;0.0002,0.0963;0.2189;0.2550;0.2029;0.1240;0.0620;0.0264;0.0099;0.0033;0.0014,3.5,,,9.5,"[{""market"": ""Cards total"", ""pick"": ""Over 3.5"", ""p"": 0.603}]",4,8,3,3,3,3,0
v3,2026-09-05,2026-09-05,2026-09-05,15:00,League 2,Crewe,York,5.744508838690793,4.606596581806859,10.351105420497653,10.5,0.7781342614506116,0.6773429732193762,0.5668335159474096,0.4555135030123953,0.35149076294285186,0.2606051916473364,0.18586870895640617,0.7760727785652248,0.6296299100856833,0.4766830125007218,0.11278514224323691,0.21473773947259814,0.6249055461128243,0.563413,0.338184,0.0082;0.0330;0.0716;0.1111;0.1379;0.1451;0.1343;0.1120;0.0857;0.0609;0.0406;0.0256;0.0153;0.0088;0.0048;0.0051,0.0222;0.0701;0.1224;0.1556;0.1608;0.1429;0.1130;0.0814;0.0543;0.0339;0.0200;0.0112;0.0060;0.0031;0.0016;0.0014,1.340958683737165,1.3282463538288014,0.3692910076256421,0.2673063956362307,0.36340259673812714,0.5464744164771181,0.4988019856703801,0.26494146774443506,0.26159476168560747,4,S Mather,0.9976605097827735,1.5994322509914245,1.8945531089111391,3.4939853599025636,0.6686774299253548,0.4584481783459136,0.27650945251584846,0.14816856720200056,0.07132764005831423,0.470629948820334,0.5586414072336562,0.121011766129694,0.2091;0.3202;0.2520;0.1358;0.0563;0.0192;0.0056;0.0014;0.0003;0.0001,0.1572;0.2841;0.2632;0.1666;0.0811;0.0323;0.0110;0.0033;0.0009;0.0003,3.5,,,9.5,[],5,9,1,1,1,2,0
v3,2026-09-05,2026-09-05,2026-09-05,15:00,League 1,Doncaster,Plymouth,5.065540780956506,5.5886382889125015,10.654179069869008,10.5,0.8007636441384202,0.7055743656230556,0.598793982777992,0.48874342090401185,0.38352923625797597,0.28947725803832275,0.21034881207571232,0.6930880117550418,0.7572192015576559,0.5130337011789323,0.16876443939737246,0.12527874001056477,0.4430728472251129,0.398965,0.501485,0.0153;0.0530;0.1005;0.1381;0.1536;0.1462;0.1235;0.0947;0.0671;0.0444;0.0277;0.0164;0.0093;0.0050;0.0026;0.0026,0.0097;0.0374;0.0782;0.1175;0.1417;0.1456;0.1319;0.1080;0.0813;0.0570;0.0375;0.0234;0.0139;0.0079;0.0043;0.0046,1.4163752997377106,1.2744855766457288,0.40008017910918325,0.2652762650864102,0.3346435558044065,0.5493289236906227,0.5041341060158802,0.2795747510168102,0.24259174755174764,4,M Corlett,1.1062422186316168,2.008373391480047,2.416653945967361,4.425027337447408,0.8055998204726115,0.6344755521313504,0.4501248547801612,0.2882475956231622,0.16760113550848693,0.5887879134192543,0.6859770226308587,0.1052982972888924,0.1417;0.2695;0.2634;0.1762;0.0908;0.0384;0.0139;0.0044;0.0013;0.0004,0.0958;0.2182;0.2546;0.2030;0.1244;0.0624;0.0267;0.0100;0.0034;0.0014,3.5,,,10.5,"[{""market"": ""Cards total"", ""pick"": ""Over 3.5"", ""p"": 0.634}]",7,3,2,3,3,0,0
v3,2026-09-05,2026-09-05,2026-09-05,15:00,League 2,Exeter,Walsall,6.090877061807659,4.269518838800263,10.360395900607923,10.5,0.7788570401052246,0.6782348174526309,0.567832077952071,0.45654028328915547,0.35246977378938477,0.2614776447953012,0.18660019688337687,0.8107119394505151,0.5768200570781491,0.45640603358867593,0.09151909654603871,0.25628747733102725,0.694855172927044,0.630679,0.276962,0.0060;0.0259;0.0596;0.0978;0.1276;0.1408;0.1362;0.1185;0.0943;0.0695;0.0480;0.0313;0.0193;0.0114;0.0065;0.0073,0.0297;0.0864;0.1401;0.1669;0.1625;0.1367;0.1028;0.0707;0.0451;0.0270;0.0153;0.0083;0.0043;0.0022;0.0010;0.0009,1.439653582912498,1.1931638991608062,0.42375964747573874,0.26705132725253966,0.30918902527172154,0.5353094769281299,0.48977752836854815,0.30326025972669474,0.23700984872410852,4,B Blair,1.0,1.79340435795592,2.2101238500248432,4.0035282079807635,0.7510567487305571,0.5596981237313668,0.37172979574580717,0.22123232816722077,0.11895923534938922,0.5293278432753071,0.6398500572003988,0.13991713109696968,0.1739;0.2968;0.2605;0.1565;0.0725;0.0275;0.0089;0.0026;0.0007;0.0002,0.1164;0.2437;0.2615;0.1916;0.1079;0.0497;0.0196;0.0067;0.0021;0.0008,3.5,,,9.5,[],4,8,0,0,0,1,0
v3,2026-09-05,2026-09-05,2026-09-05,12:30,League 2,Fleetwood,Shrewsbury,5.378598447302413,3.968468766093967,9.34706721339638,9.5,0.6887589090408274,0.5715879783103566,0.4532204370734754,0.3433596451584979,0.24877207628308484,0.17262784404270484,0.11493645147539981,0.7403719550580782,0.5300647504224375,0.37949286300069734,0.1342278673317154,0.29235101000871977,0.664899544082495,0.596756,0.300757,0.0103;0.0400;0.0839;0.1254;0.1492;0.1502;0.1326;0.1053;0.0765;0.0516;0.0325;0.0194;0.0110;0.0059;0.0031;0.0029,0.0359;0.1004;0.1561;0.1776;0.1646;0.1315;0.0937;0.0609;0.0367;0.0207;0.0111;0.0056;0.0027;0.0013;0.0006;0.0004,1.3208759113402315,1.0231254079601841,0.43048677525462276,0.28435270767869886,0.2851605170666784,0.4734616422956212,0.41559482380499513,0.3594696932205179,0.2669014175714325,4,E Duckworth,1.026195155079547,1.6984243031724786,2.0177869557976735,3.7162112589701524,0.7069393354760647,0.5038865758896789,0.3177551107152333,0.1786834716804601,0.0904882545478793,0.5012105739140925,0.5918888979995963,0.14443298115890302,0.1903;0.3085;0.2571;0.1467;0.0645;0.0232;0.0072;0.0019;0.0005;0.0001,0.1398;0.2683;0.2640;0.1774;0.0916;0.0388;0.0140;0.0044;0.0013;0.0004,3.5,,,9.5,[],3,4,2,0,3,5,0
v3,2026-09-05,2026-09-05,2026-09-05,15:00,League 1,Huddersfield,Notts County,5.371909316724125,4.081085469007186,9.45299478573131,9.5,0.6992557193284649,0.5835719842435126,0.46563558835457075,0.35517159144071647,0.2591928846669133,0.18122053073624722,0.12160252310444529,0.7389274391930978,0.5490951832743909,0.39273555608350824,0.13535473488282784,0.2766379386736822,0.6504493458743905,0.583487,0.313565,0.0104;0.0405;0.0845;0.1257;0.1492;0.1499;0.1322;0.1050;0.0763;0.0514;0.0325;0.0194;0.0110;0.0060;0.0031;0.0029,0.0328;0.0941;0.1498;0.1743;0.1650;0.1345;0.0977;0.0647;0.0397;0.0228;0.0124;0.0064;0.0032;0.0015;0.0007;0.0005,1.6697387192272046,1.167936228831504,0.48750383100601113,0.24895278504908175,0.2635433839449071,0.5626833984157213,0.5394784022331001,0.31100812901534264,0.18829625740368472,4,R Martin,0.9833798747156287,1.9067570427790927,2.2125724784017047,4.119329521180798,0.7672032750833194,0.5811255044565654,0.39345997898870694,0.23918965862667,0.13155108174094923,0.561524906662541,0.6403246122727282,0.09203472471044427,0.1560;0.2825;0.2629;0.1675;0.0821;0.0330;0.0114;0.0034;0.0009;0.0003,0.1163;0.2434;0.2613;0.1917;0.1081;0.0499;0.0197;0.0068;0.0021;0.0008,3.5,,,10.5,"[{""market"": ""Corners total"", ""pick"": ""Under 10.5"", ""p"": 0.645}]",9,6,1,1,1,2,0
v3,2026-09-05,2026-09-05,2026-09-05,15:00,League 1,Leicester,Oxford Utd,6.388744919367807,4.643879369316122,11.032624288683929,10.5,0.8263540589425383,0.7383114426894378,0.6367982249466346,0.5292632839989437,0.4235917901690635,0.32650107419628016,0.24254181039768374,0.8332551975907571,0.6319075425500007,0.5162609407205422,0.07895671729753971,0.21450280378350728,0.6792564135519902,0.618261,0.291942,0.0050;0.0220;0.0520;0.0878;0.1182;0.1346;0.1346;0.1211;0.0998;0.0762;0.0546;0.0369;0.0237;0.0146;0.0086;0.0104,0.0227;0.0704;0.1214;0.1536;0.1586;0.1415;0.1127;0.0820;0.0554;0.0351;0.0211;0.0120;0.0066;0.0035;0.0018;0.0017,1.6767422690264786,1.2262138141914614,0.47598489298432806,0.2474989006286396,0.2765162063870324,0.5778612231423762,0.5547204443485918,0.29340134937370144,0.18698212236452671,3,D Whitestone,0.9220528715351012,1.655690278479549,1.902669548523094,3.558359827002643,0.6801412454814834,0.47178964677156615,0.28837445285881497,0.15676664399902784,0.07661439891735464,0.4882007057532184,0.5608517605837197,0.07196643742333986,0.1981;0.3137;0.2551;0.1421;0.0609;0.0214;0.0064;0.0017;0.0004;0.0001,0.1561;0.2831;0.2633;0.1674;0.0818;0.0327;0.0112;0.0033;0.0009;0.0003,3.5,,,10.5,[],10,5,0,4,1,1,0
v3,2026-09-05,2026-09-05,2026-09-05,12:30,Championship,Lincoln,Southampton,5.695683371500706,5.5932106614742505,11.288894032974955,11.5,0.8420830176604367,0.7588965410424804,0.6612449058261826,0.5559266489958774,0.45055857454485193,0.35199282342476046,0.2652139337134763,0.7653836317284317,0.754089521854568,0.5665225253519517,0.12089478831168596,0.12824477402108828,0.5107107075943889,0.461519,0.442161,0.0094;0.0361;0.0754;0.1137;0.1381;0.1432;0.1313;0.1091;0.0835;0.0595;0.0400;0.0255;0.0155;0.0090;0.0051;0.0056,0.0103;0.0386;0.0793;0.1177;0.1408;0.1439;0.1303;0.1069;0.0809;0.0571;0.0379;0.0239;0.0144;0.0083;0.0046;0.0051,1.3082887712044775,1.549358476447409,0.3185431632587622,0.25481434269682723,0.42664249404441057,0.5782280337385415,0.5441735583699923,0.21238417958587255,0.27028217551779676,4,A Kitchen,0.8896391248567129,1.9446743833421778,1.877574938022291,3.8222493213644686,0.7239102658827898,0.5249016811193125,0.3376417505358275,0.19401815922449447,0.10052186672497786,0.5722046287109436,0.5536122423809635,0.09350947031847479,0.1501;0.2777;0.2636;0.1711;0.0854;0.0349;0.0122;0.0037;0.0010;0.0003,0.1601;0.2863;0.2627;0.1649;0.0796;0.0315;0.0107;0.0032;0.0008;0.0003,3.5,,,10.5,[],4,6,1,1,3,0,0
v3,2026-09-05,2026-09-05,2026-09-05,15:00,League 1,Luton,Leyton Orient,5.793504581003512,4.29296588549231,10.086470466495822,9.5,0.7567572148004651,0.6512469281965495,0.5379254258874545,0.42610344121759003,0.32374508381791045,0.23613965281022165,0.1655713269263053,0.7828205903506262,0.5817799641292218,0.4434339832420336,0.10819802501728099,0.2515823477707332,0.6657569488776027,0.601154,0.301809,0.0076;0.0313;0.0692;0.1090;0.1368;0.1453;0.1354;0.1136;0.0872;0.0621;0.0415;0.0261;0.0157;0.0090;0.0049;0.0052,0.0286;0.0844;0.1386;0.1666;0.1633;0.1380;0.1040;0.0715;0.0456;0.0273;0.0154;0.0083;0.0043;0.0021;0.0010;0.0009,1.6796326066203486,1.2102956772647504,0.480268952411581,0.24752641592619312,0.2722046316622258,0.5744182046397359,0.5517028455568956,0.2981091223076203,0.18644246118407018,4,O Yates,1.0710414682268363,2.1039381170310536,2.7174008629203583,4.8213389799514115,0.8470528714233934,0.696369739268166,0.5207802378690087,0.35400163574370636,0.2195488524767009,0.613084260040136,0.7442072231204421,0.10258083096264592,0.1296;0.2573;0.2626;0.1836;0.0989;0.0437;0.0165;0.0055;0.0016;0.0006,0.0722;0.1836;0.2394;0.2132;0.1457;0.0816;0.0389;0.0163;0.0061;0.0030,3.5,,,10.5,"[{""market"": ""Cards total"", ""pick"": ""Over 3.5"", ""p"": 0.696}]",7,2,1,1,2,4,0
v3,2026-09-05,2026-09-05,2026-09-05,15:00,Championship,Millwall,Bolton,6.372633543816105,4.645013866273953,11.017647410090056,10.5,0.8253957167186909,0.737069014016271,0.6353366379544526,0.5276842395777148,0.4220099173866669,0.32501994341588575,0.24123706515540694,0.8319866696318401,0.6321472930855647,0.5156173344417182,0.07967875938334366,0.21428734148869016,0.6777738564241297,0.616758,0.293218,0.0051;0.0222;0.0524;0.0883;0.1187;0.1349;0.1346;0.1209;0.0994;0.0759;0.0542;0.0366;0.0235;0.0144;0.0085;0.0103,0.0227;0.0703;0.1213;0.1536;0.1587;0.1415;0.1128;0.0821;0.0554;0.0351;0.0211;0.0120;0.0066;0.0035;0.0018;0.0017,1.673011068071577,1.0940147324888598,0.505470642922177,0.24944122993363047,0.2450881271441925,0.5437491319110047,0.5226493021576999,0.33486938038537295,0.1876810934278776,4,W Finnie,0.9351561365549489,1.5435373207612737,1.8789906035637827,3.422527924325056,0.6555858011466126,0.4434868847877669,0.2634436142585822,0.13887081762987763,0.06571359338971872,0.45280168594129916,0.5543355552151747,0.08582581442917825,0.2207;0.3265;0.2483;0.1293;0.0519;0.0171;0.0048;0.0012;0.0003;0.0001,0.1595;0.2861;0.2630;0.1652;0.0797;0.0315;0.0106;0.0031;0.0008;0.0003,3.5,,,10.5,[],3,9,4,0,1,2,1
v3,2026-09-05,2026-09-05,2026-09-05,15:00,League 2,Northampton,Newport,6.543515640949859,3.790593812025329,10.334109452975188,10.5,0.7768071907577232,0.6757071385581368,0.5650037854126279,0.4536339639300273,0.3497004739813382,0.25901137053465395,0.18453375434988206,0.8497342345550069,0.4956877808590194,0.41134192734893754,0.068896461418151,0.3252110669325886,0.7803266069865794,0.717268,0.201922,0.0040;0.0186;0.0463;0.0814;0.1133;0.1328;0.1359;0.1245;0.1041;0.0805;0.0581;0.0395;0.0254;0.0156;0.0092;0.0110,0.0447;0.1144;0.1661;0.1791;0.1594;0.1235;0.0861;0.0552;0.0330;0.0186;0.0100;0.0051;0.0025;0.0012;0.0006;0.0004,1.4950015076038439,1.0383264960851388,0.47375823535463996,0.2669621328206997,0.2592796318246604,0.5047967187608973,0.46470710767730594,0.35404668497428177,0.2242482666527317,4,A Young,1.0595042384770839,1.804849210619043,2.218904787462667,4.02375399808171,0.7539428673037801,0.5634869278575599,0.37553055252353074,0.22433901665183054,0.12111385301090512,0.5326476642862398,0.6419186316346908,0.1461268067791598,0.1720;0.2954;0.2608;0.1577;0.0734;0.0281;0.0092;0.0026;0.0007;0.0002,0.1155;0.2426;0.2612;0.1922;0.1086;0.0503;0.0198;0.0069;0.0021;0.0008,3.5,,,9.5,"[{""market"": ""Corner dominance"", ""pick"": ""Home"", ""p"": 0.717}]",2,0,1,0,3,2,0
v3,2026-09-05,2026-09-05,2026-09-05,12:30,League 1,Peterborough,Sheffield Wed,5.1146225756764565,5.624598624879881,10.739221200556337,10.5,0.8067672876092452,0.7131746570660681,0.6075246883712034,0.497953986489709,0.3925393892642678,0.2977153012119204,0.21743524703371014,0.6990892923733854,0.7607469616263861,0.5201973831856102,0.16469327881730272,0.12311657792080515,0.4448200090990375,0.400763,0.500193,0.0148;0.0515;0.0984;0.1362;0.1525;0.1462;0.1243;0.0960;0.0684;0.0455;0.0286;0.0171;0.0097;0.0053;0.0028;0.0028,0.0095;0.0367;0.0770;0.1161;0.1407;0.1451;0.1321;0.1086;0.0822;0.0579;0.0383;0.0240;0.0144;0.0082;0.0045;0.0048,1.4255500062241921,1.832154289699732,0.29780296029743614,0.23311987420889801,0.46907716549366585,0.6410468762741564,0.6320086506150352,0.16006836244806477,0.24037621842766663,4,A Humphries,0.991567899585583,1.5652178405362864,1.9622361949124112,3.527454035448698,0.6746764908932569,0.46540143904861403,0.28266796427913493,0.15261308680165075,0.07404921839057198,0.45971386698064703,0.5772255874738336,0.10254519555701869,0.2162;0.3241;0.2497;0.1318;0.0536;0.0179;0.0051;0.0013;0.0003;0.0001,0.1473;0.2754;0.2640;0.1728;0.0869;0.0358;0.0126;0.0039;0.0011;0.0003,3.5,,,10.5,"[{""market"": ""BTTS"", ""pick"": ""Yes"", ""p"": 0.641}, {""market"": ""Goals 2.5"", ""pick"": ""Over"", ""p"": 0.632}]",4,9,1,2,2,3,0
v3,2026-09-05,2026-09-05,2026-09-05,15:00,Championship,Portsmouth,Cardiff,6.517768176772288,4.73162208202126,11.249390258793547,10.5,0.8397396657832156,0.7558060872432982,0.6575465423217878,0.5518620880625315,0.44641642819077193,0.3480475044774412,0.26167844474027513,0.8425772812618396,0.6436905549588945,0.5324806210867598,0.07379097876966854,0.20601812186409107,0.6807129892806439,0.620533,0.29106,0.0046;0.0204;0.0489;0.0836;0.1141;0.1318;0.1337;0.1220;0.1019;0.0790;0.0574;0.0394;0.0257;0.0160;0.0096;0.0120,0.0215;0.0672;0.1174;0.1503;0.1572;0.1419;0.1145;0.0844;0.0578;0.0371;0.0226;0.0131;0.0073;0.0039;0.0020;0.0019,1.5805813582743062,1.2514946571412495,0.4467600672055857,0.2543353225530428,0.2989046102413715,0.5704529090897242,0.5381571907116686,0.2860768902860312,0.20585538767796532,4,B Speedie,0.9093496702339783,1.408107011335127,1.9484352627676715,3.3565422741027984,0.6431530093043933,0.42954283489793776,0.2514927207470495,0.13052473325171068,0.06076796722869766,0.4080907321088047,0.5736240151915329,0.0822349978458573,0.2516;0.3403;0.2368;0.1130;0.0416;0.0126;0.0032;0.0007;0.0002;0.0000,0.1491;0.2772;0.2640;0.1717;0.0857;0.0350;0.0122;0.0037;0.0010;0.0003,3.5,,,10.5,[],5,7,2,0,0,4,0
v3,2026-09-05,2026-09-05,2026-09-05,12:30,Championship,Preston,Blackburn,5.657337365052839,4.656634144876693,10.313971509929532,10.5,0.7752267047363038,0.6737617078299238,0.5628308676473237,0.4514050806280787,0.34758045893037803,0.2571267008219812,0.18295744277309375,0.7668504285699546,0.6373005196567947,0.476591198326924,0.11858363781696737,0.20883752144308376,0.6105394303630183,0.549769,0.350695,0.0088;0.0349;0.0748;0.1146;0.1404;0.1460;0.1336;0.1102;0.0834;0.0587;0.0388;0.0242;0.0144;0.0082;0.0045;0.0047,0.0212;0.0679;0.1198;0.1539;0.1604;0.1437;0.1145;0.0830;0.0557;0.0349;0.0207;0.0117;0.0063;0.0033;0.0016;0.0015,1.2717755263248562,1.141088312286145,0.39019585474816165,0.2828115579018787,0.3269925873499597,0.49365289611698654,0.4336485266205879,0.3194711481774317,0.2803334402391551,4,A Backhouse,1.062005549779014,1.7989525421703914,2.2833506304176523,4.082303172588044,0.7621395933900975,0.5743446908409784,0.3865212665437853,0.23340420510433382,0.12745807424975356,0.5308864777598116,0.6568847177203765,0.09227642060260544,0.1730;0.2961;0.2606;0.1571;0.0729;0.0278;0.0091;0.0026;0.0007;0.0002,0.1086;0.2345;0.2595;0.1962;0.1139;0.0541;0.0219;0.0078;0.0025;0.0010,3.5,,,10.5,[],3,11,2,1,4,2,0
v3,2026-09-05,2026-09-05,2026-09-05,15:00,Championship,QPR,Middlesbrough,5.17556278442552,5.006744130683254,10.182306915108775,9.5,0.764675919127581,0.6608510953467805,0.5484952965396764,0.43678656177586517,0.3337574363559668,0.24491008112217835,0.1727993237497409,0.7100979937420104,0.6877780350348657,0.4756777946046179,0.1560373199001168,0.1716319616604265,0.5190621742823535,0.465339,0.43116,0.0133;0.0481;0.0946;0.1339;0.1524;0.1479;0.1269;0.0985;0.0703;0.0468;0.0293;0.0174;0.0098;0.0053;0.0028;0.0027,0.0155;0.0538;0.1023;0.1406;0.1557;0.1473;0.1234;0.0937;0.0656;0.0428;0.0263;0.0153;0.0085;0.0046;0.0023;0.0022,1.4871891724080253,1.3503469132406427,0.4021902416589227,0.2572716054379072,0.3405381529031701,0.5769410601392805,0.5394456604501972,0.25915034236478857,0.22600703035955977,4,A Madley,0.9873355221322694,1.6590070505780625,1.7054750082712897,3.3644820588493523,0.6446664798724501,0.4312267252640196,0.2529243579499231,0.13151650385804026,0.06135092051966985,0.4893583807631037,0.5036025062221237,0.09063247466323232,0.1973;0.3134;0.2555;0.1425;0.0611;0.0215;0.0065;0.0017;0.0004;0.0001,0.1886;0.3078;0.2577;0.1476;0.0650;0.0235;0.0072;0.0020;0.0005;0.0001,3.5,,,10.5,[],12,3,0,1,1,2,0
v3,2026-09-05,2026-09-05,2026-09-05,15:00,League 1,Reading,Blackpool,6.389935435460606,4.368896204789291,10.758831640249896,10.5,0.8081305919633522,0.714907204632773,0.609522616709813,0.5000698670842358,0.3946172190397348,0.2996224011709172,0.21908207200097665,0.8349054901574264,0.5910509652090185,0.48306206878003505,0.0777306102170027,0.2458139544696404,0.7087899621998797,0.646162,0.265479,0.0048;0.0215;0.0514;0.0874;0.1182;0.1350;0.1353;0.1218;0.1002;0.0765;0.0546;0.0368;0.0236;0.0144;0.0084;0.0101,0.0281;0.0825;0.1352;0.1631;0.1611;0.1377;0.1053;0.0737;0.0479;0.0293;0.0169;0.0094;0.0050;0.0025;0.0013;0.0011,1.7067509394657625,1.3410675473980598,0.4579053442211224,0.24306997182558865,0.29902468395328896,0.6077007261346385,0.5874374389521498,0.2615662850722419,0.18145439220596454,3,D Rock,1.018983965905309,1.7133299944532359,1.8822380435086674,3.595568037961903,0.6866252536924862,0.4794373101934292,0.29526726655600816,0.1618286964596028,0.07976870798829824,0.5058186822310208,0.5551078192598183,0.08157250013467465,0.1874;0.3068;0.2579;0.1484;0.0657;0.0239;0.0074;0.0020;0.0005;0.0001,0.1592;0.2857;0.2629;0.1654;0.0800;0.0317;0.0107;0.0032;0.0008;0.0003,3.5,,,10.5,"[{""market"": ""BTTS"", ""pick"": ""Yes"", ""p"": 0.608}]",6,3,3,1,0,1,0
v3,2026-09-05,2026-09-05,2026-09-05,15:00,League 2,Rochdale,Gillingham,5.668810544169263,3.961815443319633,9.630625987488896,9.5,0.7162904507838733,0.6032563202656988,0.48627592351192006,0.37504797322353056,0.2769418719211394,0.19603419874103856,0.1332349473181791,0.7721821372724096,0.527908502127025,0.3953746379980033,0.11421916027979291,0.2950200632722425,0.6930140160096273,0.62543,0.277048,0.0081;0.0332;0.0729;0.1136;0.1409;0.1477;0.1356;0.1119;0.0844;0.0590;0.0386;0.0238;0.0140;0.0078;0.0042;0.0042,0.0368;0.1016;0.1566;0.1771;0.1636;0.1306;0.0932;0.0607;0.0367;0.0209;0.0112;0.0058;0.0028;0.0013;0.0006;0.0005,1.4134535879375103,1.1378266084791437,0.42923462642293136,0.27132483285371944,0.29944054072334914,0.5179277940422871,0.4692720187417761,0.3205148696675272,0.24330156716242515,4,J Robinson,1.0,1.7824730936915756,2.4109752650940837,4.193448358785659,0.7770650609909929,0.594496196360094,0.40731289361007905,0.25088457607739556,0.1399284395547646,0.5259829221989675,0.6849932836216588,0.14604495741041656,0.1759;0.2981;0.2599;0.1553;0.0715;0.0271;0.0088;0.0025;0.0006;0.0002,0.0962;0.2188;0.2550;0.2029;0.1240;0.0620;0.0264;0.0099;0.0033;0.0014,3.5,,,9.5,[],6,6,1,4,3,1,1
v3,2026-09-05,2026-09-05,2026-09-05,12:30,League 2,Salford,Port Vale,6.013002504206763,3.5767380231183514,9.589740527325114,9.5,0.7124326278542142,0.5987724497518693,0.48154695327343955,0.3704676412210163,0.27282814698754526,0.19258102387122844,0.13050777399602326,0.8078879365907927,0.459233976782383,0.3599705125427005,0.09228690289253903,0.3560077465239587,0.765265960826101,0.697928,0.214079,0.0059;0.0259;0.0605;0.0998;0.1306;0.1437;0.1382;0.1190;0.0935;0.0679;0.0460;0.0294;0.0178;0.0103;0.0057;0.0060,0.0512;0.1269;0.1779;0.1848;0.1580;0.1176;0.0786;0.0482;0.0276;0.0148;0.0076;0.0037;0.0017;0.0008;0.0003;0.0003,1.4535313314432379,1.0223476693791909,0.46666066098079784,0.2713870813621505,0.26195225765705166,0.4943449902921762,0.44998471597793244,0.35974937541535207,0.23374340352084036,4,B Atkinson,1.1104379808364457,1.8828595775297488,2.4604944390084924,4.343354016538241,0.7959205337234245,0.6206911617864708,0.4351238088868711,0.2749453473413443,0.15759230656972084,0.5546742779387298,0.6952581708400014,0.1624911361192598,0.1598;0.2855;0.2623;0.1651;0.0801;0.0319;0.0109;0.0033;0.0009;0.0003,0.0918;0.2129;0.2529;0.2051;0.1278;0.0652;0.0283;0.0108;0.0037;0.0016,3.5,,,9.5,"[{""market"": ""Cards total"", ""pick"": ""Over 3.5"", ""p"": 0.621}, {""market"": ""Corner dominance"", ""pick"": ""Home"", ""p"": 0.698}]",6,6,1,0,1,2,0
v3,2026-09-05,2026-09-05,2026-09-05,15:00,Championship,Sheffield Utd,Norwich,5.032636642522846,5.302549034078287,10.335185676601132,10.5,0.7768914090181752,0.6758108880922081,0.5651197614761208,0.4537530242392704,0.3498138113526477,0.2591122084530267,0.1846181626254601,0.6904351484931072,0.7252702748309308,0.4883207249499139,0.17004282406683863,0.14594925329487368,0.4698772110469546,0.421813,0.475896,0.0153;0.0533;0.1014;0.1395;0.1549;0.1470;0.1236;0.0942;0.0662;0.0435;0.0269;0.0158;0.0088;0.0047;0.0025;0.0023,0.0121;0.0446;0.0893;0.1288;0.1493;0.1475;0.1287;0.1016;0.0738;0.0499;0.0318;0.0192;0.0110;0.0061;0.0032;0.0032,1.4747095835593607,1.3875795348393063,0.39137350709866575,0.2563746189948803,0.352251873906454,0.5821213181219664,0.5452607772627411,0.24967891294066544,0.22884517779755337,4,J Smith,0.9992531633075443,1.6606620838587005,2.4068556648389197,4.06751774869762,0.7600917047799313,0.5716183365282659,0.38374770491157245,0.23110513258547688,0.12584106680942572,0.4893941717206978,0.6842362505419428,0.12306828885768983,0.1977;0.3129;0.2549;0.1424;0.0614;0.0217;0.0066;0.0018;0.0004;0.0001,0.0965;0.2193;0.2553;0.2028;0.1237;0.0618;0.0263;0.0098;0.0033;0.0014,3.5,,,10.5,[],7,4,1,3,2,3,0
v3,2026-09-05,2026-09-05,2026-09-05,12:30,Championship,Stoke,Charlton,6.029907953050233,4.139091726989622,10.168999680039855,9.5,0.7635884676576735,0.6595278808326053,0.5470342872187384,0.43530509406495965,0.33236447547596737,0.24368594336001048,0.17178720346367854,0.8060549028935229,0.5561159284011741,0.43686713655125053,0.09408591649027459,0.27277222989364414,0.7042321788190564,0.639045,0.26839,0.0062;0.0267;0.0612;0.0999;0.1296;0.1421;0.1366;0.1179;0.0931;0.0681;0.0466;0.0301;0.0185;0.0108;0.0061;0.0067,0.0328;0.0929;0.1471;0.1711;0.1629;0.1341;0.0988;0.0665;0.0416;0.0244;0.0136;0.0072;0.0037;0.0018;0.0009;0.0007,1.3055499652261726,1.1055091322946389,0.4073801138773385,0.2819165180330051,0.3107033680896564,0.49153927509120493,0.43317795680399546,0.3310422950057407,0.2710234405831745,4,R Madley,1.0099582224255896,1.8398541710026444,2.260373478762042,4.100227649764687,0.7646024428398197,0.5776356436477531,0.38988162178071,0.2362000188600311,0.12943175074256671,0.5426843967821111,0.6515723550176334,0.11422294060379112,0.1663;0.2910;0.2616;0.1611;0.0764;0.0297;0.0099;0.0029;0.0008;0.0002,0.1110;0.2374;0.2602;0.1948;0.1120;0.0528;0.0212;0.0075;0.0024;0.0009,3.5,,,10.5,[],5,3,4,0,1,5,1
v3,2026-09-05,2026-09-05,2026-09-05,20:00,Championship,Swansea,Wrexham,5.2540834427443865,4.413422012425116,9.667505455169502,9.5,0.7197379270300857,0.607276316463708,0.4905294845129677,0.3791812688208454,0.28066620140476345,0.1991706942826226,0.1357200939390035,0.7230661482435559,0.6029797678844275,0.4227928870926696,0.1462888351932826,0.23370136149223233,0.5977279889118319,0.535041,0.360084,0.0119;0.0444;0.0900;0.1306;0.1517;0.1495;0.1297;0.1014;0.0728;0.0485;0.0304;0.0180;0.0101;0.0055;0.0028;0.0027,0.0249;0.0771;0.1317;0.1633;0.1642;0.1417;0.1086;0.0757;0.0488;0.0294;0.0167;0.0090;0.0047;0.0023;0.0011;0.0009,1.4995945961727564,1.151562168929463,0.4486247058512309,0.2636210265395984,0.28775426760917067,0.5348623276039558,0.4943359231749605,0.31614251541061367,0.22322063630777902,4,E Bell,1.0412537630272805,1.5687871722021496,2.2489017626667285,3.817688934868878,0.723197195189119,0.5240075452366396,0.3367850014338946,0.19334925682681672,0.10007875220313901,0.4606805675028448,0.6491711759815791,0.10678971737531939,0.2158;0.3235;0.2497;0.1321;0.0539;0.0181;0.0052;0.0013;0.0003;0.0001,0.1120;0.2388;0.2607;0.1942;0.1111;0.0520;0.0208;0.0073;0.0023;0.0009,3.5,,,10.5,"[{""market"": ""Corners total"", ""pick"": ""Under 10.5"", ""p"": 0.621}]",5,2,0,0,3,0,0
v3,2026-09-05,2026-09-05,2026-09-05,15:00,League 2,Swindon,Colchester,5.2719634870651175,4.959721301884519,10.231684788949636,9.5,0.7686770919532656,0.6657316621892254,0.553897315164729,0.442277655551731,0.33893314318156503,0.24946966930749523,0.1765784598129409,0.7220569848017286,0.6810944891422452,0.4791878451524318,0.14794948197049212,0.17648512733885507,0.5350984258684015,0.48002,0.417049,0.0123;0.0452;0.0904;0.1300;0.1502;0.1478;0.1285;0.1010;0.0730;0.0492;0.0311;0.0187;0.0107;0.0058;0.0031;0.0030,0.0162;0.0556;0.1047;0.1424;0.1564;0.1469;0.1223;0.0923;0.0642;0.0417;0.0255;0.0148;0.0082;0.0044;0.0022;0.0021,1.4822072630483947,1.2229979370823147,0.42818722299115025,0.26265578294625935,0.30915699406259034,0.5490102083774223,0.5076497345079498,0.29434641084324364,0.22713578624461672,4,S Gill,0.9772313434382149,1.838402252698828,1.4778411625312717,3.3162434152300997,0.6353975464275718,0.42097227768571327,0.2442551272515565,0.12554457810893607,0.05786032954712279,0.5428887240844241,0.4313986828876175,0.11228346162232339,0.1658;0.2913;0.2623;0.1613;0.0762;0.0295;0.0097;0.0028;0.0007;0.0002,0.2351;0.3335;0.2432;0.1215;0.0467;0.0148;0.0040;0.0009;0.0002;0.0000,3.5,,,9.5,[],4,6,3,1,2,0,0
v3,2026-09-05,2026-09-05,2026-09-05,15:00,League 2,Tranmere,Oldham,5.231072257563345,4.4669269195541625,9.697999177117508,9.5,0.72256529806498,0.610582496462484,0.49403759074940856,0.38259976930301,0.28375511865114234,0.20177937988168418,0.13779284840812994,0.7199747580629239,0.6112864418238136,0.42689418165372234,0.14843064459069807,0.22730705586192668,0.5887805592755858,0.526906,0.368005,0.0121;0.0452;0.0911;0.1316;0.1521;0.1494;0.1292;0.1007;0.0721;0.0480;0.0300;0.0177;0.0100;0.0054;0.0028;0.0026,0.0238;0.0747;0.1288;0.1614;0.1638;0.1426;0.1102;0.0774;0.0502;0.0305;0.0175;0.0095;0.0049;0.0025;0.0012;0.0010,1.2432436798849484,1.3562669868572823,0.338053561343957,0.2709584082514704,0.3909880304045726,0.5320011532969575,0.4814475726110109,0.25762068556815615,0.28844706889972543,4,S Stockbridge,1.0859985343059504,2.3864444318080262,2.192233004931564,4.57867743673959,0.8227242756173004,0.6594592209602328,0.47798031278160563,0.31355565193643326,0.18711246447237367,0.6793526845848143,0.6350308145594188,0.1509639669434757,0.0988;0.2219;0.2557;0.2015;0.1220;0.0605;0.0256;0.0095;0.0032;0.0013,0.1189;0.2461;0.2614;0.1900;0.1063;0.0488;0.0191;0.0066;0.0020;0.0008,3.5,,,9.5,"[{""market"": ""Cards total"", ""pick"": ""Over 3.5"", ""p"": 0.659}]",2,10,2,0,3,2,0
v3,2026-09-05,2026-09-05,2026-09-05,15:00,Championship,West Brom,Watford,6.137889922209968,4.201119285330399,10.339009207540368,10.5,0.777190411189833,0.6761793020043888,0.565531669283986,0.45417596589729087,0.35021649907861074,0.25947055310804085,0.1849181782634309,0.8152073458496328,0.5657267869227012,0.450075355653969,0.08881600284199884,0.2652870433449809,0.7063980583209223,0.641961,0.26682,0.0058;0.0250;0.0581;0.0960;0.1262;0.1402;0.1364;0.1193;0.0954;0.0707;0.0490;0.0321;0.0199;0.0118;0.0067;0.0076,0.0315;0.0900;0.1438;0.1690;0.1625;0.1352;0.1006;0.0685;0.0433;0.0257;0.0145;0.0078;0.0040;0.0020;0.0010;0.0008,1.542641417983027,1.1404436150597725,0.46217972445591354,0.2602672600511822,0.2775530154929042,0.5384667442077514,0.5022229051298238,0.3196771767464552,0.21381557855040415,4,M Salisbury,0.9810425082584254,1.4956377618808019,2.10572387550595,3.601361637386752,0.6876255350439043,0.480623738657224,0.29634259263301455,0.16262283778481637,0.08026633000586926,0.43710454918139,0.614638562072871,0.09754822925137019,0.2314;0.3315;0.2444;0.1236;0.0482;0.0154;0.0042;0.0010;0.0002;0.0001,0.1284;0.2570;0.2635;0.1845;0.0992;0.0436;0.0164;0.0054;0.0016;0.0006,3.5,,,10.5,[],5,4,1,0,5,3,0
v3,2026-09-05,2026-09-05,2026-09-05,15:00,Championship,West Ham,Derby,7.038712735492495,4.218175214881476,11.25688795037397,10.5,0.8401866708914997,0.7563949538227147,0.6582504628942282,0.5526348520098779,0.44720307093823414,0.34879593734296294,0.26234838887127354,0.8798165525208618,0.5648704359820912,0.4882830727350771,0.05319830362489587,0.2683339504263862,0.7711382827743098,0.711563,0.211181,0.0029;0.0140;0.0363;0.0670;0.0979;0.1206;0.1299;0.1254;0.1105;0.0901;0.0687;0.0493;0.0336;0.0218;0.0136;0.0184,0.0331;0.0917;0.1436;0.1668;0.1597;0.1331;0.0998;0.0687;0.0441;0.0267;0.0154;0.0084;0.0045;0.0023;0.0011;0.0010,1.8286591321073207,1.1355324408775722,0.5326648525085304,0.23545491124180457,0.23188023624966508,0.5729368947690512,0.5687396504499049,0.32125102861045896,0.16062880544814664,4,O Langford,0.9477666027720757,1.499962958019928,2.5017283479824064,4.001691306002335,0.7507932341954136,0.5593530692455004,0.3713845328250176,0.22095083288176617,0.11876450375989038,0.4383030178718134,0.7040383208732558,0.10926720224243247,0.2308;0.3309;0.2444;0.1240;0.0486;0.0157;0.0043;0.0011;0.0002;0.0001,0.0881;0.2079;0.2512;0.2071;0.1310;0.0677;0.0298;0.0115;0.0040;0.0017,3.5,,,10.5,"[{""market"": ""Corner dominance"", ""pick"": ""Home"", ""p"": 0.712}]",5,6,3,0,0,2,0
v3,2026-09-05,2026-09-05,2026-09-05,12:30,League 1,Wigan,Stockport,5.148567140476144,5.288964837967128,10.437531978443271,10.5,0.7847863737985197,0.6855752337537648,0.5760779969444769,0.4650472576716045,0.360607815788763,0.26875394467850666,0.19272106365118863,0.7051759650404922,0.7230022592302358,0.4975748660919563,0.15989957841936173,0.14765836099797258,0.4844358641751408,0.435142,0.463103,0.0140;0.0496;0.0963;0.1349;0.1524;0.1471;0.1257;0.0973;0.0695;0.0462;0.0290;0.0172;0.0098;0.0053;0.0028;0.0027,0.0124;0.0452;0.0901;0.1293;0.1494;0.1472;0.1282;0.1011;0.0734;0.0496;0.0316;0.0191;0.0110;0.0060;0.0032;0.0032,1.4950981309081997,1.4741426480894664,0.3790254718927617,0.2512082580539054,0.3697662700533329,0.6015354532089818,0.5698833621759979,0.2289749550301432,0.22422660009097592,4,T Parsons,1.018702357097145,1.4222816641689153,1.8508204067720602,3.2731020709409755,0.6269585641407743,0.4117557913718345,0.23656337468535665,0.12031400103435869,0.05484230019215974,0.412904417567886,0.5464745776512594,0.07675646620029353,0.2481;0.3390;0.2383;0.1147;0.0426;0.0130;0.0034;0.0008;0.0002;0.0000,0.1638;0.2897;0.2626;0.1626;0.0773;0.0301;0.0100;0.0029;0.0008;0.0002,3.5,,,10.5,"[{""market"": ""BTTS"", ""pick"": ""Yes"", ""p"": 0.602}]",6,5,0,4,2,1,0
v3,2026-09-05,2026-09-05,2026-09-05,15:00,League 1,Wycombe,MK Dons,6.386108671378916,4.728356506115376,11.114465177494292,10.5,0.8315137930409596,0.745023623154844,0.6447214767930304,0.5378526467159425,0.43222608997023226,0.3346132830780596,0.24971253028229395,0.8325729232156978,0.6438798989163167,0.5258533973901808,0.07943398635683095,0.20559461681044822,0.6699834185274437,0.609578,0.300262,0.0051;0.0221;0.0523;0.0880;0.1182;0.1345;0.1344;0.1209;0.0996;0.0761;0.0545;0.0369;0.0238;0.0146;0.0086;0.0105,0.0213;0.0670;0.1173;0.1505;0.1575;0.1423;0.1147;0.0845;0.0577;0.0370;0.0224;0.0130;0.0072;0.0038;0.0020;0.0019,1.8183743335391196,1.2737716604644391,0.4988515568178922,0.2359405287081744,0.26520791447393344,0.6064955943809807,0.5971343958679006,0.27977441521871305,0.1622893649791726,4,S Martin,1.0903118018562585,1.7327774002424212,2.072110177868546,3.804887578110967,0.7211875287521631,0.5214929023976629,0.33438059353531474,0.1914759916881348,0.09884042675033729,0.5115262178431627,0.6059172415616233,0.07947105808120025,0.1841;0.3043;0.2585;0.1503;0.0673;0.0248;0.0078;0.0021;0.0005;0.0002,0.1328;0.2613;0.2637;0.1818;0.0963;0.0418;0.0155;0.0050;0.0015;0.0005,3.5,,,10.5,"[{""market"": ""BTTS"", ""pick"": ""Yes"", ""p"": 0.606}]",5,5,3,3,0,3,0
v3,2026-09-06,2026-09-06,2026-09-06,12:00,Championship,Birmingham,Wolves,5.427062265498561,4.616876509211647,10.043938774710208,9.5,0.7531779374225374,0.6469294341543657,0.5331996744955713,0.42135307774211656,0.3193172561442638,0.23228220908948682,0.16240963668405584,0.742074154096529,0.6326814320278425,0.456810766081851,0.1342504456055842,0.21172612390972007,0.5916549793652075,0.531062,0.366526,0.0105;0.0403;0.0834;0.1237;0.1468;0.1480;0.1314;0.1053;0.0774;0.0529;0.0340;0.0206;0.0119;0.0066;0.0035;0.0035,0.0215;0.0688;0.1214;0.1556;0.1616;0.1440;0.1140;0.0820;0.0545;0.0339;0.0199;0.0111;0.0059;0.0030;0.0015;0.0013,1.41255437295455,1.2800865182751264,0.39790310451031974,0.26527408724987034,0.3368228082398099,0.5498407586967465,0.5045710751790816,0.27801324618611994,0.2435204459717992,4,A Herczeg,0.9534352796183183,1.8311292708286733,1.7033790734309304,3.5345083442596037,0.675930160945238,0.46686236382992996,0.28396888772193374,0.15355700566671912,0.07463033302009849,0.5406275107358021,0.5028453353971932,0.11139718524640574,0.1672;0.2922;0.2619;0.1605;0.0756;0.0292;0.0096;0.0028;0.0007;0.0002,0.1892;0.3080;0.2575;0.1473;0.0648;0.0234;0.0072;0.0020;0.0005;0.0001,3.5,,,10.5,[],8,4,2,2,2,1,0
v3,2026-09-06,2026-09-06,2026-09-07,20:00,League 1,Bromley,AFC Wimbledon,5.041252863474562,5.119894220479016,10.161147083953578,9.5,0.7629449376370844,0.6587454804070279,0.5461711264794719,0.4344305720918349,0.33154288144778965,0.24296452292153983,0.17119122571731055,0.6925483537247075,0.7029803221550787,0.474091308826209,0.16822149011130139,0.160923223747167,0.49110381361061767,0.440165,0.456112,0.0150;0.0525;0.1007;0.1392;0.1551;0.1476;0.1242;0.0947;0.0665;0.0436;0.0269;0.0157;0.0088;0.0047;0.0024;0.0023,0.0140;0.0499;0.0971;0.1361;0.1536;0.1479;0.1258;0.0970;0.0688;0.0455;0.0283;0.0167;0.0094;0.0051;0.0026;0.0025,1.4333256684374909,1.3142652705046407,0.3960587094427999,0.26230255771393435,0.3416387328432658,0.5605174949723111,0.5179607684472491,0.26867165172591984,0.23851438203519124,4,L Sandoe,0.9705761444770361,1.744917341254082,1.891955568460484,3.6368729097145662,0.693701910249069,0.4878693802827781,0.3029448325191704,0.16752477446068276,0.08335442900397215,0.5152818081193488,0.5577980151099797,0.06343669974314303,0.1818;0.3029;0.2591;0.1517;0.0683;0.0253;0.0080;0.0022;0.0005;0.0002,0.1578;0.2844;0.2631;0.1663;0.0808;0.0322;0.0109;0.0033;0.0009;0.0003,3.5,,,10.5,[],4,4,0,2,1,1,0
v3,2026-09-06,2026-09-06,2026-09-08,19:45,Championship,Blackburn,Sheffield Utd,6.120592506389553,4.690618495286301,10.811211001675854,10.5,0.8117334774302365,0.7194979667157302,0.614830507334352,0.5057059335688099,0.4001665198351369,0.30472916249625004,0.22350351270026017,0.8108593218736773,0.639869317216014,0.5079022865397089,0.09194798218724957,0.20797905689570073,0.6507498790526149,0.589851,0.316566,0.0062;0.0261;0.0596;0.0972;0.1265;0.1394;0.1351;0.1179;0.0943;0.0700;0.0487;0.0321;0.0201;0.0120;0.0069;0.0079,0.0215;0.0678;0.1188;0.1522;0.1587;0.1427;0.1144;0.0836;0.0566;0.0360;0.0216;0.0124;0.0068;0.0036;0.0018;0.0017,1.4031758662822005,1.1761652881089015,0.41794681517891813,0.27061193253369603,0.3114412522873859,0.5253036898675278,0.4763718581481326,0.30845932619385413,0.24581504724717312,5,M Donohue,1.0678379288437514,2.4696968428415116,2.014033936852239,4.483730779693751,0.8123067645718683,0.6441676928917912,0.4608276986901423,0.2978779637036005,0.17495365140108754,0.6970232609905969,0.5902301033855518,0.15842759609204826,0.0911;0.2118;0.2524;0.2054;0.1284;0.0657;0.0287;0.0110;0.0038;0.0016,0.1410;0.2688;0.2633;0.1767;0.0913;0.0387;0.0140;0.0045;0.0013;0.0004,3.5,,,10.5,"[{""market"": ""Cards total"", ""pick"": ""Over 3.5"", ""p"": 0.644}]",7,3,1,2,1,2,0
v3,2026-09-06,2026-09-06,2026-09-08,20:00,Championship,Bolton,West Ham,5.803094064417365,5.157944183978281,10.961038248395646,10.5,0.8217336053460869,0.7323334422420562,0.6297799474282619,0.5216963053517487,0.4160265466902336,0.3194318971041406,0.23632702443315298,0.7786913921528434,0.703498196038663,0.5366418577947545,0.11195405641978509,0.1620004260235634,0.5686223604888054,0.513344,0.389442,0.0083;0.0329;0.0708;0.1094;0.1356;0.1430;0.1331;0.1119;0.0865;0.0622;0.0421;0.0269;0.0164;0.0096;0.0054;0.0060,0.0145;0.0506;0.0969;0.1345;0.1512;0.1457;0.1246;0.0968;0.0695;0.0466;0.0295;0.0178;0.0102;0.0056;0.0030;0.0030,1.3480368016294595,1.5152479896720654,0.3346988348819527,0.25559698027989713,0.40970418483815024,0.5810753947626052,0.5454937859812387,0.21975368144650362,0.2597497006053978,5,D Webb,0.8478479159036896,1.4444622896109762,1.7079515445119233,3.1524138341228998,0.6026034826583615,0.38578136463156637,0.2153930946516804,0.10625316199992806,0.04691755997026466,0.4203958024245604,0.5045052278670177,0.0907304482580632,0.2427;0.3370;0.2404;0.1175;0.0442;0.0136;0.0036;0.0008;0.0002;0.0000,0.1879;0.3076;0.2581;0.1480;0.0652;0.0235;0.0072;0.0020;0.0005;0.0001,3.5,,,10.5,"[{""market"": ""Cards total"", ""pick"": ""Under 3.5"", ""p"": 0.614}]",4,4,2,3,0,3,0
v3,2026-09-06,2026-09-06,2026-09-08,19:45,Championship,Cardiff,Stoke,6.2509233601338625,4.572397356226421,10.823320716360284,10.5,0.8125585003218015,0.7205516821366715,0.6160516967207041,0.507005681599251,0.40144927221644,0.3059123978183127,0.224530369467951,0.8225940232510585,0.6222165929396621,0.5011437525647087,0.08497806395069785,0.22148111066786375,0.6752318661148715,0.613501,0.295077,0.0055;0.0239;0.0556;0.0924;0.1225;0.1374;0.1352;0.1198;0.0972;0.0731;0.0516;0.0343;0.0217;0.0132;0.0076;0.0090,0.0238;0.0730;0.1247;0.1563;0.1598;0.1410;0.1112;0.0800;0.0534;0.0335;0.0198;0.0112;0.0061;0.0032;0.0016;0.0015,1.5641900993679174,1.2557075725885767,0.4417496086270224,0.2554362343958373,0.3028141569771403,0.5689930496330505,0.5352758968185227,0.2848742077146463,0.2092574222803241,5,S Allison,0.9891189826050014,1.8494965732351525,2.394467059157763,4.243963632392916,0.7835798065701957,0.6034513213340054,0.4167194228268675,0.25893558848650244,0.1457752644512125,0.5453234939162708,0.6814075105609813,0.1333456397107875,0.1649;0.2897;0.2617;0.1620;0.0772;0.0302;0.0101;0.0030;0.0008;0.0002,0.0978;0.2208;0.2556;0.2021;0.1227;0.0610;0.0259;0.0096;0.0032;0.0013,3.5,,,10.5,"[{""market"": ""Cards total"", ""pick"": ""Over 3.5"", ""p"": 0.603}]",7,5,1,1,1,2,0
v3,2026-09-06,2026-09-06,2026-09-08,19:45,Championship,Southampton,Swansea,5.99063468943258,4.686066543077307,10.676701232509888,10.5,0.8023681680333189,0.7076009466887686,0.6011166350349234,0.4911880948231094,0.38591520787304073,0.29165373619704676,0.21221671315927412,0.7992731399449249,0.6398625213850243,0.500147702239227,0.09880837146308144,0.20769529413011822,0.6393350197383398,0.578417,0.326299,0.0068;0.0284;0.0636;0.1019;0.1304;0.1415;0.1350;0.1160;0.0914;0.0669;0.0459;0.0298;0.0184;0.0108;0.0061;0.0069,0.0213;0.0676;0.1188;0.1524;0.1591;0.1430;0.1145;0.0836;0.0565;0.0358;0.0214;0.0122;0.0067;0.0035;0.0018;0.0016,1.6248400143715125,1.246465489792081,0.45880839745082364,0.2511188455762599,0.2900727569729164,0.5756030182013078,0.5473682501175999,0.2875192427178274,0.1969431807624592,5,L Smith,0.9970940820502814,1.7854937974284253,2.537944330120244,4.32343812754867,0.793497673499239,0.6172773239556245,0.43144813295925555,0.27172063406766783,0.15519187275981053,0.526770298039628,0.7109747951568952,0.12710310161489857,0.1755;0.2977;0.2599;0.1556;0.0718;0.0272;0.0088;0.0025;0.0006;0.0002,0.0853;0.2037;0.2493;0.2082;0.1335;0.0701;0.0313;0.0123;0.0043;0.0019,3.5,,,10.5,"[{""market"": ""Cards total"", ""pick"": ""Over 3.5"", ""p"": 0.617}]",9,3,3,1,0,1,0
v3,2026-09-06,2026-09-06,2026-09-08,19:45,Championship,Watford,Preston,6.051776459711332,4.690862549807528,10.74263900951886,10.5,0.8070054582774313,0.7134771553969649,0.6078733145635599,0.4983229755398495,0.39290152754318886,0.2980474861959342,0.2177219261006933,0.8047829215804484,0.6402423465631925,0.5041383576290032,0.09553492899847096,0.20755046771012342,0.6444525918530627,0.583557,0.321951,0.0065;0.0273;0.0617;0.0997;0.1286;0.1406;0.1351;0.1169;0.0928;0.0684;0.0472;0.0308;0.0192;0.0114;0.0065;0.0074,0.0213;0.0676;0.1186;0.1522;0.1589;0.1429;0.1145;0.0837;0.0566;0.0359;0.0216;0.0123;0.0067;0.0035;0.0018;0.0017,1.582888007827238,1.1314115105426086,0.47443113722471103,0.25698496113909614,0.2685839016361929,0.5418521141679061,0.5098718598693441,0.32257761322343975,0.20538109865957857,5,F Hallam,0.9683569206031426,1.6363744165131269,2.484746027404927,4.121120443918054,0.7674458657109148,0.5814517840839961,0.3937953187543604,0.2394704857669994,0.1317506250618089,0.48182597658776516,0.7004671644034048,0.10988855696948063,0.2024;0.3157;0.2536;0.1397;0.0594;0.0208;0.0062;0.0016;0.0004;0.0001,0.0896;0.2099;0.2519;0.2063;0.1297;0.0667;0.0292;0.0112;0.0038;0.0017,3.5,,,10.5,[],2,4,2,1,0,2,0
v3,2026-09-06,2026-09-06,2026-09-08,19:45,Championship,Wrexham,Burnley,5.086363742803488,4.571537315607719,9.657901058411205,9.5,0.7188430669809179,0.606231657382214,0.4894228699227857,0.37810471770215925,0.2796950645610703,0.19835190747771503,0.1350706051153151,0.7013899650332046,0.6276963768703597,0.426844298072294,0.1610896682984372,0.2146188813667948,0.5602640142097524,0.500586,0.392896,0.0137;0.0497;0.0976;0.1375;0.1554;0.1493;0.1264;0.0967;0.0680;0.0444;0.0273;0.0159;0.0088;0.0047;0.0024;0.0022,0.0217;0.0697;0.1232;0.1577;0.1631;0.1444;0.1134;0.0809;0.0532;0.0327;0.0189;0.0104;0.0055;0.0028;0.0013;0.0011,1.4156776063990146,1.189029600000342,0.4183972898493386,0.26908968633354846,0.3125130238171129,0.5303801825728233,0.4827515003611927,0.3045166236665503,0.24276106125569077,5,T Robinson,1.0344697587669476,1.621033623740738,2.130209017512848,3.7512426412535858,0.7126366311956561,0.5108803849795366,0.324315667458465,0.18369799082899216,0.09374036091461953,0.47727133212667977,0.620628749228111,0.12504230009920136,0.2051;0.3177;0.2530;0.1381;0.0581;0.0201;0.0059;0.0015;0.0004;0.0001,0.1255;0.2539;0.2631;0.1862;0.1012;0.0450;0.0171;0.0057;0.0017;0.0006,3.5,,,10.5,"[{""market"": ""Corners total"", ""pick"": ""Under 10.5"", ""p"": 0.622}]",4,4,1,1,2,3,0
v3,2026-09-09,2026-09-09,2026-09-09,20:00,Championship,Charlton,QPR,4.769266719393116,5.452706841451749,10.221973560844866,9.5,0.7678943903465196,0.6647754536044447,0.5528373016746856,0.44119849366092107,0.3379143892078955,0.24857079977876056,0.175832295556566,0.6542912855040446,0.7440725477620528,0.4743649422656722,0.19594871493094468,0.13321727397407884,0.4234878653456145,0.38037,0.517815,0.0191;0.0629;0.1139;0.1498;0.1593;0.1453;0.1177;0.0866;0.0588;0.0374;0.0224;0.0127;0.0069;0.0036;0.0018;0.0017,0.0105;0.0400;0.0827;0.1227;0.1459;0.1474;0.1313;0.1056;0.0780;0.0536;0.0346;0.0211;0.0123;0.0068;0.0037;0.0037,1.292982313874115,1.418017528921156,0.3391066416164265,0.26430089791171846,0.396592460471855,0.5534817111497043,0.5090662220571376,0.2421936832501239,0.27445106215432785,5,T Nield,0.9740240455018949,1.7561698723051826,1.7286830531694024,3.484852925474585,0.6670258146394067,0.4565446979281789,0.27483309246409904,0.14696562343717667,0.07059520747635374,0.5187459900146183,0.510528893582069,0.09048166576889971,0.1797;0.3016;0.2597;0.1529;0.0693;0.0257;0.0082;0.0023;0.0006;0.0002,0.1845;0.3049;0.2586;0.1500;0.0670;0.0245;0.0077;0.0021;0.0005;0.0001,3.5,,,10.5,[],5,12,0,0,0,2,0
v3,2026-09-09,2026-09-09,2026-09-09,19:45,Championship,Derby,West Brom,5.120236857470304,4.871662295698639,9.991899153168943,9.5,0.7487438986683781,0.6416009898199702,0.5273892973044412,0.41553438696918876,0.3139140151245136,0.22759268648002356,0.1585803844715973,0.7039760208524516,0.6701278579742793,0.45874245581381595,0.15992088239407257,0.18389080584937664,0.5284529441886402,0.473094,0.422149,0.0138;0.0494;0.0967;0.1361;0.1539;0.1484;0.1263;0.0972;0.0688;0.0454;0.0282;0.0166;0.0093;0.0050;0.0026;0.0024,0.0171;0.0583;0.1085;0.1460;0.1584;0.1470;0.1208;0.0899;0.0617;0.0396;0.0239;0.0137;0.0075;0.0039;0.0020;0.0018,1.3060625765758798,1.4181270549809102,0.34245412204823256,0.2636726720904629,0.39387320586130453,0.556192655661109,0.5122824009600823,0.24216715818291973,0.27088454649387966,5,J Bell,0.9892041599122051,1.9001028295801499,1.7773257088217567,3.6774285384019065,0.7005267003590757,0.49608711651351634,0.31050616113970486,0.17319377907089173,0.08696074238148631,0.5600388596013142,0.5248598261174882,0.11189178183647641,0.1566;0.2834;0.2632;0.1671;0.0815;0.0326;0.0111;0.0033;0.0009;0.0003,0.1763;0.2989;0.2602;0.1550;0.0711;0.0267;0.0086;0.0024;0.0006;0.0002,3.5,,,10.5,"[{""market"": ""Corners total"", ""pick"": ""Under 10.5"", ""p"": 0.584}]",11,3,0,1,0,5,1
v3,2026-09-09,2026-09-09,2026-09-09,19:45,Championship,Norwich,Birmingham,5.212010547098333,4.562907051775567,9.7749175988739,9.5,0.7296040646137728,0.6188499023186755,0.5028490073681781,0.3912243920648338,0.29158298546967043,0.20841975808476096,0.1430925825386333,0.7171007018289136,0.6258006203525509,0.43557867689843416,0.15051723375165893,0.21633507052895684,0.575147926976238,0.514699,0.3802,0.0124;0.0460;0.0921;0.1324;0.1524;0.1492;0.1286;0.1001;0.0715;0.0475;0.0297;0.0175;0.0099;0.0053;0.0027;0.0026,0.0220;0.0705;0.1238;0.1579;0.1628;0.1440;0.1129;0.0805;0.0530;0.0326;0.0189;0.0104;0.0055;0.0028;0.0014;0.0012,1.6382369691748526,1.1980776587896862,0.4729378076335448,0.2510739256328427,0.27598826673361243,0.5659982050462227,0.539157600277902,0.30177376683074697,0.19432233673407928,5,T Reeves,0.8917233456182836,1.4903883988774662,2.0003264679533377,3.490714866830804,0.6680866801337147,0.4577668064063689,0.2759089095386717,0.14773728366055566,0.0710648397950277,0.43544036481173704,0.5874689043007574,0.09690207900645198,0.2324;0.3321;0.2441;0.1230;0.0477;0.0152;0.0042;0.0010;0.0002;0.0001,0.1420;0.2705;0.2641;0.1761;0.0902;0.0378;0.0135;0.0042;0.0012;0.0004,3.5,,,10.5,"[{""market"": ""Corners total"", ""pick"": ""Under 10.5"", ""p"": 0.609}]",6,7,2,1,6,2,0
v3,2026-09-09,2026-09-09,2026-09-10,20:00,League 1,Stevenage,Luton,4.867856104240157,4.743087030044844,9.610943134285002,9.5,0.7144379474468984,0.6011012729641179,0.484001051153828,0.37284264217248214,0.2749594406664962,0.1943686122690212,0.13191836883974073,0.6716392970496895,0.65364920076896,0.42542145236613715,0.18201395003955254,0.19510603581536873,0.5147095189185996,0.459235,0.432987,0.0166;0.0574;0.1080;0.1463;0.1595;0.1481;0.1216;0.0903;0.0617;0.0393;0.0235;0.0133;0.0072;0.0037;0.0019;0.0017,0.0186;0.0623;0.1143;0.1512;0.1613;0.1469;0.1184;0.0864;0.0581;0.0364;0.0215;0.0120;0.0064;0.0033;0.0016;0.0014,1.3434564593167757,1.2316115040202489,0.39006677850984095,0.2724658540041167,0.33746736748604234,0.5271644530206407,0.47529352167430844,0.2918219263469507,0.2609421720286552,5,B Toner,1.041264406558934,1.8792945190444963,2.184685994445449,4.063980513489946,0.7595995735236999,0.5709645230568472,0.38308395273630563,0.23055607614534074,0.1254557019256785,0.5538998371831836,0.6336907160222949,0.08349872128996993,0.1601;0.2860;0.2625;0.1649;0.0798;0.0317;0.0107;0.0032;0.0009;0.0003,0.1194;0.2469;0.2619;0.1899;0.1058;0.0483;0.0188;0.0064;0.0020;0.0007,3.5,,,10.5,"[{""market"": ""Corners total"", ""pick"": ""Under 10.5"", ""p"": 0.627}]",2,4,2,1,5,2,0
v3,2026-09-09,2026-09-09,2026-09-11,20:00,Championship,West Ham,Wrexham,5.818882514608053,4.264002331291206,10.082884845899258,9.5,0.7564570113420302,0.6508842478104807,0.5375278365119158,0.4257031630450311,0.3233714066733688,0.23581360914068852,0.16530367804554447,0.785489329039331,0.5770840426283724,0.4413567551964806,0.10653537368677955,0.2553628847463288,0.6714361476435939,0.606615,0.296844,0.0075;0.0308;0.0683;0.1080;0.1360;0.1450;0.1356;0.1141;0.0879;0.0628;0.0420;0.0265;0.0159;0.0091;0.0050;0.0053,0.0293;0.0859;0.1402;0.1676;0.1633;0.1373;0.1031;0.0706;0.0448;0.0267;0.0151;0.0081;0.0042;0.0021;0.0010;0.0008,1.6696969516182498,1.1238888141174739,0.4976689795851686,0.24947536850088503,0.25285565191394643,0.5513292564307818,0.5290159213598531,0.32501341710079495,0.18830412225237844,6,M Donohue,1.0641703886131153,1.742008186457088,1.9240395317074546,3.666047718164543,0.6986238226109783,0.49378731162242434,0.3083821804981383,0.17159543846323014,0.08594019656796739,0.5143913999795564,0.56667971907667,0.11966128165667445,0.1824;0.3033;0.2590;0.1514;0.0681;0.0251;0.0079;0.0022;0.0005;0.0002,0.1530;0.2803;0.2635;0.1693;0.0836;0.0338;0.0117;0.0035;0.0010;0.0003,3.5,,,10.5,[],3,6,6,0,1,0,0
v3,2026-09-12,2026-09-12,2026-09-12,15:00,League 1,AFC Wimbledon,Doncaster,5.830908921659745,4.641795353829654,10.472704275489399,10.5,0.7874477409129707,0.6888840963234862,0.5798109733971079,0.46891491921644907,0.36432359087339267,0.2720904762469241,0.19553978234171032,0.7844289949714295,0.6343098246629373,0.485856299921537,0.10771074470157718,0.2114509315385485,0.6292355170107667,0.568006,0.334686,0.0077;0.0313;0.0687;0.1079;0.1353;0.1439;0.1346;0.1135;0.0878;0.0630;0.0424;0.0270;0.0164;0.0095;0.0053;0.0057,0.0218;0.0689;0.1207;0.1542;0.1601;0.1430;0.1138;0.0824;0.0553;0.0347;0.0206;0.0116;0.0063;0.0033;0.0016;0.0015,1.2452862423075128,1.2833871452534746,0.35304815666438744,0.27583438942642596,0.37111745390918655,0.518633491231305,0.4635206871220849,0.2770971408580816,0.28785849905584415,5,E Swallow,1.0173765828246268,1.579731064441939,2.122678444227557,3.702409508669496,0.7046699567607804,0.5011176942932547,0.31517355572854744,0.17672229046090462,0.08922410458269613,0.46424418129308326,0.6187974238085565,0.06233662146277408,0.2134;0.3224;0.2505;0.1334;0.0548;0.0185;0.0053;0.0014;0.0003;0.0001,0.1264;0.2548;0.2632;0.1857;0.1006;0.0446;0.0169;0.0056;0.0017;0.0006,3.5,,,10.5,[],6,6,1,0,2,3,0
v3,2026-09-12,2026-09-12,2026-09-12,15:00,League 2,Barnet,Accrington,7.059399589943681,3.6053082671902072,10.66470785713389,10.5,0.80151504527079,0.7065229962018741,0.5998807204857762,0.48988674355805595,0.38464460993156174,0.29049424784223776,0.21122122732804532,0.8841893843097839,0.4618856137542963,0.4000519835462174,0.0504709591248799,0.35696027295874316,0.8288151638844059,0.771012,0.159246,0.0026;0.0131;0.0348;0.0653;0.0969;0.1206;0.1309;0.1270;0.1121;0.0914;0.0695;0.0496;0.0336;0.0217;0.0134;0.0176,0.0533;0.1279;0.1758;0.1812;0.1552;0.1164;0.0790;0.0495;0.0290;0.0161;0.0085;0.0043;0.0021;0.0010;0.0005;0.0004,1.7588470153357412,1.2361108099720528,0.4933787428767013,0.24089297758448763,0.265728279538811,0.5905472358382866,0.5756793121523575,0.2905118795775058,0.172243343312519,5,N Hair,0.9854027374603762,1.703741717645368,2.4531561908873196,4.156897908532688,0.7722473268327983,0.5879367664952676,0.4004883930843775,0.24509912892783237,0.13576694390330035,0.5025156053117272,0.6939161025039566,0.134494965734147,0.1897;0.3078;0.2569;0.1471;0.0649;0.0236;0.0073;0.0020;0.0005;0.0001,0.0924;0.2137;0.2533;0.2049;0.1273;0.0647;0.0280;0.0106;0.0036;0.0015,3.5,,,9.5,"[{""market"": ""Corners total"", ""pick"": ""Over 9.5"", ""p"": 0.6}, {""market"": ""Corner dominance"", ""pick"": ""Home"", ""p"": 0.771}]",6,4,2,1,0,7,1
v3,2026-09-12,2026-09-12,2026-09-12,15:00,Championship,Blackburn,Millwall,5.781250514287491,5.12193393118161,10.903184445469101,10.5,0.8179254531587224,0.7274291638714971,0.6240488356945938,0.5155456740106398,0.40990574047402095,0.3137388759842241,0.23134520474363923,0.7767373966887395,0.6991478952553042,0.5317843763110603,0.11311282786856447,0.16494716180817548,0.5703911725632356,0.514768,0.387715,0.0084;0.0333;0.0714;0.1101;0.1362;0.1434;0.1331;0.1116;0.0860;0.0617;0.0416;0.0265;0.0161;0.0094;0.0053;0.0058,0.0149;0.0517;0.0984;0.1359;0.1520;0.1457;0.1240;0.0959;0.0685;0.0458;0.0288;0.0173;0.0099;0.0054;0.0029;0.0029,1.2487055571298091,1.2647809130265648,0.35774887785477455,0.2768581713061627,0.3653929508390627,0.5156454559412792,0.4596416795399536,0.28230113786781025,0.2868759010865532,5,J Smith,1.0048257666625144,2.040990816056643,1.9695351182450007,4.0105259343016435,0.7520584794303977,0.5610111620457167,0.3730449692843282,0.2223056939254528,0.11970252245167856,0.5977016055739941,0.5787835186825231,0.1462941733193167,0.1370;0.2653;0.2637;0.1792;0.0936;0.0401;0.0147;0.0047;0.0014;0.0005,0.1467;0.2745;0.2636;0.1732;0.0875;0.0363;0.0128;0.0040;0.0011;0.0004,3.5,,,10.5,[],6,2,3,1,5,3,0
v3,2026-09-12,2026-09-12,2026-09-12,15:00,League 1,Blackpool,Bromley,5.654928523259778,4.713144588663711,10.36807311192349,10.5,0.7794529057376866,0.6789705407913379,0.5686563737029713,0.45738842424525117,0.3532789824251964,0.26219924658456883,0.18720560066033898,0.7662671731586641,0.6453751187796783,0.48245437580020606,0.11903382574126149,0.2028890185522096,0.6037838537100072,0.543681,0.356776,0.0089;0.0351;0.0750;0.1147;0.1404;0.1458;0.1334;0.1101;0.0833;0.0586;0.0387;0.0242;0.0144;0.0082;0.0045;0.0047,0.0203;0.0656;0.1170;0.1517;0.1597;0.1443;0.1159;0.0847;0.0573;0.0362;0.0216;0.0123;0.0067;0.0035;0.0018;0.0016,1.910222374308898,1.2500554496270897,0.5250647230669389,0.2289115396288369,0.24602373730422425,0.6109159721859202,0.6117445236036188,0.28648891071648924,0.1480474609828728,5,B Speedie,0.9123389903401142,1.5419575920193551,1.7635331561694978,3.305490748188853,0.6333073896611359,0.41867898761682826,0.2423323958924108,0.12423105571579852,0.057098950747894665,0.45235995043821836,0.5210651748581421,0.05449963875670294,0.2209;0.3267;0.2483;0.1291;0.0517;0.0170;0.0048;0.0012;0.0003;0.0001,0.1783;0.3007;0.2601;0.1538;0.0699;0.0260;0.0083;0.0023;0.0006;0.0002,3.5,,,10.5,"[{""market"": ""BTTS"", ""pick"": ""Yes"", ""p"": 0.611}, {""market"": ""Goals 2.5"", ""pick"": ""Over"", ""p"": 0.612}]",12,6,2,2,0,1,0
v3,2026-09-12,2026-09-12,2026-09-12,12:30,Championship,Bolton,Cardiff,6.055587573761461,5.130731956779604,11.186319530541065,10.5,0.8359375438914073,0.7508096275959913,0.6515885251469039,0.5453374226041958,0.43979086300354037,0.34175920932241516,0.2560633896391795,0.8025856030154777,0.6987552805883406,0.5501979267477881,0.09739052835886924,0.1657277935767226,0.5964123261306115,0.539936,0.365371,0.0068;0.0280;0.0625;0.1000;0.1282;0.1396;0.1339;0.1160;0.0923;0.0683;0.0474;0.0312;0.0195;0.0117;0.0067;0.0079,0.0152;0.0521;0.0985;0.1355;0.1512;0.1450;0.1235;0.0958;0.0687;0.0461;0.0292;0.0176;0.0101;0.0056;0.0030;0.0030,1.6606102083484915,1.417430614762928,0.4306921347540649,0.2441088228840747,0.3251990423618604,0.6169422553317098,0.5940650513555062,0.2423358718740334,0.19002299110081627,6,T Parsons,1.0159852924198225,1.6390697249943853,2.1568837602464317,3.795953485240817,0.7197779572199858,0.5197338151375833,0.33270307637096047,0.19017250784926046,0.09798104011957702,0.48288007539486955,0.6271735640926056,0.12681926434849655,0.2016;0.3155;0.2540;0.1401;0.0596;0.0208;0.0062;0.0016;0.0004;0.0001,0.1224;0.2505;0.2627;0.1881;0.1035;0.0466;0.0179;0.0060;0.0018;0.0007,3.5,,,10.5,"[{""market"": ""BTTS"", ""pick"": ""Yes"", ""p"": 0.617}]",2,10,1,0,5,2,0
v3,2026-09-12,2026-09-12,2026-09-12,15:00,League 1,Cambridge Utd,Reading,5.351656613373181,4.468577759454591,9.820234372827771,9.5,0.7336886467738537,0.6236716855458764,0.5080140100014431,0.3963054055300223,0.2962178615850241,0.21237134029134472,0.14626225824340253,0.7342902536479723,0.6109704951116781,0.4356664788525973,0.13903711373677502,0.2278485420212203,0.6013913962441539,0.539123,0.357336,0.0110;0.0419;0.0861;0.1267;0.1491;0.1489;0.1309;0.1038;0.0755;0.0510;0.0324;0.0194;0.0111;0.0061;0.0032;0.0031,0.0240;0.0749;0.1289;0.1612;0.1634;0.1422;0.1100;0.0774;0.0503;0.0306;0.0176;0.0096;0.0050;0.0025;0.0012;0.0010,1.4198219713169944,1.4134334023919657,0.3723547332354005,0.25817290218548583,0.3694723645791137,0.577298830909773,0.5384356715588118,0.24330647838685793,0.24175705275582363,4,O Yates,1.0802519993146424,1.5423124319628136,1.775473137744927,3.3177855697077407,0.6356965991402843,0.4213009657224096,0.24453118453419972,0.1257334961542999,0.05797002579586864,0.4524674335038475,0.5245857085552225,0.05731441274925608,0.2208;0.3267;0.2483;0.1292;0.0517;0.0170;0.0048;0.0012;0.0003;0.0001,0.1762;0.2992;0.2605;0.1550;0.0709;0.0266;0.0085;0.0024;0.0006;0.0002,3.5,,,10.5,"[{""market"": ""Corners total"", ""pick"": ""Under 10.5"", ""p"": 0.604}]",7,3,2,1,2,1,0
v3,2026-09-12,2026-09-12,2026-09-12,15:00,Championship,Charlton,Portsmouth,4.9632793098122665,5.903730182117035,10.867009491929302,10.5,0.8155103385078644,0.7243293929161216,0.6204386958611401,0.5116843599713159,0.4060761356832389,0.3101889635118096,0.22824926856618624,0.6781851495846106,0.7895545642687143,0.5242651236495303,0.17980560397172632,0.10502926575011354,0.39987595050215335,0.361297,0.542226,0.0171;0.0571;0.1056;0.1420;0.1549;0.1451;0.1208;0.0916;0.0642;0.0421;0.0261;0.0153;0.0086;0.0047;0.0024;0.0024,0.0075;0.0305;0.0670;0.1054;0.1328;0.1422;0.1341;0.1141;0.0891;0.0647;0.0441;0.0285;0.0175;0.0103;0.0058;0.0065,1.2491072457816559,1.22044591135062,0.36701390887552165,0.27970522598791064,0.3532808651365677,0.5066335602182873,0.44835335598457665,0.29509854978850547,0.2867606894337544,5,A Kitchen,0.8888564869509714,1.7932828099464166,1.5165964545012038,3.3098792644476207,0.6341615101340914,0.41961527244902297,0.2431166847651766,0.12476636292414167,0.05740895972984183,0.529822936575503,0.4441229114374792,0.09852113959721953,0.1732;0.2970;0.2611;0.1568;0.0724;0.0274;0.0088;0.0025;0.0006;0.0002,0.2264;0.3295;0.2464;0.1261;0.0497;0.0161;0.0044;0.0011;0.0002;0.0001,3.5,,,10.5,[],7,5,0,0,1,1,0
v3,2026-09-12,2026-09-12,2026-09-12,15:00,League 2,Colchester,Crewe,5.648684735851194,4.573578566394611,10.222263302245803,9.5,0.7679177726431694,0.6648040087446673,0.5528689451189227,0.4412306969056922,0.33794477866938644,0.24859760324631675,0.17585453732831802,0.7664380290361905,0.6252585239585045,0.4670094043931499,0.11871506563818643,0.21778358948859666,0.6192975803960166,0.557592,0.34277,0.0088;0.0350;0.0749;0.1148;0.1407;0.1463;0.1337;0.1102;0.0833;0.0585;0.0385;0.0240;0.0142;0.0081;0.0044;0.0046,0.0226;0.0712;0.1239;0.1570;0.1615;0.1428;0.1124;0.0805;0.0533;0.0331;0.0194;0.0108;0.0058;0.0030;0.0015;0.0013,1.4839927600670824,1.194289676563572,0.43499799619287005,0.2635276321462425,0.3014743716608875,0.5426831073082161,0.5010405960852885,0.30291904827924304,0.2267305978144518,5,S Parkinson,0.9717637104219795,1.569374600614116,2.2478520562845667,3.817226656898683,0.723124828792533,0.5239168587393621,0.33669815990489665,0.19328149716781692,0.10003389222541378,0.4608686721692858,0.6489265255111446,0.11123982778422092,0.2157;0.3235;0.2497;0.1322;0.0540;0.0181;0.0052;0.0013;0.0003;0.0001,0.1122;0.2389;0.2607;0.1942;0.1110;0.0520;0.0207;0.0072;0.0023;0.0009,3.5,,,9.5,[],1,3,1,1,0,1,0
v3,2026-09-12,2026-09-12,2026-09-12,12:30,League 2,Crawley,Cheltenham,5.3427904909652995,4.404566546703939,9.74735703766924,9.5,0.7270973297276913,0.6158995819709359,0.4996981231102868,0.3881340087779409,0.288772379816944,0.20603066936740286,0.141181958466163,0.7336326636215852,0.601205541375091,0.4280452604577629,0.1393521205456366,0.23529007732997453,0.6081592500989785,0.545091,0.351206,0.0110;0.0420;0.0863;0.1270;0.1494;0.1491;0.1310;0.1037;0.0753;0.0508;0.0321;0.0192;0.0110;0.0060;0.0031;0.0030,0.0253;0.0778;0.1322;0.1635;0.1640;0.1413;0.1082;0.0754;0.0485;0.0292;0.0166;0.0090;0.0047;0.0023;0.0011;0.0009,1.4997146704324964,1.2052039223693796,0.43660581955196465,0.2619257046339659,0.30146847581406944,0.5476773033649562,0.507579618326757,0.2996308918414439,0.22319383486422958,5,B Toner,1.0545367904241691,1.8094248903456411,2.5653080584948356,4.374732948840476,0.7996878473288618,0.6260282178460843,0.44090147572530064,0.28004174994647296,0.1614066574478714,0.5337055737371403,0.716302416111716,0.15825792031717456,0.1715;0.2947;0.2606;0.1580;0.0738;0.0284;0.0093;0.0027;0.0007;0.0002,0.0831;0.2006;0.2479;0.2092;0.1355;0.0718;0.0325;0.0128;0.0045;0.0021,3.5,,,9.5,"[{""market"": ""Cards total"", ""pick"": ""Over 3.5"", ""p"": 0.626}]",8,3,1,3,4,2,0
v3,2026-09-12,2026-09-12,2026-09-12,12:30,Championship,Derby,Birmingham,4.971198677874738,5.349559628265652,10.320758306140391,10.5,0.7757603335540942,0.6744182178959762,0.5635637695240969,0.45215647289620414,0.3482947827073779,0.2577614002504805,0.18348802358230634,0.6821857281477595,0.7311283587817288,0.4863350589231553,0.17587910663717632,0.14198021433087216,0.4577679720933659,0.410998,0.486833,0.0162;0.0554;0.1043;0.1419;0.1560;0.1467;0.1223;0.0925;0.0645;0.0420;0.0258;0.0150;0.0084;0.0045;0.0023;0.0022,0.0116;0.0431;0.0872;0.1269;0.1482;0.1475;0.1295;0.1029;0.0751;0.0511;0.0326;0.0198;0.0114;0.0063;0.0034;0.0033,1.2852651439477514,1.365286318851228,0.34733634272446706,0.2681567042518669,0.384506953023666,0.5424446714384857,0.49418579483912856,0.2553075661531643,0.27657724112767174,6,J Busby,0.9741980250395257,2.046380768611351,1.9499765427901827,3.9963573114015336,0.7500267184292058,0.5583502013714605,0.37038189160499463,0.22013405049747473,0.11819994218400914,0.599114222397401,0.5735014789850662,0.12283219010186186,0.1363;0.2646;0.2637;0.1796;0.0941;0.0404;0.0148;0.0048;0.0014;0.0005,0.1495;0.2770;0.2635;0.1714;0.0858;0.0352;0.0124;0.0038;0.0010;0.0003,3.5,,,10.5,[],10,4,1,2,1,3,0
v3,2026-09-12,2026-09-12,2026-09-12,15:00,League 2,Gillingham,Tranmere,5.703861887589524,4.293145047200031,9.997006934789557,9.5,0.7491817732284641,0.6421262060692174,0.527960945609292,0.4161057815613578,0.31444361859721526,0.2280514724572246,0.15895430548486367,0.7738048331114409,0.5821915292331644,0.4382833288703813,0.11372121695658935,0.2510225936760131,0.6573501668398525,0.592672,0.308936,0.0082;0.0332;0.0723;0.1125;0.1395;0.1464;0.1349;0.1119;0.0850;0.0599;0.0395;0.0247;0.0146;0.0083;0.0045;0.0047,0.0284;0.0841;0.1385;0.1668;0.1636;0.1382;0.1042;0.0716;0.0456;0.0272;0.0154;0.0083;0.0043;0.0021;0.0010;0.0008,1.5344431244748657,1.1931180595979067,0.448151115507016,0.25955333102713846,0.2922955534658456,0.5501194693933076,0.5131027133052082,0.30327416136306556,0.21557570658462755,5,A Young,1.063839673292971,1.9432552474802205,2.477048582746816,4.420303830227036,0.8050511435320211,0.6336878255050641,0.44926065623525124,0.28747507427934327,0.16701519763587008,0.5713138813134416,0.6985976224137895,0.14513970255716235,0.1509;0.2778;0.2630;0.1706;0.0852;0.0350;0.0123;0.0038;0.0010;0.0003,0.0905;0.2109;0.2521;0.2058;0.1290;0.0662;0.0290;0.0111;0.0038;0.0017,3.5,,,9.5,"[{""market"": ""Cards total"", ""pick"": ""Over 3.5"", ""p"": 0.634}]",5,5,2,0,3,2,0
v3,2026-09-12,2026-09-12,2026-09-12,12:30,League 2,Grimsby,Bristol Rovers,5.737057023599577,4.4753650719429805,10.212422095542557,9.5,0.767122553600144,0.6638332257163175,0.5517935701577878,0.4401367049711974,0.33691278786405615,0.24768772734313188,0.17509979459563607,0.7760965030371859,0.6102010655112194,0.4615112809109718,0.11257900429191384,0.22938689768939152,0.6393215406265228,0.57645,0.325209,0.0081;0.0329;0.0716;0.1113;0.1383;0.1455;0.1346;0.1122;0.0856;0.0607;0.0403;0.0253;0.0151;0.0086;0.0047;0.0050,0.0246;0.0757;0.1290;0.1604;0.1622;0.1412;0.1095;0.0774;0.0506;0.0310;0.0180;0.0099;0.0052;0.0027;0.0013;0.0011,1.435260713714224,1.1976506806831109,0.4216227895953376,0.2672160285090277,0.3111611818956347,0.5356191341482105,0.4898009227244408,0.30190264513447157,0.23805329216556376,5,E Duckworth,1.0432921219922526,1.6604131609007886,2.523622287768548,4.184035448669337,0.7758327380592378,0.5928133157657425,0.40555674448284246,0.24939133970691243,0.13885113131794194,0.4892386557372747,0.708262077030203,0.14676183371758822,0.1979;0.3129;0.2548;0.1424;0.0614;0.0218;0.0066;0.0018;0.0004;0.0001,0.0864;0.2054;0.2501;0.2078;0.1325;0.0692;0.0307;0.0120;0.0042;0.0018,3.5,,,9.5,[],8,8,2,0,2,4,1
v3,2026-09-12,2026-09-12,2026-09-12,12:30,League 1,Leyton Orient,Wycombe,5.070323033169304,5.000178923240113,10.070501956409416,9.5,0.7554180747948933,0.6496298867894551,0.5361536096577973,0.424320517748895,0.3220814632833972,0.2346888095133501,0.16438091513407807,0.6969367912155049,0.6874998972047618,0.4662361029569338,0.1649694610230948,0.17161315017100998,0.5079883181393645,0.454966,0.440657,0.0145;0.0513;0.0992;0.1381;0.1548;0.1480;0.1251;0.0957;0.0674;0.0442;0.0273;0.0160;0.0089;0.0048;0.0025;0.0023,0.0154;0.0538;0.1024;0.1409;0.1561;0.1476;0.1236;0.0937;0.0654;0.0426;0.0261;0.0152;0.0084;0.0045;0.0023;0.0021,1.5004153126876179,1.5156491264160947,0.37218817309571867,0.2489394709187407,0.3788723559855407,0.6096330974066061,0.580399371585553,0.21966554784823383,0.22303751060252766,5,S Mather,0.9933785923505617,2.000731558439584,1.8249021355809323,3.8256336940205165,0.7244384836895055,0.5255646655765892,0.3382776271225846,0.19451509614285556,0.10085138067564367,0.5872851493170066,0.5386060563504623,0.06544291254014434,0.1422;0.2705;0.2639;0.1759;0.0902;0.0379;0.0136;0.0043;0.0012;0.0004,0.1685;0.2929;0.2615;0.1598;0.0751;0.0290;0.0095;0.0028;0.0007;0.0002,3.5,,,10.5,"[{""market"": ""BTTS"", ""pick"": ""Yes"", ""p"": 0.61}]",6,9,2,3,0,3,0
v3,2026-09-12,2026-09-12,2026-09-12,15:00,League 1,MK Dons,Peterborough,6.14955612182244,4.7512781077545645,10.900834229577004,10.5,0.8177693438717241,0.7272285543189169,0.6238149106075759,0.5152951678419027,0.409656987926179,0.313508009303896,0.2311436164079029,0.8130172561980757,0.648251557053499,0.5162244608011326,0.09075429980946259,0.20186664068112842,0.6466902631616154,0.586327,0.320331,0.0061;0.0258;0.0589;0.0962;0.1255;0.1388;0.1349;0.1181;0.0948;0.0707;0.0494;0.0326;0.0205;0.0123;0.0071;0.0083,0.0205;0.0655;0.1159;0.1499;0.1578;0.1432;0.1158;0.0854;0.0583;0.0373;0.0226;0.0130;0.0072;0.0038;0.0020;0.0019,1.743301806132178,1.4259800241343161,0.4484476599199954,0.23875669503379843,0.3127956450462062,0.629953847781932,0.6136484330547486,0.2402728745700222,0.17494182198479016,5,S Oldham,0.9467375677679097,1.5998315238891399,1.7966701276000285,3.396501651489168,0.6507214659716768,0.4380009682505984,0.258715849039355,0.13555093009766955,0.06373554559715931,0.47081797417115906,0.5307467340471278,0.055895881559800076,0.2090;0.3202;0.2521;0.1358;0.0563;0.0192;0.0056;0.0014;0.0003;0.0001,0.1727;0.2965;0.2611;0.1571;0.0727;0.0275;0.0089;0.0025;0.0006;0.0002,3.5,,,10.5,"[{""market"": ""BTTS"", ""pick"": ""Yes"", ""p"": 0.63}, {""market"": ""Goals 2.5"", ""pick"": ""Over"", ""p"": 0.614}]",6,9,1,1,2,0,0
v3,2026-09-12,2026-09-12,2026-09-12,15:00,League 1,Mansfield,Huddersfield,4.899290291163477,4.6604653057782555,9.559755596941732,9.5,0.7095793677188977,0.5954660241810313,0.4780701614632944,0.36711014689977717,0.2698216580769285,0.19006480297455303,0.12852648158650545,0.6763546581935511,0.6416630591651236,0.4203481818472804,0.1785254539530921,0.20387512261512497,0.5282510312853381,0.471188,0.420789,0.0161;0.0561;0.1064;0.1451;0.1591;0.1485;0.1225;0.0913;0.0626;0.0400;0.0240;0.0136;0.0074;0.0038;0.0019;0.0017,0.0199;0.0656;0.1184;0.1545;0.1625;0.1460;0.1162;0.0838;0.0557;0.0345;0.0202;0.0112;0.0059;0.0030;0.0015;0.0013,1.392293031973543,1.4880977908849753,0.35086312860021135,0.25538017170972105,0.39375669969006766,0.5852939891142301,0.5494860107225769,0.22580176946189837,0.24850482131254,5,M Coy,0.8899858413421469,1.6420088740963394,1.6094403788842686,3.251449252980608,0.6226698783326453,0.4071151519304665,0.23272619636994624,0.11772872775290454,0.05336439549179944,0.48415687489137466,0.47394647417418906,0.05268244495484642,0.2004;0.3154;0.2547;0.1407;0.0597;0.0208;0.0062;0.0016;0.0004;0.0001,0.2069;0.3192;0.2528;0.1370;0.0571;0.0195;0.0057;0.0015;0.0003;0.0001,3.5,,,10.5,"[{""market"": ""Corners total"", ""pick"": ""Under 10.5"", ""p"": 0.633}]",2,6,0,0,2,0,1
v3,2026-09-12,2026-09-12,2026-09-12,15:00,Championship,Middlesbrough,Norwich,6.261152658187104,4.705762327210739,10.966914985397842,10.5,0.8221167173941931,0.7328279599233355,0.6303591629148979,0.5223193439407573,0.4166479838520441,0.3200112245549742,0.23683513873702874,0.8226739511886876,0.6413202943995338,0.5170312067785464,0.08508300046703127,0.2072148277640913,0.6616060885698906,0.600901,0.307345,0.0055;0.0239;0.0556;0.0922;0.1221;0.1369;0.1349;0.1196;0.0972;0.0733;0.0518;0.0346;0.0220;0.0133;0.0078;0.0092,0.0214;0.0675;0.1182;0.1515;0.1582;0.1424;0.1145;0.0839;0.0571;0.0364;0.0220;0.0126;0.0070;0.0037;0.0019;0.0018,1.731304269593574,1.274396456902011,0.47831997251101777,0.24252654684181457,0.27915348064716766,0.5961277763997532,0.5780859056811513,0.279599667757241,0.17705333402995774,5,A Herczeg,0.9517346657328688,1.4615972350453568,2.41735586476791,3.8789530998132666,0.7326518297388023,0.5359442005539337,0.34830115964237124,0.20240240059218662,0.10611744882710047,0.42572844621731903,0.6866577679877254,0.1163106184204048,0.2394;0.3348;0.2413;0.1194;0.0456;0.0144;0.0039;0.0009;0.0002;0.0000,0.0954;0.2180;0.2550;0.2035;0.1246;0.0624;0.0266;0.0099;0.0033;0.0014,3.5,,,10.5,[],3,5,4,3,2,1,0
v3,2026-09-12,2026-09-12,2026-09-12,15:00,League 2,Newport,Fleetwood,4.690889431383473,5.192219216460838,9.883108647844312,9.5,0.7392793704829442,0.6303006593807059,0.5151462812012175,0.4033527706884594,0.30267491140077785,0.2179008554696034,0.15071729550336208,0.6445496104254459,0.7139429172984512,0.44707194875990697,0.2024460419959851,0.15286336773583598,0.44229530959143804,0.395897,0.4992,0.0199;0.0652;0.1174;0.1530;0.1612;0.1454;0.1163;0.0845;0.0566;0.0354;0.0209;0.0117;0.0063;0.0032;0.0016;0.0014,0.0128;0.0469;0.0932;0.1332;0.1526;0.1488;0.1280;0.0994;0.0709;0.0471;0.0294;0.0174;0.0098;0.0053;0.0027;0.0026,1.2360444516854667,1.2545182559121444,0.3564189335039925,0.2783426347053055,0.36523843179070203,0.5109736890665664,0.45376379670526096,0.28521321491406476,0.2905311580877049,5,S Gill,0.9643818054202453,1.7472111006293063,2.318273876201438,4.065484976830744,0.7598089915897626,0.5712426779383285,0.38336627061683065,0.23078955577975063,0.12561953580687427,0.5156510238287609,0.6648225779041029,0.12377410725169369,0.1818;0.3025;0.2588;0.1518;0.0686;0.0254;0.0081;0.0023;0.0006;0.0002,0.1050;0.2302;0.2585;0.1982;0.1167;0.0563;0.0231;0.0083;0.0027;0.0011,3.5,,,9.5,[],9,3,1,1,0,5,0
v3,2026-09-12,2026-09-12,2026-09-12,12:30,League 1,Notts County,Bradford,5.098532824094558,5.047186747576611,10.145719571671169,9.5,0.7616766845073287,0.6572049536299225,0.5444731372406288,0.43271180471342724,0.3299296123654671,0.2415492468012139,0.17002310959023034,0.700256855773007,0.6934292337606431,0.4727946562798893,0.16279063141429673,0.1675722566999936,0.505815310967614,0.453289,0.442866,0.0142;0.0506;0.0980;0.1370;0.1540;0.1478;0.1254;0.0964;0.0682;0.0449;0.0279;0.0164;0.0092;0.0050;0.0026;0.0024,0.0149;0.0523;0.1004;0.1390;0.1550;0.1476;0.1244;0.0949;0.0667;0.0437;0.0270;0.0158;0.0088;0.0047;0.0024;0.0023,1.2737400731780952,1.1722750173964616,0.3839672425006188,0.2808634961268448,0.33516926137253633,0.5010742122481808,0.4422660770076134,0.3096616536498137,0.27978325267285314,5,A Chilowicz,0.9112030867037906,1.6640558992374592,2.140245797519644,3.8043016967571033,0.721095268651588,0.5213776479841827,0.3342705713263217,0.1913904136999085,0.09878394763608618,0.4906197248946333,0.6230688794635255,0.06460821065327926,0.1968;0.3126;0.2554;0.1429;0.0616;0.0218;0.0066;0.0018;0.0004;0.0001,0.1244;0.2526;0.2629;0.1869;0.1021;0.0456;0.0174;0.0058;0.0017;0.0006,3.5,,,10.5,[],5,4,0,1,4,4,0
v3,2026-09-12,2026-09-12,2026-09-12,15:00,League 2,Oldham,Chesterfield,5.427677104479426,4.4506809807346235,9.87835808521405,9.5,0.7388600509821383,0.6298022885189192,0.5146088009018798,0.4028204309373686,0.30218600836281867,0.21748119198103133,0.15037838107197207,0.7431199406945287,0.6078918387739635,0.438929414201113,0.1332956151637299,0.2303835353342028,0.611430400695668,0.548729,0.348722,0.0104;0.0399;0.0830;0.1236;0.1471;0.1485;0.1319;0.1056;0.0776;0.0529;0.0339;0.0205;0.0118;0.0065;0.0034;0.0034,0.0245;0.0760;0.1299;0.1617;0.1634;0.1417;0.1094;0.0768;0.0499;0.0303;0.0174;0.0095;0.0049;0.0025;0.0012;0.0010,1.5378184712207525,1.1656248188898075,0.45520996327088353,0.2600362793588586,0.28475375737025793,0.5439989772153669,0.507218614533533,0.3117278277356629,0.21484929046772236,5,M Corlett,1.100804956740358,2.1218893342468435,2.4251781971433446,4.547067531390188,0.8193141972807981,0.6544212452102036,0.472292721213765,0.3083237318029397,0.18302890053583185,0.6178304671005213,0.6876655567844979,0.15719847645620688,0.1272;0.2550;0.2626;0.1851;0.1004;0.0447;0.0170;0.0057;0.0017;0.0006,0.0951;0.2172;0.2542;0.2034;0.1250;0.0630;0.0270;0.0102;0.0034;0.0015,3.5,,,9.5,"[{""market"": ""Cards total"", ""pick"": ""Over 3.5"", ""p"": 0.654}]",1,4,1,2,2,3,0
v3,2026-09-12,2026-09-12,2026-09-12,15:00,League 1,Oxford Utd,Burton,5.830132276931642,4.344925283119526,10.175057560051169,9.5,0.7640839926249623,0.6601306661625109,0.5476996555634518,0.4359795879829857,0.3329984932533821,0.24424296163947293,0.17224761679199477,0.7861070801150225,0.5897726466651975,0.45173572518599686,0.10627485123083234,0.24540134728139162,0.6631511224722486,0.599047,0.304287,0.0075;0.0307;0.0681;0.1076;0.1356;0.1447;0.1355;0.1142;0.0881;0.0631;0.0423;0.0268;0.0161;0.0093;0.0051;0.0055,0.0275;0.0820;0.1359;0.1648;0.1629;0.1388;0.1055;0.0732;0.0471;0.0284;0.0162;0.0088;0.0046;0.0023;0.0011;0.0009,1.626242224214524,1.2240805318396664,0.46414023538795984,0.2515093461594826,0.2843504184525576,0.5705838319452864,0.5424549347617391,0.2940279253884669,0.19666721861951275,4,W Davis,0.9426794723544226,1.6845825409296395,1.9425002892853942,3.6270828302150337,0.6920361045611765,0.48587642327728586,0.3011228219130238,0.16616751456461246,0.08249656300960094,0.49704862265596117,0.5717760872151773,0.05922044833612783,0.1927;0.3102;0.2565;0.1452;0.0633;0.0226;0.0069;0.0019;0.0004;0.0001,0.1502;0.2780;0.2637;0.1710;0.0852;0.0348;0.0121;0.0037;0.0010;0.0003,3.5,,,10.5,[],2,5,3,0,1,1,0
v3,2026-09-12,2026-09-12,2026-09-12,15:00,League 1,Plymouth,Barnsley,6.438072441195488,5.125710558893309,11.563783000088797,11.5,0.8575976557317416,0.779576566090839,0.6862584633404332,0.5837128370449248,0.47918074978449393,0.3795499277421814,0.2901764070898422,0.8343811876076471,0.6960799657241687,0.5711095078720112,0.07881898943086596,0.16828443702427043,0.6322524574639921,0.575054,0.334478,0.0051;0.0220;0.0517;0.0868;0.1165;0.1328;0.1331;0.1204;0.0998;0.0769;0.0557;0.0381;0.0248;0.0154;0.0092;0.0116,0.0158;0.0532;0.0994;0.1356;0.1506;0.1439;0.1225;0.0951;0.0684;0.0460;0.0293;0.0178;0.0103;0.0058;0.0031;0.0032,1.7931237269748577,1.259719612539826,0.4961241942125314,0.23799436026511445,0.26588144552235415,0.600251607172803,0.5885441782214277,0.28373357068290345,0.16643944540495817,5,M Woods,0.965047619033641,1.7424357811789362,2.203252615304898,3.9456883964838343,0.7426468041775262,0.5487575889497491,0.3608537831879542,0.21242252220405936,0.1129042422291563,0.5143143242663846,0.6382637625229841,0.0649995361293142,0.1826;0.3031;0.2587;0.1513;0.0682;0.0252;0.0080;0.0022;0.0006;0.0002,0.1172;0.2446;0.2617;0.1912;0.1073;0.0493;0.0193;0.0066;0.0020;0.0008,3.5,,,10.5,"[{""market"": ""Corners total"", ""pick"": ""Over 10.5"", ""p"": 0.584}, {""market"": ""BTTS"", ""pick"": ""Yes"", ""p"": 0.6}]",4,8,3,0,2,2,0
v3,2026-09-12,2026-09-12,2026-09-12,15:00,League 2,Port Vale,Exeter,5.135867041167651,4.1374741627708005,9.27334120393845,9.5,0.6813043983800087,0.563143192257282,0.44453959259098097,0.33516456459101795,0.24159820699817405,0.16675836183318124,0.11041832863003863,0.7101389561407454,0.5593850611712585,0.38373478941109024,0.15434508797659913,0.26762266248979555,0.6191161639267774,0.553064,0.340248,0.0127;0.0471;0.0945;0.1355;0.1552;0.1506;0.1285;0.0987;0.0695;0.0455;0.0279;0.0162;0.0089;0.0047;0.0024;0.0021,0.0308;0.0903;0.1465;0.1730;0.1658;0.1365;0.1000;0.0666;0.0411;0.0237;0.0129;0.0067;0.0033;0.0016;0.0007;0.0006,1.2548606974632885,1.1080720474232013,0.39276559796812033,0.2860842005022192,0.3211502015296604,0.48276034525116795,0.42057757979728944,0.3301949480027222,0.28511556277937133,5,L Doughty,1.1024389394563234,2.006389418602943,2.150701427681279,4.1570908462842215,0.7722729893045099,0.5879715663941448,0.4005244539903673,0.24512957660750737,0.13578875692650652,0.5884962831640883,0.6253226775317793,0.12672953728616965,0.1417;0.2698;0.2636;0.1762;0.0906;0.0382;0.0138;0.0044;0.0012;0.0004,0.1234;0.2513;0.2625;0.1874;0.1029;0.0463;0.0178;0.0060;0.0018;0.0007,3.5,,,9.5,[],6,4,1,0,3,2,0
v3,2026-09-12,2026-09-12,2026-09-12,15:00,Championship,Preston,Lincoln,5.792404483908393,5.011694453550727,10.80409893745912,10.5,0.8112475533973487,0.7188777807868596,0.6141122538065441,0.5049420097164682,0.39941311245637645,0.304034691225234,0.2229012456149909,0.7784836403793319,0.6850807202959314,0.5219238266144542,0.11187733473788071,0.1747351586423094,0.5837459700852248,0.526753,0.375614,0.0082;0.0328;0.0708;0.1096;0.1360;0.1435;0.1335;0.1120;0.0864;0.0620;0.0418;0.0266;0.0162;0.0094;0.0053;0.0058,0.0163;0.0552;0.1032;0.1402;0.1542;0.1456;0.1220;0.0930;0.0655;0.0432;0.0268;0.0159;0.0090;0.0049;0.0025;0.0025,1.4973071459726792,1.236773121208063,0.42902591286478037,0.2610273826747809,0.3099467044604387,0.5545108547803627,0.5146867395729062,0.29031953399881727,0.22373182683550272,5,S Martin,1.0859703379374925,1.9273141508027054,1.9591029986683461,3.8864171494710513,0.7337853872018796,0.5373872488388942,0.34970493448191964,0.20351508775340835,0.10686577839667345,0.5673968087001579,0.5760715172413169,0.11615432986104657,0.1527;0.2799;0.2633;0.1695;0.0839;0.0340;0.0118;0.0036;0.0010;0.0003,0.1481;0.2758;0.2636;0.1723;0.0866;0.0357;0.0126;0.0039;0.0011;0.0003,3.5,,,10.5,[],16,3,0,1,1,1,0
v3,2026-09-12,2026-09-12,2026-09-12,15:00,League 2,Rotherham,Salford,4.798699876199908,4.7999500010217515,9.59864987722166,9.5,0.7132765002838773,0.5997519525692874,0.4825786140551983,0.37146553567065355,0.27372318153640773,0.1933313319439698,0.13109953981815403,0.661808768284041,0.6619893494842203,0.42449140174827843,0.1891055668508805,0.1889740440154834,0.4998524451902227,0.445904,0.446167,0.0176;0.0600;0.1114;0.1491;0.1606;0.1475;0.1198;0.0881;0.0597;0.0377;0.0224;0.0126;0.0068;0.0035;0.0017;0.0015,0.0176;0.0600;0.1114;0.1490;0.1605;0.1475;0.1199;0.0882;0.0597;0.0377;0.0224;0.0126;0.0068;0.0035;0.0017;0.0015,1.3103798084800617,1.1032517883713855,0.40921467320031246,0.281613899928959,0.3091714268707285,0.4918629035127741,0.433848668571338,0.3317904153835291,0.26971759589809363,5,D Whitestone,0.9163289591383538,1.6837558900932361,1.7406222957151167,3.4243781858083526,0.6559296613913086,0.443876170971037,0.2637803856369208,0.13910820646245656,0.0658555741493027,0.49693634102463713,0.5141541293692644,0.1021947900000384,0.1927;0.3104;0.2567;0.1452;0.0632;0.0226;0.0069;0.0018;0.0004;0.0001,0.1824;0.3035;0.2592;0.1513;0.0679;0.0250;0.0079;0.0022;0.0005;0.0002,3.5,,,9.5,[],4,3,3,3,3,4,1
v3,2026-09-12,2026-09-12,2026-09-12,15:00,League 1,Sheffield Wed,Wigan,6.482351966600296,4.676131281369449,11.158483247969745,10.5,0.8342354987437794,0.7485799995989018,0.6489382180475798,0.5424442352263874,0.43686223272997987,0.3389884597363785,0.2535971199602476,0.8402439691642124,0.6360541677068594,0.5244291292425558,0.07504383479134825,0.21161189405042466,0.683642922884855,0.623039,0.288312,0.0047;0.0207;0.0496;0.0847;0.1152;0.1326;0.1340;0.1218;0.1014;0.0783;0.0566;0.0387;0.0251;0.0156;0.0093;0.0115,0.0223;0.0693;0.1200;0.1523;0.1580;0.1415;0.1133;0.0829;0.0563;0.0359;0.0216;0.0125;0.0069;0.0037;0.0019;0.0018,1.9490949231616774,1.1699904396405594,0.551877253308048,0.22533080612208042,0.22279194056987153,0.5944484415557292,0.6029540882641298,0.3103699084991859,0.14240289884388954,5,S Stockbridge,1.0884033857898583,1.870852146960592,2.0485956902700293,3.9194478372306216,0.7387542701220196,0.54374330071537,0.3559178791579575,0.20846353205776208,0.11020993193212313,0.5516387546522501,0.5997567030741932,0.0649689708175496,0.1613;0.2871;0.2625;0.1642;0.0790;0.0312;0.0105;0.0031;0.0008;0.0003,0.1359;0.2643;0.2637;0.1798;0.0943;0.0405;0.0148;0.0048;0.0014;0.0005,3.5,,,10.5,"[{""market"": ""Goals 2.5"", ""pick"": ""Over"", ""p"": 0.603}]",8,7,0,0,2,3,0
v3,2026-09-12,2026-09-12,2026-09-12,15:00,League 2,Shrewsbury,Northampton,4.8206910869894255,3.807922749544726,8.628613836534152,8.5,0.6110353087880805,0.4861017412393673,0.36787192554859033,0.2650768676378505,0.18216843640045347,0.1196458737130461,0.07527010340516677,0.6702704366440221,0.5039650305304298,0.3239080416764509,0.18089659062986344,0.31264297109960204,0.6271564586384095,0.557176,0.33124,0.0158;0.0565;0.1086;0.1488;0.1628;0.1508;0.1227;0.0899;0.0603;0.0375;0.0219;0.0121;0.0063;0.0032;0.0015;0.0013,0.0393;0.1083;0.1651;0.1834;0.1654;0.1282;0.0884;0.0554;0.0322;0.0175;0.0090;0.0044;0.0020;0.0009;0.0004;0.0003,1.1448781739643634,0.9969767209633489,0.38611555348610044,0.3029873643734366,0.3108970821404629,0.43420212417469406,0.36165742284977204,0.3689933263183286,0.3182626881103374,5,E Heaslip,1.014835254086468,1.8544031735184179,1.9109734274069934,3.7653766009254115,0.7149098747857193,0.5136880590848163,0.3269655523814796,0.18573581491462549,0.0950700524426654,0.5471014564638775,0.5629867648578877,0.11577882652390048,0.1637;0.2892;0.2623;0.1627;0.0776;0.0304;0.0102;0.0030;0.0008;0.0002,0.1550;0.2820;0.2632;0.1680;0.0825;0.0332;0.0114;0.0034;0.0009;0.0003,3.5,,,9.5,"[{""market"": ""Goals 2.5"", ""pick"": ""Under"", ""p"": 0.638}]",1,5,2,0,1,1,0
v3,2026-09-12,2026-09-12,2026-09-12,15:00,Championship,Southampton,Bristol City,6.748138585687977,4.483854162632013,11.231992748319989,10.5,0.8386983772155748,0.754435520643986,0.6559096068474527,0.5500666126439789,0.4445902846717898,0.34631156328625456,0.2601258947849871,0.8601696010508321,0.6068696909924463,0.5125950327195179,0.06386478611146076,0.23436800425069845,0.7245838338362643,0.663865,0.252337,0.0037;0.0172;0.0429;0.0760;0.1069;0.1272;0.1325;0.1240;0.1061;0.0841;0.0624;0.0437;0.0291;0.0184;0.0112;0.0145,0.0264;0.0782;0.1298;0.1588;0.1593;0.1385;0.1079;0.0770;0.0511;0.0319;0.0189;0.0107;0.0058;0.0030;0.0015;0.0014,1.772818253543253,1.1815926152319818,0.5090366262003189,0.24017986371864752,0.2507835100810336,0.5787406566558839,0.5665188472626144,0.3067897512892482,0.16985362308050617,5,S Allison,0.9865549033453103,1.6313314498894325,2.2328864008843365,3.864217850773769,0.7304023493241021,0.5330881558123236,0.3455302178262589,0.20021187072795818,0.10464813184294332,0.48042130786548315,0.6453727641034073,0.11688796167122328,0.2032;0.3164;0.2535;0.1393;0.0590;0.0205;0.0061;0.0016;0.0004;0.0001,0.1138;0.2408;0.2610;0.1932;0.1098;0.0511;0.0203;0.0070;0.0022;0.0008,3.5,,,10.5,"[{""market"": ""Corner dominance"", ""pick"": ""Home"", ""p"": 0.664}]",2,5,4,1,0,2,0
v3,2026-09-12,2026-09-12,2026-09-12,15:00,League 1,Stockport,Leicester,6.048526993756147,4.7699064675864635,10.818433461342611,10.5,0.8122258940992314,0.720126767287076,0.6155591178574802,0.506481277505008,0.40093158926067535,0.30543475168061035,0.22411574101771845,0.804033168375592,0.651347502844548,0.5126499963319648,0.09607879360112741,0.19938371731943222,0.6353767027372621,0.575224,0.330104,0.0066;0.0275;0.0620;0.0999;0.1286;0.1404;0.1349;0.1167;0.0926;0.0683;0.0472;0.0308;0.0192;0.0114;0.0065;0.0074,0.0201;0.0645;0.1148;0.1493;0.1578;0.1436;0.1164;0.0860;0.0588;0.0377;0.0228;0.0132;0.0073;0.0039;0.0020;0.0019,1.7051296173736565,1.2825829632932468,0.4702754752222836,0.24434478488907713,0.28537973988863935,0.5946405723053393,0.5740513933385336,0.277320067004569,0.1817488268429506,5,T Kirk,1.075719099124227,1.5028421815069508,1.797705368132983,3.300547549639934,0.6323435648199448,0.4176238431866636,0.2414497125498938,0.12362938768119018,0.05675097168881842,0.43963223870719903,0.5311228701367665,0.052465046724012976,0.2294;0.3309;0.2453;0.1245;0.0487;0.0156;0.0043;0.0010;0.0002;0.0001,0.1725;0.2964;0.2612;0.1573;0.0728;0.0276;0.0089;0.0025;0.0006;0.0002,3.5,,,10.5,[],8,1,3,4,2,1,0
v3,2026-09-12,2026-09-12,2026-09-12,15:00,Championship,Swansea,Burnley,5.061894148284466,4.812001175422478,9.873895323706943,9.5,0.7384656742312967,0.6293337379465086,0.5141036699674671,0.40232031822159875,0.3017268745055624,0.21708722905595945,0.1500603410231879,0.6969100803052125,0.6622651388561205,0.4483442319808783,0.1646167401674936,0.1893576702182318,0.5288574298775948,0.473,0.421381,0.0143;0.0511;0.0992;0.1385;0.1554;0.1485;0.1254;0.0957;0.0672;0.0440;0.0270;0.0158;0.0087;0.0047;0.0024;0.0022,0.0179;0.0603;0.1112;0.1484;0.1596;0.1468;0.1196;0.0883;0.0600;0.0381;0.0228;0.0129;0.0070;0.0036;0.0018;0.0016,1.4934611365547161,1.1534437896304468,0.4466167619677142,0.2640784325998265,0.28930480543245934,0.5343905310184829,0.4932809017349422,0.3155482144090329,0.22459395836890325,6,J Bell,0.9956911923992859,1.6753253773058714,2.3621101822440385,4.03743555954991,0.755879206619374,0.5660388339309477,0.37810051876172646,0.22644788478424446,0.12258215666169893,0.4939280496604439,0.6745785960031586,0.1356482704584372,0.1949;0.3112;0.2557;0.1441;0.0626;0.0223;0.0068;0.0018;0.0004;0.0001,0.1007;0.2247;0.2570;0.2006;0.1202;0.0590;0.0246;0.0090;0.0030;0.0012,3.5,,,10.5,"[{""market"": ""Corners total"", ""pick"": ""Under 10.5"", ""p"": 0.598}]",3,6,3,1,2,1,0
v3,2026-09-12,2026-09-12,2026-09-12,15:00,League 2,Walsall,Rochdale,5.7945485391249605,4.54516602963736,10.339714568762322,10.5,0.7772455362954214,0.676247235930538,0.565607636518265,0.4542539816584224,0.3502907917322368,0.2595366763287351,0.18497354801135402,0.7814288343578814,0.6203666210210936,0.47289456272733504,0.10940715353890779,0.22180934787870799,0.6367935254659709,0.574601,0.327734,0.0078;0.0318;0.0697;0.1092;0.1365;0.1446;0.1347;0.1131;0.0870;0.0621;0.0416;0.0263;0.0159;0.0091;0.0050;0.0054,0.0234;0.0729;0.1255;0.1578;0.1614;0.1420;0.1113;0.0795;0.0526;0.0326;0.0191;0.0106;0.0057;0.0029;0.0014;0.0013,1.5306122890713831,1.0971940241923899,0.4691060933276059,0.26233262486587894,0.2685612818065152,0.5256665901804585,0.488528439068974,0.33380642356280565,0.21640312547444623,5,J O'Connor,1.0082479300537504,1.82519541158779,2.2723961888878055,4.097591600475596,0.7642416043610022,0.5771526435034294,0.3893875832244955,0.23578826909838344,0.12914057849889754,0.5384779110219844,0.6543538803013378,0.12892535651715187,0.1687;0.2928;0.2613;0.1597;0.0752;0.0290;0.0096;0.0028;0.0007;0.0002,0.1098;0.2359;0.2598;0.1955;0.1130;0.0535;0.0216;0.0076;0.0024;0.0009,3.5,,,9.5,[],7,4,0,0,1,3,0
v3,2026-09-12,2026-09-12,2026-09-12,15:00,Championship,Watford,Stoke,5.367198448777298,4.842738832287473,10.209937281064771,9.5,0.7669214329849046,0.663587820760901,0.551521855924541,0.43986041960387917,0.33665228598050256,0.24745816087156372,0.17490946055321785,0.7339130881943186,0.664880483869135,0.47539516469430365,0.13993425843890828,0.188149859229781,0.558911189684715,0.501616,0.395872,0.0113;0.0424;0.0863;0.1262;0.1480;0.1478;0.1301;0.1035;0.0757;0.0515;0.0329;0.0199;0.0115;0.0063;0.0034;0.0033,0.0179;0.0600;0.1103;0.1470;0.1583;0.1461;0.1196;0.0888;0.0609;0.0390;0.0236;0.0135;0.0074;0.0039;0.0020;0.0018,1.5992822426416236,1.1751416677873183,0.46850855353485193,0.2547155399182138,0.27677590654693435,0.5550860726292077,0.5244274459804301,0.30877523308530097,0.20204148272460398,6,L Smith,0.9850114032592492,1.9898729359898493,2.5637985228870033,4.5536714588768525,0.8200313829580232,0.6554781479276706,0.4734829148910663,0.30941582384814303,0.18387914733180316,0.5837675629523766,0.7158322913074283,0.1276911474571122,0.1444;0.2719;0.2632;0.1746;0.0892;0.0374;0.0134;0.0042;0.0012;0.0004,0.0834;0.2008;0.2479;0.2090;0.1353;0.0717;0.0324;0.0128;0.0046;0.0021,3.5,,,10.5,"[{""market"": ""Cards total"", ""pick"": ""Over 3.5"", ""p"": 0.655}]",5,8,1,2,2,2,0
v3,2026-09-12,2026-09-12,2026-09-12,12:30,Championship,West Brom,QPR,4.874817933817111,5.068594177972398,9.94341211178951,9.5,0.7445582924406854,0.6365912892549025,0.5219484312140844,0.410107618555026,0.3088949529543048,0.22325409242040273,0.15505191448423558,0.6708322980676461,0.6974156345366522,0.45475067626701404,0.18328222547961354,0.16439518776595308,0.47773181932370645,0.427478,0.467329,0.0170;0.0580;0.1083;0.1459;0.1585;0.1472;0.1210;0.0901;0.0618;0.0396;0.0239;0.0137;0.0075;0.0039;0.0020;0.0018,0.0143;0.0511;0.0990;0.1382;0.1551;0.1483;0.1253;0.0958;0.0674;0.0441;0.0272;0.0159;0.0088;0.0047;0.0024;0.0023,1.3858286240699194,1.2036454532953922,0.40732687782653176,0.2707414580652634,0.32193166410820484,0.5286009043823391,0.4789247495588243,0.30009822138472186,0.25011646138057764,6,R Ricardo,1.1029657728130882,1.8193892718013382,1.8396029116354424,3.658992183436781,0.6974393162476905,0.4923590731142638,0.30706621849835947,0.17060746565445656,0.08531084858706642,0.5371450535952178,0.542961302390329,0.1229221941458375,0.1692;0.2936;0.2615;0.1593;0.0746;0.0287;0.0094;0.0027;0.0007;0.0002,0.1660;0.2911;0.2620;0.1613;0.0764;0.0296;0.0098;0.0029;0.0007;0.0002,3.5,,,10.5,"[{""market"": ""Corners total"", ""pick"": ""Under 10.5"", ""p"": 0.59}]",5,3,1,1,1,4,0
v3,2026-09-12,2026-09-12,2026-09-12,15:00,League 2,York,Swindon,7.375698260878285,4.142695261629237,11.518393522507523,11.5,0.8551295445696524,0.776260620323144,0.6822159377358814,0.5791868332840105,0.47448197244720125,0.3749906110012919,0.28601418337076967,0.8985423505768009,0.5515859632502926,0.4877912387332493,0.043564644461960164,0.28007201915269564,0.7987734600564208,0.741736,0.186858,0.0022;0.0112;0.0302;0.0579;0.0879;0.1122;0.1252;0.1251;0.1140;0.0960;0.0755;0.0560;0.0393;0.0263;0.0169;0.0243,0.0359;0.0965;0.1477;0.1683;0.1588;0.1307;0.0970;0.0663;0.0423;0.0255;0.0146;0.0080;0.0042;0.0022;0.0011;0.0010,1.7658725623996787,1.156712504133589,0.513121641419809,0.2408802353727804,0.24599812320741063,0.571534930521617,0.5592439925345848,0.31451846128550404,0.17103748048060805,5,D Drysdale,0.9543690736066205,1.1764912440526445,1.7641053787629948,2.9405966228156393,0.5572401302085016,0.33977441801977115,0.17972529730430123,0.0837137053324932,0.03482801721768087,0.3277053666236967,0.5215083345595887,0.09913138054448778,0.3147;0.3576;0.2093;0.0840;0.0260;0.0066;0.0014;0.0003;0.0000;0.0000,0.1778;0.3007;0.2605;0.1540;0.0699;0.0260;0.0082;0.0023;0.0006;0.0002,3.5,,,9.5,"[{""market"": ""Corners total"", ""pick"": ""Over 9.5"", ""p"": 0.682}, {""market"": ""Cards total"", ""pick"": ""Under 3.5"", ""p"": 0.66}, {""market"": ""Corner dominance"", ""pick"": ""Home"", ""p"": 0.742}]",6,1,4,0,1,2,1
v3,2026-09-12,2026-09-12,2026-09-13,12:00,Championship,Sheffield Utd,Wolves,5.178024483846543,5.662455570245228,10.84048005409177,10.5,0.8137224664440702,0.7220398765022207,0.6177782554197407,0.508845265202263,0.4032667338618843,0.30759064390067076,0.22598836604849076,0.7067414876702107,0.764339462206641,0.5287399319252968,0.15952655762090515,0.12094282627121286,0.4479344946535374,0.403825,0.497702,0.0141;0.0497;0.0957;0.1337;0.1510;0.1460;0.1253;0.0975;0.0701;0.0471;0.0298;0.0179;0.0103;0.0057;0.0030;0.0030,0.0093;0.0359;0.0757;0.1147;0.1396;0.1446;0.1322;0.1093;0.0831;0.0588;0.0391;0.0247;0.0148;0.0085;0.0047;0.0051,1.4062195963353266,1.5440877931338757,0.34372234630516724,0.2515085001007372,0.4047691535940955,0.5971574349797093,0.5655850183751157,0.21350654455414597,0.24506799009725183,5,R Jones,0.996922089605204,1.785209477071598,2.0036697329498936,3.7888792100214914,0.7186577148917382,0.5183385352347704,0.3313751011809484,0.1891426492275848,0.09730338385615031,0.5270922302088398,0.5880964195576475,0.1136006035905529,0.1750;0.2979;0.2604;0.1558;0.0717;0.0271;0.0088;0.0025;0.0006;0.0002,0.1418;0.2701;0.2639;0.1762;0.0904;0.0380;0.0136;0.0043;0.0012;0.0004,3.5,,,10.5,[],0,9,0,1,2,1,0
v3,2026-09-15,2026-09-15,2026-09-15,19:45,Championship,Bristol City,Lincoln,6.328593498932081,4.707325527112135,11.035919026044215,10.5,0.8265642943659741,0.738584176440734,0.6371192760747232,0.5296103610910986,0.4239397148108748,0.32682705275557705,0.24282915517297704,0.8281400079690076,0.6412099998948653,0.5206218197409381,0.08194146775605607,0.20744393377011466,0.6673044435996885,0.606676,0.302468,0.0053;0.0229;0.0538;0.0899;0.1200;0.1356;0.1346;0.1203;0.0985;0.0748;0.0533;0.0358;0.0229;0.0140;0.0082;0.0099,0.0215;0.0677;0.1182;0.1513;0.1580;0.1423;0.1144;0.0839;0.0571;0.0365;0.0220;0.0127;0.0070;0.0037;0.0019;0.0018,1.5212742073560388,1.1588611389663248,0.4525290469559666,0.26159672246985527,0.2858742305741781,0.5399027959152125,0.5014969184539357,0.3138434014522922,0.2184333801324085,6,T Robinson,1.0423325844823752,1.5342490005798382,2.318284840508315,3.852533841088153,0.7286076464054285,0.5308167335076004,0.3433334576728327,0.19848075301147142,0.10349064800227992,0.44954782496824397,0.665029569400198,0.10696523811118619,0.2232;0.3273;0.2472;0.1281;0.0512;0.0168;0.0047;0.0012;0.0003;0.0001,0.1049;0.2301;0.2586;0.1983;0.1168;0.0562;0.0231;0.0083;0.0027;0.0011,3.5,,,10.5,[],13,4,0,1,2,5,0
v3,2026-09-15,2026-09-15,2026-09-15,19:45,Championship,Middlesbrough,Millwall,6.668707324130782,4.906387359851821,11.575094683982602,11.5,0.858207093844459,0.7803969188491915,0.6872604778631066,0.5848368306591852,0.48034987540855867,0.38068651593960834,0.291215981415495,0.8524626850627763,0.6667201801571225,0.5590112092131909,0.06846177891938361,0.18951362185701043,0.674902712266487,0.616104,0.296774,0.0042;0.0187;0.0456;0.0791;0.1095;0.1283;0.1322;0.1225;0.1041;0.0820;0.0606;0.0423;0.0281;0.0178;0.0108;0.0141,0.0190;0.0611;0.1094;0.1438;0.1541;0.1427;0.1180;0.0891;0.0625;0.0411;0.0256;0.0152;0.0086;0.0047;0.0025;0.0025,1.7012307707238636,1.2344994689669087,0.4800304767624341,0.24544149529777615,0.2745280279397897,0.5829978041294421,0.5622577228715551,0.2909803706296053,0.1824588208270392,6,R Madley,1.0207721357121813,1.6352814786278538,2.0911786467300506,3.7264601253579044,0.7086154624012514,0.5059378000309461,0.31967333209396603,0.18014512201048521,0.09143325622653331,0.4817449444221125,0.610848622209842,0.11638950578316398,0.2022;0.3160;0.2539;0.1397;0.0593;0.0206;0.0061;0.0016;0.0004;0.0001,0.1303;0.2589;0.2636;0.1833;0.0979;0.0428;0.0160;0.0052;0.0015;0.0005,3.5,,,10.5,"[{""market"": ""Corners total"", ""pick"": ""Over 10.5"", ""p"": 0.585}]",14,1,2,2,1,1,0
v3,2026-09-17,2026-09-17,2026-09-17,20:00,League 1,AFC Wimbledon,MK Dons,5.997220416879268,5.091764340608717,11.088984757487985,10.5,0.8299212719297158,0.7429477978183616,0.6422662090644479,0.5351856440283211,0.4295397829039123,0.33208437770531346,0.24747267458285419,0.7975254933561722,0.6941957986942346,0.5428325414733092,0.10037647232865955,0.168775075819047,0.5950407133846394,0.538304,0.366347,0.0071;0.0290;0.0643;0.1021;0.1299;0.1405;0.1339;0.1152;0.0910;0.0669;0.0462;0.0301;0.0188;0.0112;0.0064;0.0073,0.0156;0.0531;0.1001;0.1370;0.1522;0.1451;0.1230;0.0949;0.0676;0.0451;0.0284;0.0170;0.0098;0.0054;0.0029;0.0029,1.3341767005202485,1.3592603086579131,0.3612726632438135,0.265882086184087,0.37284525057209955,0.551102790722963,0.5047664464632341,0.25685069694054735,0.26337492265665974,6,R Eley,1.0302550262966812,1.700666961597501,2.076711727494654,3.7773786890921546,0.7168288049157043,0.5160657862900256,0.3292169093559525,0.18747275936986044,0.09620708239998252,0.5018495620375603,0.6071192019654322,0.07043679936256786,0.1899;0.3082;0.2571;0.1469;0.0646;0.0234;0.0072;0.0020;0.0005;0.0001,0.1322;0.2607;0.2637;0.1821;0.0967;0.0420;0.0156;0.0051;0.0015;0.0005,3.5,,,10.5,[],5,6,0,0,0,0,0
v3,2026-09-17,2026-09-17,2026-09-18,20:00,Championship,Bristol City,Watford,6.360838440934205,4.5000382697677335,10.860876710701937,10.5,0.815098297647827,0.7238013503151843,0.6198246511918545,0.5110285962142894,0.4054267505396105,0.3095879255527595,0.22772589488416653,0.8318796535785548,0.6110295210617478,0.4978657069392841,0.07958402001942635,0.23025474628943526,0.6923593717782355,0.630375,0.280099,0.0050;0.0221;0.0524;0.0885;0.1191;0.1354;0.1351;0.1212;0.0995;0.0757;0.0540;0.0363;0.0232;0.0142;0.0083;0.0100,0.0254;0.0764;0.1285;0.1587;0.1602;0.1398;0.1090;0.0777;0.0514;0.0320;0.0188;0.0106;0.0057;0.0030;0.0015;0.0013,1.6008789325982233,1.1845986781152296,0.46675882551201675,0.25438520179953555,0.2788559726884477,0.5576217770044675,0.5270773748882647,0.30586890675664963,0.20171914252548198,7,O Langford,0.9406430383093147,1.669940748815779,2.370758884632262,4.040699633448041,0.7563392725828294,0.5666463362632145,0.37871351098975276,0.22695187362867733,0.12293374218987384,0.4922714124293517,0.6764669119642207,0.11316533350370173,0.1959;0.3118;0.2554;0.1435;0.0621;0.0221;0.0067;0.0018;0.0004;0.0001,0.0999;0.2237;0.2567;0.2010;0.1209;0.0595;0.0250;0.0092;0.0030;0.0012,3.5,,,10.5,[],2,5,1,0,2,5,0
v3,2026-09-17,2026-09-17,2026-09-19,15:00,League 2,Accrington,Newport,5.528193241794136,4.295354197265819,9.823547439059954,9.5,0.7339854560996909,0.6240227636010617,0.5083908284420728,0.3966768355899888,0.29655735350158086,0.2126613592820139,0.146495353726422,0.7552184487779863,0.5832964338526948,0.42787395235174197,0.1253252564779318,0.24968978435567712,0.6401030431558756,0.575444,0.323542,0.0094;0.0371;0.0788;0.1195;0.1445;0.1482;0.1334;0.1082;0.0804;0.0554;0.0358;0.0219;0.0127;0.0071;0.0038;0.0037,0.0280;0.0835;0.1382;0.1670;0.1641;0.1388;0.1045;0.0717;0.0456;0.0271;0.0153;0.0082;0.0042;0.0021;0.0010;0.0008,1.709954957453903,1.1550934898468455,0.5001855819335852,0.2456796093978154,0.2541348086685994,0.5644547042298028,0.5459063474604512,0.3150280835993545,0.1808739394563992,6,J Robinson,0.9988061437776874,2.3492887983732142,1.9747967847401224,4.3240855831133365,0.7935768298748914,0.6173886283839463,0.4315677293683195,0.2718253427643255,0.15526965697239944,0.6714811843685481,0.5799308228548481,0.17746847386505882,0.1021;0.2264;0.2572;0.1997;0.1191;0.0582;0.0243;0.0089;0.0029;0.0012,0.1463;0.2738;0.2633;0.1734;0.0879;0.0366;0.0130;0.0041;0.0011;0.0004,4.5,,,9.5,[],4,5,0,0,2,2,0
v3,2026-09-17,2026-09-17,2026-09-19,15:00,League 2,Barnet,Fleetwood,6.558537076092518,3.9949249813211467,10.553462057413665,10.5,0.793458991747455,0.6963905864108074,0.5883167239027135,0.4777662003836387,0.3728645857091484,0.2797934200167141,0.2020758532428399,0.8496699288989411,0.5303883618953714,0.4407180118870288,0.0691332995612965,0.2955162755000508,0.7606599645024671,0.697751,0.219546,0.0041;0.0187;0.0463;0.0812;0.1128;0.1321;0.1352;0.1241;0.1040;0.0806;0.0584;0.0398;0.0258;0.0159;0.0094;0.0114,0.0381;0.1023;0.1551;0.1741;0.1609;0.1292;0.0933;0.0618;0.0381;0.0222;0.0122;0.0065;0.0033;0.0016;0.0008;0.0006,1.5480145339760094,1.052960954485288,0.4839674306451339,0.2615897346501095,0.2544428347047566,0.5162566592977748,0.48181528769309095,0.3489031318465639,0.21266980359319781,6,S Jackson,1.0590270242793163,1.6478873945848174,3.028019545721636,4.6759069403064535,0.8328584769710654,0.6746235691522173,0.4953203692196653,0.3297122368971193,0.1998858525876748,0.4850363056712531,0.7946052257199304,0.17211597996720052,0.2008;0.3142;0.2537;0.1408;0.0604;0.0214;0.0065;0.0017;0.0004;0.0001,0.0537;0.1517;0.2194;0.2165;0.1637;0.1013;0.0533;0.0246;0.0101;0.0057,4.5,,,9.5,"[{""market"": ""Corners total"", ""pick"": ""Over 9.5"", ""p"": 0.588}, {""market"": ""Corner dominance"", ""pick"": ""Home"", ""p"": 0.698}]",5,6,3,1,3,2,1
v3,2026-09-17,2026-09-17,2026-09-19,12:30,League 1,Barnsley,Leicester,6.238865449046248,5.168123807869656,11.406989256915903,11.5,0.8489160597806898,0.7679569481517553,0.6721463999545997,0.5679726570855412,0.4629012736257299,0.36381300414027445,0.2758639651597477,0.818203019086274,0.7023830153955015,0.5645721587375527,0.08820303979088545,0.1635610658939895,0.6096667462364471,0.553143,0.354144,0.0059;0.0251;0.0572;0.0936;0.1226;0.1364;0.1337;0.1183;0.0960;0.0725;0.0514;0.0345;0.0220;0.0134;0.0079;0.0096,0.0150;0.0514;0.0972;0.1341;0.1501;0.1444;0.1237;0.0964;0.0696;0.0470;0.0300;0.0182;0.0106;0.0059;0.0032;0.0033,1.4075970760163117,1.409747671806597,0.3700022636842764,0.25902274897875804,0.3709749873369656,0.5743866982777204,0.5346705981944513,0.24420489515990293,0.2447306463158763,6,S Stockbridge,1.091682741940949,1.9390330682863355,2.037490211158503,3.9765232794448386,0.7471591917883983,0.5546094314352026,0.3666528737842584,0.21710513188798847,0.11611244639578498,0.5705342435854198,0.596820299954319,0.0692615217654935,0.1511;0.2784;0.2634;0.1705;0.0849;0.0347;0.0121;0.0037;0.0010;0.0003,0.1374;0.2658;0.2637;0.1789;0.0933;0.0399;0.0146;0.0047;0.0013;0.0005,3.5,,,10.5,[],5,12,1,1,5,4,1
v3,2026-09-17,2026-09-17,2026-09-19,15:00,Championship,Birmingham,Middlesbrough,5.757488035233221,5.233363041722714,10.990851076955934,10.5,0.8236700960397669,0.734835184398396,0.6327126779839249,0.5248536237435182,0.4191784453518855,0.32237273362643887,0.23890857184044548,0.7737201193548999,0.7129430085525208,0.5404667022602838,0.1151453082011645,0.15548694433789234,0.5557279577577474,0.501587,0.40099,0.0087;0.0340;0.0725;0.1111;0.1368;0.1434;0.1327;0.1110;0.0853;0.0611;0.0411;0.0262;0.0159;0.0093;0.0052;0.0057,0.0137;0.0482;0.0936;0.1316;0.1496;0.1457;0.1259;0.0988;0.0715;0.0484;0.0309;0.0187;0.0109;0.0060;0.0032;0.0033,1.4536188921131752,1.4216964234822378,0.37918825133573214,0.25593165908663146,0.36488008957763646,0.5848676937595806,0.548303647493363,0.24130431517485254,0.2337229376878488,7,D Webb,0.8482794517831141,1.473102296981837,1.5029474165554062,2.9760497135372432,0.5650607786107686,0.34749240030255135,0.18554564034062454,0.08729019470148891,0.03669273892164054,0.4300116024514979,0.4398465072351534,0.06973719513867649,0.2358;0.3342;0.2431;0.1210;0.0463;0.0145;0.0039;0.0009;0.0002;0.0000,0.2291;0.3311;0.2456;0.1246;0.0486;0.0155;0.0042;0.0010;0.0002;0.0001,3.5,,,10.5,"[{""market"": ""Cards total"", ""pick"": ""Under 3.5"", ""p"": 0.653}]",5,3,2,2,2,0,0
v3,2026-09-17,2026-09-17,2026-09-19,15:00,League 1,Blackpool,Plymouth,5.657016252306518,6.079407381482273,11.736423633788792,11.5,0.8666576053963965,0.7918371365485289,0.7013142224181949,0.6006919827759174,0.4969365916399091,0.39690458630755826,0.30613542144776157,0.7586359352825954,0.8017189928852606,0.5984950490266293,0.1258993257174872,0.09855493074150068,0.45720665941995076,0.414554,0.492157,0.0102;0.0380;0.0778;0.1155;0.1386;0.1424;0.1298;0.1074;0.0821;0.0586;0.0394;0.0252;0.0154;0.0090;0.0051;0.0058,0.0071;0.0286;0.0629;0.0997;0.1271;0.1381;0.1326;0.1152;0.0920;0.0686;0.0480;0.0319;0.0202;0.0123;0.0072;0.0086,1.4418758256867237,1.6610803186146441,0.33093851114079215,0.243333255027049,0.4257282338321589,0.621726134008043,0.5994764081864323,0.18993368033649324,0.23648374008742878,6,D Drysdale,0.9499862383759828,1.6894173932896834,1.8763062185461088,3.565723611835792,0.6814327185076073,0.473306982217506,0.28973670392073453,0.15776317716747543,0.07723294290166154,0.4985698112264762,0.5534631915873063,0.07173113277662835,0.1918;0.3097;0.2568;0.1458;0.0637;0.0228;0.0070;0.0019;0.0005;0.0001,0.1601;0.2864;0.2629;0.1649;0.0795;0.0314;0.0106;0.0031;0.0008;0.0003,3.5,,,10.5,"[{""market"": ""Corners total"", ""pick"": ""Over 10.5"", ""p"": 0.601}, {""market"": ""BTTS"", ""pick"": ""Yes"", ""p"": 0.622}]",3,8,2,4,3,0,0
v3,2026-09-17,2026-09-17,2026-09-19,15:00,League 1,Bromley,Huddersfield,4.319629654709634,5.418111090195402,9.737740744905036,9.5,0.7262186679572513,0.6148670168128897,0.49859705155147416,0.3870557324289596,0.28779322328940676,0.20519963535885463,0.14051837445605517,0.5876114494044108,0.7428084958031085,0.42359477192616507,0.24601878878423322,0.13327256138946258,0.3738422788125974,0.33547,0.561886,0.0272;0.0820;0.1368;0.1664;0.1643;0.1395;0.1055;0.0726;0.0462;0.0275;0.0155;0.0083;0.0043;0.0021;0.0010;0.0008,0.0103;0.0398;0.0831;0.1239;0.1476;0.1489;0.1322;0.1056;0.0774;0.0527;0.0336;0.0203;0.0116;0.0064;0.0034;0.0033,1.1849342341863347,1.7529698801267708,0.2545952537801163,0.24181381142949165,0.503590934790392,0.5772529559457443,0.5627549042049845,0.17325862127056138,0.30576628780619375,6,C Brook,1.0247235858859147,1.9378684644215125,1.7474381525475573,3.68530661696907,0.7018383058163002,0.4976761870628431,0.31197732971597797,0.174303568953668,0.08767107755113837,0.5704607159262735,0.515998287997828,0.07257372994606859,0.1510;0.2786;0.2636;0.1705;0.0848;0.0345;0.0120;0.0037;0.0010;0.0003,0.1814;0.3026;0.2592;0.1519;0.0685;0.0254;0.0080;0.0022;0.0006;0.0002,3.5,,,10.5,"[{""market"": ""Corners total"", ""pick"": ""Under 10.5"", ""p"": 0.613}]",4,9,2,1,2,2,0
v3,2026-09-17,2026-09-17,2026-09-19,15:00,Championship,Burnley,Derby,6.464010752048366,4.415064773910976,10.879075525959342,10.5,0.8163188081218081,0.7253661528482409,0.6216451062132305,0.5129735839279908,0.40735366005227097,0.3113721539557033,0.22928024932688246,0.8403246828628309,0.5977861151361383,0.4921373211464573,0.07473292196268308,0.2407335099031007,0.7098029002264311,0.647672,0.264795,0.0046;0.0206;0.0496;0.0849;0.1158;0.1334;0.1348;0.1223;0.1015;0.0781;0.0563;0.0382;0.0247;0.0152;0.0090;0.0109,0.0273;0.0805;0.1329;0.1615;0.1606;0.1382;0.1065;0.0751;0.0492;0.0303;0.0177;0.0098;0.0053;0.0027;0.0013;0.0012,1.7855594231633445,1.115972912142513,0.5272139138339056,0.23922067887239154,0.23356540729370287,0.5629235526571695,0.5543912575875303,0.3275964012881347,0.16770321768902968,7,S Martin,1.076600558322222,1.8545724055320192,2.6820999293653505,4.53667233489737,0.8181801661092194,0.652752907973535,0.47041719988746666,0.3066057472826831,0.1816936562239137,0.5465346257732022,0.7381373060505813,0.11347299049907877,0.1644;0.2891;0.2616;0.1623;0.0777;0.0306;0.0103;0.0030;0.0008;0.0003,0.0745;0.1874;0.2416;0.2125;0.1435;0.0793;0.0374;0.0154;0.0057;0.0027,3.5,,,10.5,"[{""market"": ""Cards total"", ""pick"": ""Over 3.5"", ""p"": 0.653}]",4,6,1,1,4,2,0
v3,2026-09-17,2026-09-17,2026-09-19,12:30,League 1,Burton,Mansfield,4.960196734926483,4.295699135243809,9.255895870170292,9.5,0.6795226858915737,0.5611327988020145,0.44248120618910075,0.3332290820199744,0.23991064709967028,0.1653831366401786,0.1093639442905491,0.6865377357220367,0.5858309406545418,0.38838926937869217,0.1706798307979378,0.2461839788872192,0.580043829086129,0.516848,0.374202,0.0148;0.0530;0.1028;0.1428;0.1587;0.1499;0.1247;0.0935;0.0644;0.0412;0.0248;0.0141;0.0076;0.0039;0.0020;0.0017,0.0267;0.0818;0.1376;0.1680;0.1659;0.1404;0.1055;0.0720;0.0453;0.0267;0.0148;0.0078;0.0039;0.0019;0.0009;0.0007,1.3630473940976766,1.2231152094431619,0.3970847816609381,0.27149593390789417,0.33141928443116775,0.5288833069958679,0.4780910997990308,0.29431189416870274,0.25587982096147244,6,O Mackey,0.9787222510110423,1.5303564640352045,1.8758232797733405,3.4061797438085453,0.6525363098902294,0.4400431362918861,0.26047184325402684,0.13678123812983353,0.06446693554288643,0.448544051004534,0.5534566915255854,0.05954234110787682,0.2235;0.3279;0.2473;0.1277;0.0508;0.0166;0.0046;0.0011;0.0003;0.0001,0.1600;0.2865;0.2630;0.1649;0.0794;0.0313;0.0105;0.0031;0.0008;0.0003,3.5,,,10.5,"[{""market"": ""Corners total"", ""pick"": ""Under 10.5"", ""p"": 0.667}]",4,5,2,2,1,5,0
v3,2026-09-17,2026-09-17,2026-09-19,12:30,Championship,Cardiff,Charlton,7.6340071872753335,4.310690020803793,11.944697208079127,11.5,0.8769190691907776,0.8058984835017136,0.7187987345053927,0.6206585410989957,0.5180796134397322,0.4178303914619351,0.32562104835431294,0.9100431542282384,0.5769174212905229,0.517811082621184,0.037959335223209156,0.26008420902719276,0.7987466543061902,0.743266,0.187274,0.0018;0.0096;0.0265;0.0520;0.0807;0.1055;0.1206;0.1234;0.1152;0.0994;0.0802;0.0609;0.0439;0.0301;0.0198;0.0303,0.0321;0.0887;0.1393;0.1630;0.1578;0.1334;0.1016;0.0713;0.0467;0.0289;0.0170;0.0096;0.0052;0.0027;0.0014;0.0013,1.6492090564682493,1.128808971353076,0.4915093056626502,0.25122462511189525,0.2572660692254545,0.5500131697118448,0.5252899732467925,0.32341822749484045,0.19220186934200367,7,E Bell,1.0362942288883759,1.614483061482756,2.4835524626080123,4.098035524090768,0.7643024040842938,0.5772340068306077,0.38947078545143154,0.2358575957329376,0.12918959128349017,0.47499125354963323,0.7002457437215384,0.1172505461662624,0.2067;0.3183;0.2523;0.1373;0.0576;0.0199;0.0059;0.0015;0.0004;0.0001,0.0897;0.2101;0.2520;0.2063;0.1296;0.0666;0.0292;0.0112;0.0038;0.0017,3.5,,,10.5,"[{""market"": ""Corners total"", ""pick"": ""Over 10.5"", ""p"": 0.621}, {""market"": ""Corner dominance"", ""pick"": ""Home"", ""p"": 0.743}]",6,1,3,1,5,3,0
v3,2026-09-17,2026-09-17,2026-09-19,15:00,League 2,Chesterfield,York,5.268996713759387,4.58639594257729,9.855392656336678,9.5,0.736825820076456,0.6273872805889653,0.5120072081120246,0.40024662001688155,0.29982486927530505,0.2154567224958192,0.14874528608765644,0.7238511196367047,0.628993222890278,0.44224901362599295,0.14608741052541405,0.2140926791608334,0.5785031859868519,0.518127,0.377506,0.0119;0.0444;0.0898;0.1301;0.1510;0.1489;0.1294;0.1015;0.0731;0.0490;0.0308;0.0183;0.0104;0.0056;0.0029;0.0028,0.0217;0.0696;0.1227;0.1569;0.1624;0.1441;0.1135;0.0812;0.0536;0.0331;0.0193;0.0107;0.0057;0.0029;0.0014;0.0012,1.5254186242854204,1.3753032288645013,0.4065468736961275,0.253870197202527,0.33958292910134547,0.5881511213021967,0.5542037998021355,0.25276293916405007,0.21752997447179132,6,B Speedie,0.9038253138202432,1.4296813584947694,1.8920755320802505,3.3217568905750197,0.6364658824883609,0.42214714183301144,0.24524242160950643,0.12622060607737443,0.058253089185481104,0.41536527574483884,0.5580901563807259,0.12236250992592834,0.2463;0.3383;0.2389;0.1156;0.0431;0.0132;0.0035;0.0008;0.0002;0.0000,0.1574;0.2845;0.2634;0.1665;0.0808;0.0321;0.0109;0.0032;0.0009;0.0003,4.5,,,9.5,"[{""market"": ""Cards total"", ""pick"": ""Under 4.5"", ""p"": 0.755}]",7,4,2,0,1,2,0
v3,2026-09-17,2026-09-17,2026-09-19,15:00,League 2,Colchester,Cheltenham,5.599470097785871,3.8653876882794895,9.46485778606536,9.5,0.7004155488949639,0.5849028752002721,0.4670213646553411,0.35649672684226524,0.26036787665923117,0.1821942958266392,0.12236177162062253,0.7654823214801838,0.5115670875527784,0.3792181323123743,0.118208064714638,0.3086203230915916,0.6981588585780086,0.62963,0.272213,0.0085;0.0345;0.0752;0.1163;0.1431;0.1487;0.1353;0.1106;0.0827;0.0572;0.0371;0.0227;0.0131;0.0073;0.0039;0.0038,0.0396;0.1071;0.1619;0.1798;0.1632;0.1280;0.0898;0.0575;0.0342;0.0191;0.0101;0.0051;0.0025;0.0011;0.0005;0.0004,1.5977898039741343,1.1547918538075284,0.47278250418992296,0.25525034449753076,0.2719671513125463,0.5498261733326035,0.51916713243167,0.31512312175551116,0.20234324236872872,6,A Young,1.066599092029891,1.4996755004118205,2.433866886574091,3.933542386985912,0.7408510804977464,0.5464405171863039,0.35856913722883144,0.21058700886301066,0.1116530023757018,0.4382462899991133,0.6900965447637025,0.1550416001896575,0.2308;0.3309;0.2444;0.1240;0.0485;0.0156;0.0043;0.0010;0.0002;0.0001,0.0939;0.2160;0.2542;0.2042;0.1258;0.0634;0.0272;0.0102;0.0034;0.0014,4.5,,,9.5,"[{""market"": ""Cards total"", ""pick"": ""Under 4.5"", ""p"": 0.641}]",3,9,1,1,4,4,1
v3,2026-09-17,2026-09-17,2026-09-19,15:00,League 2,Crewe,Shrewsbury,5.057637291545162,4.120098616855033,9.177735908400194,8.5,0.6714568030737237,0.5520699245529325,0.4332409494212648,0.3245770069642023,0.23239847164136174,0.1592869606810836,0.10470956893556913,0.7002889372815165,0.5568193893116727,0.37628155801871843,0.16093104188956991,0.2694649924318807,0.6128898776084722,0.546785,0.345357,0.0135;0.0495;0.0980;0.1388;0.1570;0.1506;0.1271;0.0966;0.0673;0.0435;0.0264;0.0151;0.0083;0.0043;0.0022;0.0019,0.0310;0.0910;0.1474;0.1737;0.1661;0.1363;0.0995;0.0661;0.0405;0.0233;0.0126;0.0065;0.0032;0.0015;0.0007;0.0005,1.3124970826090805,1.041804138696541,0.42381541232688713,0.28433420769476225,0.2918503799783506,0.4768904722694324,0.41830751886718603,0.35281757557653426,0.26914713393544304,6,A Chilowicz,0.9352169626503222,1.3936397982172843,2.1559005759573893,3.549540374174674,0.678589115397238,0.4699699366350353,0.2867441973874586,0.15557658570243532,0.07587730113536342,0.4031107885731887,0.6271602551804911,0.13368528179464145,0.2554;0.3415;0.2352;0.1112;0.0406;0.0122;0.0031;0.0007;0.0001;0.0000,0.1223;0.2505;0.2629;0.1882;0.1034;0.0465;0.0178;0.0060;0.0018;0.0006,4.5,,,9.5,"[{""market"": ""Cards total"", ""pick"": ""Under 4.5"", ""p"": 0.713}]",6,9,1,1,2,4,0
v3,2026-09-17,2026-09-17,2026-09-19,15:00,League 2,Exeter,Tranmere,5.602859431826232,3.9888861858514453,9.591745617677677,9.5,0.7126227014426102,0.5989930086899419,0.4817791894492988,0.3706922111055397,0.2730295104393712,0.19274977799205723,0.1306408312470656,0.7650973581464113,0.5327384672284577,0.39515663930555844,0.11864281445751897,0.2907917584266654,0.6837799659864778,0.616229,0.28498,0.0086;0.0347;0.0753;0.1163;0.1428;0.1483;0.1350;0.1104;0.0827;0.0573;0.0372;0.0228;0.0133;0.0074;0.0039;0.0039,0.0359;0.0999;0.1550;0.1765;0.1640;0.1315;0.0942;0.0616;0.0374;0.0213;0.0115;0.0059;0.0029;0.0014;0.0006;0.0005,1.4770066286045955,1.0283113674939939,0.4714332301960981,0.26893801510975285,0.259628754694149,0.4994395321256871,0.4575503059362126,0.3576103234133177,0.22832011339493133,6,I Searle,0.9826472866525431,1.6172901613669497,2.44619375834836,4.06348391971531,0.7595304149634541,0.570872685649203,0.3829907620644843,0.23047902409740784,0.12540164640918677,0.4758950343999765,0.6925551619758296,0.16407531305998513,0.2061;0.3180;0.2525;0.1376;0.0578;0.0200;0.0059;0.0015;0.0004;0.0001,0.0929;0.2145;0.2536;0.2047;0.1267;0.0642;0.0277;0.0105;0.0035;0.0015,4.5,,,9.5,"[{""market"": ""Cards total"", ""pick"": ""Under 4.5"", ""p"": 0.617}]",6,2,0,0,2,3,0
v3,2026-09-17,2026-09-17,2026-09-19,15:00,League 2,Gillingham,Bristol Rovers,4.868070176426718,5.195693459666219,10.063763636092936,9.5,0.754851296490365,0.6489461050360881,0.535405053947379,0.4235679472461166,0.3213798823899048,0.23407751157483428,0.16387979882276982,0.6692378387720086,0.7133576539925951,0.4645287745436048,0.1846823052993523,0.15358661768955947,0.4627208279773223,0.414558,0.481356,0.0173;0.0586;0.1088;0.1461;0.1583;0.1467;0.1205;0.0897;0.0616;0.0395;0.0239;0.0137;0.0075;0.0039;0.0020;0.0018,0.0130;0.0472;0.0934;0.1331;0.1522;0.1483;0.1276;0.0992;0.0709;0.0472;0.0296;0.0176;0.0099;0.0054;0.0028;0.0027,1.2570596034108483,1.303798768741971,0.3520919937395634,0.2737723200122039,0.3741356862482326,0.5250483350185341,0.4717003662321979,0.2714984716944682,0.28448930926126453,6,S Gill,0.9700454309813333,1.875467606098512,2.2455006114679152,4.1209682175664275,0.7674252541330724,0.5814240568228967,0.3937668163262811,0.23944661229077072,0.13173365851125013,0.5527770821383088,0.6480896999434694,0.1490239998210311,0.1607;0.2865;0.2624;0.1645;0.0794;0.0315;0.0107;0.0032;0.0008;0.0003,0.1126;0.2393;0.2605;0.1938;0.1108;0.0519;0.0207;0.0073;0.0023;0.0009,4.5,,,9.5,"[{""market"": ""Cards total"", ""pick"": ""Under 4.5"", ""p"": 0.606}]",2,1,3,0,1,2,0
v3,2026-09-17,2026-09-17,2026-09-19,15:00,League 2,Grimsby,Crawley,6.3399915766552235,4.198283062917978,10.538274639573203,10.5,0.7923390373601704,0.694988586202313,0.5867241551582532,0.47610483644855545,0.37125750050555206,0.278340446561421,0.20083994302055996,0.8319540458854774,0.5644642041861563,0.4590411092149445,0.07921424174181546,0.26684322915739106,0.7230665051786039,0.659447,0.252567,0.0049;0.0219;0.0524;0.0888;0.1198;0.1363;0.1359;0.1217;0.0996;0.0755;0.0535;0.0358;0.0227;0.0138;0.0080;0.0094,0.0320;0.0907;0.1441;0.1687;0.1619;0.1346;0.1002;0.0683;0.0433;0.0258;0.0146;0.0079;0.0041;0.0020;0.0010;0.0008,1.6842466953649178,0.9824408296893427,0.5349843206892712,0.2486204798601174,0.21639519945061145,0.5129507749285711,0.4981802276005782,0.37439614545553745,0.1855841807362069,6,E Heaslip,0.9926144031990841,1.7949581990789185,2.646338492504612,4.44129669158353,0.8074793247645538,0.6371798025380206,0.4530980953499683,0.290911217199961,0.16962582999820924,0.5294476078108176,0.7316594048480398,0.16012205734645335,0.1740;0.2965;0.2601;0.1565;0.0726;0.0277;0.0090;0.0026;0.0007;0.0002,0.0770;0.1914;0.2436;0.2117;0.1412;0.0770;0.0358;0.0146;0.0053;0.0025,4.5,,,9.5,"[{""market"": ""Corners total"", ""pick"": ""Over 9.5"", ""p"": 0.587}, {""market"": ""Corner dominance"", ""pick"": ""Home"", ""p"": 0.659}]",9,6,2,0,2,4,0
v3,2026-09-17,2026-09-17,2026-09-19,15:00,League 1,Leyton Orient,Stevenage,4.845059631662225,4.3849293106832565,9.229988942345482,8.5,0.6768642433684454,0.558138850688096,0.43942161239135014,0.3303576410315902,0.23741177692740195,0.1633506285403256,0.10780858229118273,0.6704651952632392,0.6004432148255069,0.3886254340399205,0.18205686084589173,0.23458357163055155,0.5557312249178229,0.494571,0.395376,0.0164;0.0572;0.1084;0.1475;0.1608;0.1491;0.1219;0.0900;0.0610;0.0385;0.0228;0.0128;0.0068;0.0035;0.0017;0.0015,0.0247;0.0772;0.1327;0.1650;0.1657;0.1424;0.1085;0.0750;0.0478;0.0284;0.0160;0.0085;0.0043;0.0021;0.0010;0.0008,1.22699248625863,1.3191954587403707,0.340993240721765,0.2744306347975546,0.38457612448068035,0.5216626723777927,0.4679789320988698,0.26735030981793195,0.2931729748644392,6,C Hicks,0.8637145351773263,1.6123037807141292,1.867034575183256,3.479338355897385,0.6660254445307863,0.45539403672047346,0.273821714539167,0.14624129011636228,0.07015505046089322,0.4747027895106855,0.5509151653729876,0.05459645123356338,0.2065;0.3188;0.2528;0.1372;0.0574;0.0197;0.0058;0.0015;0.0003;0.0001,0.1615;0.2876;0.2628;0.1640;0.0787;0.0309;0.0104;0.0030;0.0008;0.0002,3.5,,,10.5,"[{""market"": ""Corners total"", ""pick"": ""Under 10.5"", ""p"": 0.67}]",3,6,1,0,0,4,0
v3,2026-09-17,2026-09-17,2026-09-19,15:00,Championship,Lincoln,Swansea,5.500266200374419,5.2758003352757,10.77606653565012,10.5,0.8093222560757632,0.7164236694829093,0.6112737258453677,0.5019268613830342,0.3964432808386487,0.30130068355496714,0.22053326467791062,0.7464252398296788,0.7194533592517958,0.5253868728232345,0.13252613484862552,0.1506474658168303,0.5242863066896428,0.472164,0.42842,0.0106;0.0400;0.0819;0.1210;0.1438;0.1457;0.1305;0.1057;0.0789;0.0548;0.0358;0.0222;0.0131;0.0074;0.0041;0.0043,0.0129;0.0464;0.0913;0.1299;0.1491;0.1463;0.1271;0.1002;0.0728;0.0494;0.0316;0.0191;0.0111;0.0062;0.0033;0.0033,1.2585904572859663,1.3268569275204045,0.3478966929355299,0.27214716012445644,0.37995614694001373,0.5297739699681075,0.4779109641853303,0.2653098402438634,0.28405413088199366,7,A Backhouse,1.0701838833184731,2.080210624276809,2.033051549238733,4.113262173515542,0.7663798225349622,0.5800189531415909,0.39232370318243154,0.2382389335604358,0.1308761337835547,0.6077106972212024,0.5955419997079534,0.09586586228209149,0.1320;0.2603;0.2634;0.1822;0.0969;0.0423;0.0157;0.0051;0.0015;0.0005,0.1381;0.2663;0.2636;0.1785;0.0929;0.0397;0.0145;0.0046;0.0013;0.0005,3.5,,,10.5,[],2,1,1,2,2,1,0
v3,2026-09-17,2026-09-17,2026-09-19,15:00,League 1,Luton,Bradford,5.349310139333905,4.763982065963164,10.11329220529707,9.5,0.758993829734112,0.6539522657334107,0.5408947265784846,0.4290964190251226,0.32654252177376314,0.23858343333179918,0.16757983932476708,0.7322958719408745,0.6540860216782945,0.4662824539431788,0.14085497578100556,0.1958693157946018,0.5661550115538471,0.507863,0.389175,0.0114;0.0427;0.0868;0.1268;0.1486;0.1481;0.1301;0.1032;0.0752;0.0510;0.0325;0.0196;0.0113;0.0062;0.0033;0.0032,0.0190;0.0628;0.1140;0.1500;0.1597;0.1456;0.1178;0.0865;0.0587;0.0372;0.0222;0.0126;0.0068;0.0036;0.0018;0.0016,1.2947186457789257,1.1626060178664577,0.39179733727979876,0.27979647348738523,0.32840618923281606,0.5028869510628524,0.44519422354311683,0.31267029386415757,0.27397493749363977,6,R Martin,0.9799200039339064,1.9158144051224832,2.559265598549795,4.475080003672279,0.8113313375294906,0.6427507996972173,0.45925495227506263,0.2964555061245416,0.17386204983975856,0.5637385172455701,0.7150237681755838,0.08417003149501523,0.1549;0.2813;0.2627;0.1681;0.0829;0.0336;0.0116;0.0035;0.0010;0.0003,0.0837;0.2013;0.2482;0.2089;0.1350;0.0714;0.0322;0.0127;0.0045;0.0020,3.5,,,10.5,"[{""market"": ""Cards total"", ""pick"": ""Over 3.5"", ""p"": 0.643}]",14,3,0,1,2,4,1
v3,2026-09-17,2026-09-17,2026-09-19,12:30,Championship,Millwall,West Ham,5.658816952392333,5.566082998452663,11.224899950844996,10.5,0.8382722198385232,0.7538750798981483,0.6552408138411092,0.5493336696698029,0.4438454564141899,0.34560412799917134,0.2594937337530214,0.7617305039862295,0.7513972624326661,0.5615899322148459,0.12316993908997392,0.12992039582905685,0.5097346867855924,0.460437,0.44285,0.0097;0.0368;0.0767;0.1151;0.1392;0.1436;0.1311;0.1084;0.0826;0.0587;0.0392;0.0249;0.0151;0.0087;0.0049;0.0054,0.0105;0.0392;0.0803;0.1187;0.1415;0.1442;0.1301;0.1064;0.0802;0.0564;0.0374;0.0235;0.0141;0.0081;0.0045;0.0049,1.493217023415377,1.4427934161151017,0.3848020111122046,0.25278605787990577,0.36241193100788965,0.5955919077316946,0.5623218260171694,0.2362668443969806,0.2246487913976164,7,P Tierney,0.9623265241996786,1.5116068196966852,2.059873060034206,3.5714798797308913,0.6824394287328429,0.4744917868059408,0.2908022401251784,0.15854399314658332,0.07771842514219157,0.4423477464297638,0.6029815393803339,0.09005102927169761,0.2278;0.3299;0.2457;0.1255;0.0494;0.0160;0.0044;0.0011;0.0002;0.0001,0.1341;0.2629;0.2639;0.1809;0.0952;0.0410;0.0151;0.0049;0.0014;0.0005,3.5,,,10.5,[],3,11,2,2,1,5,1
v3,2026-09-17,2026-09-17,2026-09-19,15:00,League 2,Northampton,Rotherham,5.011415477114201,3.9421201532887205,8.953535630402921,8.5,0.6475710888788146,0.5255926506103474,0.40660762759606617,0.29997284660045076,0.2113212211551534,0.142410604653029,0.0919959694509392,0.6953055242967024,0.5268399248650325,0.3526374622977852,0.16394131592121597,0.2939222489840809,0.630527402110033,0.562102,0.329377,0.0138;0.0504;0.0997;0.1408;0.1585;0.1511;0.1266;0.0955;0.0660;0.0423;0.0254;0.0144;0.0078;0.0040;0.0020;0.0017,0.0357;0.1008;0.1574;0.1792;0.1657;0.1318;0.0932;0.0600;0.0358;0.0200;0.0105;0.0053;0.0025;0.0012;0.0005;0.0004,1.244726807624477,1.1142933875750185,0.3885628927161269,0.28656831717696457,0.32486879010690856,0.4822787809055621,0.41954896198142794,0.32814706979351854,0.2880195821375529,6,W Finnie,0.9335017173624774,1.591547503915288,1.9731905389990927,3.5647380429143807,0.6812601036905437,0.4731040096452844,0.2895543245157338,0.15762964891891104,0.07714999324278717,0.468086845992609,0.5801496443641938,0.14984555399710098,0.2108;0.3211;0.2514;0.1348;0.0557;0.0189;0.0055;0.0014;0.0003;0.0001,0.1458;0.2740;0.2640;0.1737;0.0878;0.0364;0.0128;0.0040;0.0011;0.0004,4.5,,,9.5,"[{""market"": ""Cards total"", ""pick"": ""Under 4.5"", ""p"": 0.71}]",5,7,0,1,2,2,0
v3,2026-09-17,2026-09-17,2026-09-19,15:00,League 1,Oxford Utd,Cambridge Utd,5.699280995702504,4.95644796556784,10.655728961270345,10.5,0.8008743986677778,0.7057141447743109,0.5989540585565183,0.48891177561763827,0.38369342086014735,0.28962691060735496,0.2104771474401761,0.7694258236646796,0.6783716320270865,0.5102664160079909,0.11742272083673982,0.17926430701679902,0.5805591373421,0.523244,0.378032,0.0088;0.0347;0.0739;0.1132;0.1388;0.1447;0.1330;0.1104;0.0842;0.0597;0.0398;0.0251;0.0151;0.0087;0.0048;0.0051,0.0169;0.0568;0.1056;0.1424;0.1555;0.1457;0.1212;0.0916;0.0640;0.0418;0.0258;0.0151;0.0085;0.0046;0.0024;0.0023,1.7003704186392887,1.2398525197969474,0.47862493594761557,0.2454261987157662,0.2759488653366182,0.5841539916298477,0.5632848563770503,0.2894268995295401,0.18261586720178746,5,T Kirk,1.0707287955085896,1.630323080105537,1.9829954155256313,3.6133184956311686,0.6896819910810279,0.48306849885063136,0.29856351102685497,0.16426678624908167,0.0812988256635722,0.48027054972372435,0.5827401693216302,0.06037008520073128,0.2031;0.3166;0.2537;0.1392;0.0588;0.0204;0.0061;0.0016;0.0004;0.0001,0.1445;0.2728;0.2640;0.1745;0.0887;0.0369;0.0131;0.0041;0.0011;0.0004,3.5,,,10.5,[],5,8,1,1,1,5,0
v3,2026-09-17,2026-09-17,2026-09-19,15:00,League 1,Peterborough,Doncaster,5.785187770293642,5.155165410983989,10.940353181277631,10.5,0.8203796784454305,0.7305874685222788,0.6277368805293408,0.5195007520449398,0.4138387198264478,0.31739426112031127,0.2345415618571188,0.7769360383589708,0.7032531492537454,0.5351715267884161,0.11303660292597642,0.16213530211358368,0.5671228613423953,0.511888,0.390717,0.0084;0.0333;0.0714;0.1100;0.1361;0.1433;0.1330;0.1116;0.0861;0.0618;0.0417;0.0266;0.0162;0.0094;0.0053;0.0058,0.0146;0.0506;0.0969;0.1346;0.1513;0.1457;0.1246;0.0968;0.0694;0.0466;0.0295;0.0177;0.0102;0.0056;0.0030;0.0030,1.4577371779794275,1.474053340844995,0.3698366394519384,0.2530763971071727,0.37708696344088893,0.5949797317888262,0.5613558013411053,0.22899540506558447,0.23276237910198525,6,W Davis,0.9285965294035555,1.3642648239373178,1.979213784731601,3.343478608668919,0.6406524212989129,0.4267688270006463,0.24914117799149024,0.12890046608416975,0.05981603369385246,0.3932080337484984,0.5819589683585151,0.057267709039725334,0.2625;0.3443;0.2324;0.1076;0.0384;0.0113;0.0028;0.0006;0.0001;0.0000,0.1448;0.2733;0.2642;0.1744;0.0883;0.0366;0.0129;0.0040;0.0011;0.0004,3.5,,,10.5,[],8,3,0,2,2,1,0
v3,2026-09-17,2026-09-17,2026-09-19,15:00,Championship,Portsmouth,Blackburn,5.979798259816718,4.598324611914319,10.578122871731036,10.5,0.795267192713962,0.6986575403745505,0.5908956633661088,0.48046056366904655,0.3754748156438805,0.28215686833431675,0.2040892251138102,0.7987904571552359,0.627289258037826,0.489698780573281,0.09898322770280168,0.21703446628253448,0.6481676096168768,0.586428,0.31832,0.0068;0.0284;0.0638;0.1022;0.1308;0.1419;0.1352;0.1161;0.0913;0.0667;0.0456;0.0295;0.0182;0.0107;0.0060;0.0067,0.0228;0.0711;0.1231;0.1557;0.1603;0.1421;0.1124;0.0810;0.0541;0.0339;0.0200;0.0113;0.0061;0.0032;0.0016;0.0014,1.358555146451748,1.1127433899348795,0.4202066096822709,0.2770240647112467,0.30276932560648234,0.5026182091025143,0.44880366550576967,0.3286560913665255,0.25703188221965445,6,J Busby,0.9753042103687652,1.3879462138574967,2.8070277261701846,4.1949739400276815,0.7772642411253585,0.5947685279475571,0.40759742433599483,0.25112680123479886,0.1401034054556175,0.40089265840810856,0.7603345084918534,0.10871064182700618,0.2575;0.3416;0.2341;0.1104;0.0403;0.0121;0.0031;0.0007;0.0001;0.0000,0.0659;0.1737;0.2342;0.2153;0.1517;0.0874;0.0428;0.0184;0.0070;0.0035,3.5,,,10.5,[],9,7,2,2,2,1,0
v3,2026-09-17,2026-09-17,2026-09-19,15:00,Championship,QPR,Preston,6.561985605415039,4.23571851550221,10.797704120917249,10.5,0.8108097575629319,0.7183192958954546,0.6134657760891047,0.5042547638545283,0.39873566096824287,0.3034105413570473,0.22236022976007747,0.8485714023225722,0.5695396285726667,0.4733273628492573,0.06997298060507873,0.2633347327932285,0.7361423300661288,0.673737,0.24149,0.0042;0.0191;0.0468;0.0815;0.1127;0.1317;0.1346;0.1235;0.1036;0.0804;0.0584;0.0400;0.0260;0.0161;0.0096;0.0118,0.0316;0.0894;0.1423;0.1671;0.1611;0.1347;0.1010;0.0694;0.0444;0.0267;0.0152;0.0083;0.0044;0.0022;0.0011;0.0009,1.6710189802295259,1.1247908577412362,0.49778143201128555,0.249349482395474,0.25286908559324045,0.551732943430618,0.5295468874058344,0.3247203730094093,0.18805534329782123,7,T Parsons,1.0298742740563502,1.2770109889562236,2.1514115205960587,3.4284225095522824,0.6566803717718285,0.44472673920345396,0.2645168048202847,0.13962772373171722,0.06616654452551345,0.36303410591927004,0.6261694095072853,0.09703855282850637,0.2859;0.3511;0.2223;0.0967;0.0325;0.0090;0.0021;0.0004;0.0001;0.0000,0.1227;0.2511;0.2630;0.1880;0.1030;0.0462;0.0176;0.0059;0.0018;0.0006,3.5,,,10.5,"[{""market"": ""Corner dominance"", ""pick"": ""Home"", ""p"": 0.674}]",9,3,2,2,3,2,1
v3,2026-09-17,2026-09-17,2026-09-19,15:00,League 1,Reading,Notts County,5.331490725518678,4.569050427110766,9.900541152629444,9.5,0.740813760259388,0.6321259571910103,0.5171165893873226,0.4053059903912499,0.304470370804854,0.21944342504833766,0.15196417483580216,0.7313495910829351,0.6261275986683825,0.4449851077037073,0.14113156712963498,0.21637834201029227,0.5872550767246654,0.526383,0.369962,0.0113;0.0427;0.0871;0.1275;0.1494;0.1487;0.1304;0.1031;0.0749;0.0505;0.0320;0.0192;0.0110;0.0060;0.0031;0.0030,0.0222;0.0705;0.1237;0.1575;0.1624;0.1437;0.1129;0.0806;0.0532;0.0328;0.0191;0.0106;0.0056;0.0028;0.0014;0.0012,1.5112970104030765,1.211990355942205,0.43805671289055437,0.2608018576522714,0.30114142945717426,0.5510385221857859,0.5120627513519932,0.2976043509679099,0.2206236411508717,5,S Mather,0.9897220894723887,1.8707753334217956,1.8763316827948044,3.7471070162166003,0.7119687167372581,0.5100573102294217,0.3235406046381041,0.18310329692809701,0.09335319760492852,0.5517562665689051,0.5533231672891991,0.06730745719349263,0.1611;0.2871;0.2626;0.1643;0.0790;0.0312;0.0105;0.0031;0.0008;0.0003,0.1603;0.2864;0.2627;0.1648;0.0795;0.0314;0.0106;0.0031;0.0008;0.0003,3.5,,,10.5,"[{""market"": ""Corners total"", ""pick"": ""Under 10.5"", ""p"": 0.595}]",4,1,2,0,2,1,0
v3,2026-09-17,2026-09-17,2026-09-19,12:30,League 2,Rochdale,Oldham,4.982377092105876,4.742020278582059,9.724397370687935,9.5,0.7249960043544865,0.6134315576157333,0.497067806497389,0.385559566383057,0.28643587895286376,0.2040487159171607,0.13960023155401974,0.6869794840338359,0.652900786618234,0.4351116891306521,0.17130459888323624,0.19590518409246496,0.5280742679916676,0.471699,0.421545,0.0152;0.0535;0.1026;0.1417;0.1572;0.1486;0.1240;0.0936;0.0650;0.0420;0.0255;0.0147;0.0081;0.0042;0.0021;0.0020,0.0188;0.0626;0.1145;0.1512;0.1610;0.1465;0.1181;0.0862;0.0580;0.0365;0.0216;0.0121;0.0065;0.0033;0.0016;0.0014,1.2580779349209237,1.34904193101333,0.343382386463818,0.27067842644797796,0.385939187088204,0.533813019974659,0.4833563565850256,0.259488749715541,0.2841997522908801,6,S Parkinson,0.9547580740929252,1.998554972477457,2.0718209972368276,4.070375969714284,0.7604887448579215,0.5721462017334656,0.3842839840377291,0.23154906584320797,0.1261528757597198,0.5864948570308809,0.6056053567820264,0.14134916315935775,0.1427;0.2708;0.2636;0.1756;0.0900;0.0378;0.0136;0.0043;0.0012;0.0004,0.1330;0.2614;0.2635;0.1816;0.0962;0.0418;0.0155;0.0050;0.0015;0.0005,4.5,,,9.5,"[{""market"": ""Cards total"", ""pick"": ""Under 4.5"", ""p"": 0.616}]",0,6,2,0,0,0,0
v3,2026-09-17,2026-09-17,2026-09-19,15:00,League 2,Salford,Swindon,6.958443626383331,3.7351681360449773,10.693611762428308,10.5,0.8035660037776633,0.7091160713569107,0.6028556441163928,0.4930211343219274,0.3877068420629367,0.2932904454002968,0.21362342189844932,0.8775562612605037,0.48489934668197554,0.41680760868208394,0.053998087700065554,0.3359619220243838,0.8115119162549008,0.752165,0.174704,0.0029;0.0141;0.0370;0.0684;0.1001;0.1230;0.1319;0.1265;0.1106;0.0893;0.0672;0.0476;0.0320;0.0205;0.0125;0.0163,0.0479;0.1191;0.1690;0.1791;0.1574;0.1209;0.0838;0.0535;0.0320;0.0180;0.0097;0.0050;0.0025;0.0012;0.0006;0.0004,1.5491100395264263,1.0919881838254981,0.4750488914523465,0.2607657423202793,0.26418536622737415,0.5269147819883105,0.4918382962077938,0.33554869758278244,0.2124369502123289,6,N Hair,1.0019349984230375,1.3286608868356171,2.21374727008633,3.542408156921947,0.6773296455281419,0.46849643393406987,0.2854268710606698,0.15461697551417242,0.075284183895497,0.38090859808906385,0.6411458896352907,0.1473108773925239,0.2720;0.3471;0.2283;0.1031;0.0360;0.0103;0.0025;0.0006;0.0001;0.0000,0.1157;0.2432;0.2617;0.1922;0.1082;0.0499;0.0196;0.0067;0.0021;0.0008,4.5,,,9.5,"[{""market"": ""Corners total"", ""pick"": ""Over 9.5"", ""p"": 0.603}, {""market"": ""Cards total"", ""pick"": ""Under 4.5"", ""p"": 0.715}, {""market"": ""Corner dominance"", ""pick"": ""Home"", ""p"": 0.752}]",12,5,1,0,0,3,0
v3,2026-09-17,2026-09-17,2026-09-19,15:00,League 1,Sheffield Wed,Stockport,5.61992398317943,5.321514918356868,10.941438901536298,10.5,0.8204509545473474,0.7306793190172819,0.6278442847585156,0.5196160914476251,0.41395357260339977,0.31750115427866094,0.2346351603246705,0.7590594232223996,0.7241737203296165,0.538388232944177,0.12450104030634787,0.14770182231353823,0.5319049254935385,0.479646,0.422105,0.0097;0.0372;0.0776;0.1164;0.1405;0.1446;0.1315;0.1081;0.0819;0.0577;0.0383;0.0241;0.0144;0.0083;0.0046;0.0049,0.0126;0.0454;0.0897;0.1281;0.1478;0.1458;0.1275;0.1011;0.0740;0.0505;0.0325;0.0199;0.0116;0.0065;0.0035;0.0036,1.7159884466398114,1.4504971038077958,0.4369283180899244,0.23981233799706247,0.32325934391301314,0.6310593384473265,0.613057831380686,0.2344537112881782,0.17978592406381166,6,B Toner,1.0609544749268602,1.5395073502449836,1.7921816464208773,3.3316889966658607,0.6383845903566612,0.42426177380809155,0.24702332421883752,0.12744270045401118,0.05896465274015781,0.4515522232405874,0.529483960773914,0.06999227611363545,0.2215;0.3270;0.2481;0.1288;0.0515;0.0169;0.0047;0.0012;0.0003;0.0001,0.1734;0.2971;0.2610;0.1567;0.0723;0.0273;0.0088;0.0025;0.0006;0.0002,3.5,,,10.5,"[{""market"": ""BTTS"", ""pick"": ""Yes"", ""p"": 0.631}, {""market"": ""Goals 2.5"", ""pick"": ""Over"", ""p"": 0.613}]",4,5,0,0,3,1,0
v3,2026-09-17,2026-09-17,2026-09-19,12:30,Championship,Stoke,Sheffield Utd,6.329479372537262,4.293570266983159,10.62304963952042,10.5,0.798528570173603,0.7027569845222027,0.5955714168753112,0.48535829641102285,0.38023196131306725,0.2864754668405965,0.20777772722192597,0.8305705247397347,0.5796105038608647,0.4708191403413107,0.0801027466519367,0.25468784390648636,0.7120025265027016,0.648773,0.262422,0.0050;0.0222;0.0529;0.0893;0.1201;0.1364;0.1357;0.1213;0.0992;0.0751;0.0533;0.0356;0.0226;0.0137;0.0080;0.0094,0.0297;0.0859;0.1391;0.1657;0.1616;0.1365;0.1032;0.0713;0.0458;0.0277;0.0159;0.0087;0.0045;0.0023;0.0011;0.0010,1.48568121474487,1.240883625180718,0.4251581609400346,0.2617425290259869,0.31309931003397856,0.5535864708853268,0.512860375426093,0.28912862369856135,0.226348096484926,7,T Robinson,1.0618673893448887,2.062906781237421,2.2769520096605795,4.339858790898001,0.7954971161738904,0.6200935193931815,0.4344792047159616,0.2743788423212563,0.15716987290064907,0.6030773462651937,0.655171760015754,0.1158674062622409,0.1344;0.2625;0.2633;0.1807;0.0955;0.0414;0.0153;0.0050;0.0014;0.0005,0.1095;0.2354;0.2595;0.1956;0.1133;0.0538;0.0218;0.0077;0.0025;0.0010,3.5,,,10.5,"[{""market"": ""Cards total"", ""pick"": ""Over 3.5"", ""p"": 0.62}]",8,1,2,1,4,4,0
v3,2026-09-17,2026-09-17,2026-09-19,12:30,League 2,Walsall,Port Vale,5.666627771048414,4.688426836928574,10.355054607976989,10.5,0.7784417269464975,0.6777222804776535,0.5672581240175273,0.4559500206256827,0.3519068869670021,0.26097594784311723,0.18617949711832218,0.7676286898737944,0.6418059573308151,0.4805970057072591,0.11814562730706177,0.20553551442869739,0.6078012507581977,0.547379,0.35321,0.0088;0.0348;0.0745;0.1142;0.1401;0.1458;0.1335;0.1103;0.0836;0.0589;0.0390;0.0244;0.0145;0.0083;0.0045;0.0047,0.0207;0.0666;0.1182;0.1527;0.1600;0.1440;0.1153;0.0840;0.0566;0.0357;0.0212;0.0120;0.0065;0.0034;0.0017;0.0015,1.4178030224005362,1.0445422462828908,0.45188489575191093,0.2742183557572449,0.27389674849084417,0.49492320069477563,0.44649213514976943,0.35185284446776904,0.2422456409468671,6,J Oldham,1.0380115679523172,1.7169874596683532,2.2911440203411417,4.008131480009495,0.751716091593216,0.5605621315841165,0.37259496935691044,0.22193823566808996,0.11944792873520695,0.506628959284607,0.6587365654007694,0.15388770649353334,0.1872;0.3062;0.2577;0.1486;0.0660;0.0241;0.0075;0.0021;0.0005;0.0001,0.1077;0.2335;0.2593;0.1967;0.1145;0.0546;0.0222;0.0079;0.0025;0.0010,4.5,,,9.5,"[{""market"": ""Cards total"", ""pick"": ""Under 4.5"", ""p"": 0.627}]",7,4,2,0,3,3,0
v3,2026-09-17,2026-09-17,2026-09-19,15:00,League 1,Wigan,Wycombe,5.7679470775754424,5.1222330941944545,10.890180171769897,10.5,0.8170602798249439,0.7263177928984289,0.6227533956253228,0.5141589435089695,0.4085292464552451,0.312461845608605,0.2302305545954972,0.7754099655577161,0.6992577656558773,0.5309115420210485,0.11393647446690544,0.16484664910756158,0.5690146088204198,0.513452,0.388901,0.0085;0.0335;0.0719;0.1107;0.1366;0.1435;0.1330;0.1114;0.0857;0.0614;0.0413;0.0263;0.0160;0.0093;0.0052;0.0057,0.0149;0.0516;0.0983;0.1359;0.1520;0.1458;0.1241;0.0960;0.0685;0.0458;0.0288;0.0173;0.0099;0.0054;0.0029;0.0029,1.4437476814949144,1.4625843438164274,0.36861790131481204,0.25436128845334993,0.377020810231838,0.5904611647090571,0.5555004179775601,0.23163687121520363,0.236041490667707,6,D Whitestone,0.9313495239751116,1.5311649949377908,1.6521611573102357,3.1833261522480267,0.6089460972336357,0.39245768362266387,0.22076326469483357,0.10977282400752585,0.048874876308370375,0.4489351076695816,0.4873593648465862,0.057858995479396325,0.2231;0.3280;0.2476;0.1279;0.0508;0.0166;0.0046;0.0011;0.0002;0.0001,0.1984;0.3142;0.2553;0.1418;0.0606;0.0212;0.0063;0.0017;0.0004;0.0001,3.5,,,10.5,"[{""market"": ""Cards total"", ""pick"": ""Under 3.5"", ""p"": 0.608}]",4,5,0,1,6,1,0
v3,2026-09-17,2026-09-17,2026-09-19,15:00,Championship,Wrexham,Southampton,5.547862952681353,4.783955892312759,10.331818844994112,10.5,0.7766278592998669,0.6754862464801359,0.5647568939209076,0.4533805394632125,0.3494592622383577,0.25879678869710704,0.1843541578395132,0.7544753967338689,0.6558455141148439,0.48257188335850504,0.12658144557977066,0.19503252700419438,0.5847226049316309,0.525832,0.373453,0.0097;0.0377;0.0791;0.1189;0.1433;0.1467;0.1323;0.1077;0.0805;0.0560;0.0365;0.0226;0.0133;0.0075;0.0040;0.0042,0.0190;0.0626;0.1134;0.1491;0.1589;0.1452;0.1178;0.0869;0.0592;0.0378;0.0227;0.0130;0.0071;0.0037;0.0019;0.0017,1.3836711101116457,1.4488579284629663,0.35626589973111156,0.25805913415799114,0.3856749661108973,0.576908988852501,0.538264174095192,0.23483833717974387,0.250656673685443,7,G Ward,0.9386311973202619,1.6467930047008552,1.6540943642701984,3.3008873689710536,0.6324098820862032,0.41769639637884143,0.2415103674076888,0.1236707051368258,0.056774852311218774,0.4856128773348451,0.4878798274688451,0.0929971713516633,0.1996;0.3148;0.2549;0.1412;0.0601;0.0210;0.0063;0.0016;0.0004;0.0001,0.1982;0.3140;0.2553;0.1420;0.0607;0.0213;0.0064;0.0017;0.0004;0.0001,3.5,,,10.5,[],2,3,2,1,1,4,0
v2,2026-09-20,2026-09-17,2026-09-20,,Championship,Norwich,Bolton,5.666666666666667,5.0,10.666666666666668,10.5,0.8339494371957317,0.7370692896107278,0.6222483739544269,0.4997727305877056,0.38100847035330954,0.27544023903384635,0.1888201517973638,0.8164821677186535,0.7349740847026383,0.6000932338950433,0.07860474058967146,0.12465201948308113,0.5909874462340393,,,0.0035;0.0196;0.0555;0.1049;0.1486;0.1684;0.1591;0.1288;0.0912;0.0574;0.0325;0.0168;0.0079;0.0035;0.0014;0.0008,0.0067;0.0337;0.0842;0.1404;0.1755;0.1755;0.1462;0.1044;0.0653;0.0363;0.0181;0.0082;0.0034;0.0013;0.0005;0.0002,2.333333333333333,1.0,0.6712657199883366,0.18207708883960927,0.1466571911720541,0.5708225843114046,0.6472238435660592,0.3678794411714423,0.09697196786440508,,,,,,,,,,,,,,,,,,,,10.5,"[{""market"": ""Both 4+ corners"", ""pick"": ""Yes"", ""p"": 0.6}, {""market"": ""Goals 2.5"", ""pick"": ""Over"", ""p"": 0.647}]",4,2,3,4,0,0,0
v2,2026-09-20,2026-09-17,2026-09-20,,Championship,Wolves,West Brom,7.333333333333333,3.333333333333333,10.666666666666666,10.5,0.8339494371957313,0.7370692896107275,0.6222483739544268,0.49977273058770577,0.38100847035330976,0.2754402390338466,0.1888201517973642,0.9340396763040052,0.42701400808919293,0.39884802589290563,0.023013917513106625,0.35277615643394045,0.9155449463980299,,,0.0007;0.0048;0.0176;0.0429;0.0787;0.1155;0.1411;0.1479;0.1355;0.1104;0.0810;0.0540;0.0330;0.0186;0.0097;0.0085,0.0357;0.1189;0.1982;0.2202;0.1835;0.1223;0.0680;0.0324;0.0135;0.0050;0.0017;0.0005;0.0001;0.0000;0.0000;0.0000,2.166666666666667,1.416666666666667,0.5464183643299864,0.20567316917240577,0.24790846649760787,0.6707030153257881,0.6942912579839594,0.2425210746356487,0.11455884399268766,,,,,,,,,,,,,,,,,,,,10.5,"[{""market"": ""BTTS"", ""pick"": ""Yes"", ""p"": 0.671}, {""market"": ""Goals 2.5"", ""pick"": ""Over"", ""p"": 0.694}]",8,7,1,0,1,2,0
v3,2026-09-17,2026-09-17,2026-09-20,13:30,Championship,Norwich,Bolton,6.139665296937123,4.376778594070225,10.516443891007349,10.5,0.7907206600088211,0.6929654575978146,0.5844292242949886,0.4737140969663056,0.36894808283165426,0.2762553920167224,0.1990688438768779,0.8143341610595646,0.593353256907112,0.4721133069901104,0.08953596269367119,0.24338866497285228,0.6871351268532626,0.623802,0.284028,0.0059;0.0253;0.0584;0.0961;0.1260;0.1398;0.1359;0.1189;0.0952;0.0706;0.0491;0.0322;0.0201;0.0120;0.0068;0.0078,0.0274;0.0814;0.1346;0.1633;0.1618;0.1385;0.1060;0.0740;0.0480;0.0292;0.0169;0.0093;0.0049;0.0025;0.0012;0.0011,2.012807756395791,1.1773857291261032,0.5640894897256018,0.22006676384006557,0.21584374643433263,0.6023943812143003,0.6180458535961509,0.30808309940802764,0.1336129947661707,7,T Nield,0.9656953796825055,1.9332854827928603,2.2057620787345034,4.139047561527364,0.7698623928265281,0.5847091394148715,0.39715051815320707,0.24228647527512137,0.13375596684283267,0.5688246328655672,0.6386826271926335,0.09469583353823485,0.1521;0.2791;0.2632;0.1699;0.0844;0.0344;0.0120;0.0037;0.0010;0.0003,0.1170;0.2443;0.2615;0.1912;0.1075;0.0495;0.0194;0.0067;0.0021;0.0008,3.5,,,10.5,"[{""market"": ""BTTS"", ""pick"": ""Yes"", ""p"": 0.602}, {""market"": ""Goals 2.5"", ""pick"": ""Over"", ""p"": 0.618}]",4,2,3,4,0,0,0
v3,2026-09-17,2026-09-17,2026-09-20,12:00,Championship,Wolves,West Brom,6.1361097255251895,3.9950966142511137,10.131206339776304,9.5,0.7604788085001101,0.6557516242690986,0.5428731423498072,0.4310941358547148,0.3284130223653783,0.2402203495448282,0.16892757753806667,0.8162646070164741,0.5318935982515044,0.42309081492785156,0.08795350857790603,0.293050805414292,0.7289329495221453,0.663489,0.246731,0.0056;0.0246;0.0577;0.0958;0.1264;0.1406;0.1370;0.1198;0.0957;0.0707;0.0489;0.0319;0.0197;0.0117;0.0066;0.0073,0.0370;0.1011;0.1549;0.1751;0.1622;0.1303;0.0938;0.0618;0.0379;0.0218;0.0119;0.0062;0.0031;0.0015;0.0007;0.0006,1.5858728866351972,1.0926670960518199,0.4841982211640884,0.25740522565279933,0.2583965531831123,0.5321428475814877,0.5011040356519091,0.3353209667828263,0.20476897498260613,6,J Smith,1.0229320825473804,1.4560354359744212,2.485549333870043,3.9415847698444644,0.742041262989192,0.5479755022525568,0.3600819111717339,0.21180180376947616,0.11248070838892917,0.4238508887456049,0.7008073245458354,0.12174448407896576,0.2408;0.3353;0.2407;0.1187;0.0452;0.0142;0.0038;0.0009;0.0002;0.0000,0.0894;0.2098;0.2520;0.2065;0.1298;0.0667;0.0292;0.0112;0.0038;0.0017,3.5,,,10.5,"[{""market"": ""Corner dominance"", ""pick"": ""Home"", ""p"": 0.663}]",8,7,1,0,1,2,0
v2,2026-09-26,2026-09-26,2026-09-26,,League 1,Bradford,Barnsley,3.5,10.5,14.0,13.5,0.9683803443626157,0.9379448040996509,0.890600630357261,0.8243187871179153,0.739960077540566,0.6415415830336588,0.5355524351031433,0.4633673320992152,0.9928525703656561,0.46005544669818244,0.3208471988621341,0.0018346159379269045,0.019064774468577485,,,0.0302;0.1057;0.1850;0.2158;0.1888;0.1322;0.0771;0.0385;0.0169;0.0066;0.0023;0.0007;0.0002;0.0001;0.0000;0.0000,0.0000;0.0003;0.0015;0.0053;0.0139;0.0293;0.0513;0.0769;0.1009;0.1177;0.1236;0.1180;0.1032;0.0834;0.0625;0.1121,1.166666666666667,0.5,0.5253023386760226,0.3162008639283332,0.1584967973956442,0.2709417192103308,0.23400449960322178,0.6065306597126335,0.31140322391459757,,,,,,,,,,,,,,,,,,,,10.5,"[{""market"": ""Corners total"", ""pick"": ""Over 10.5"", ""p"": 0.824}, {""market"": ""BTTS"", ""pick"": ""No"", ""p"": 0.729}, {""market"": ""Goals 2.5"", ""pick"": ""Under"", ""p"": 0.766}]",,,,,,,
v2,2026-09-26,2026-09-26,2026-09-26,,League 2,Bristol Rovers,Exeter,7.166666666666666,3.166666666666667,10.333333333333332,10.5,0.8083177690786715,0.7034376086137848,0.5830196465985444,0.458587752516129,0.34169718534779975,0.24104141917507188,0.1610329896531599,0.9265196295921841,0.39005241303742477,0.36139121724897244,0.026126380393678126,0.38690389666155134,0.919397184012979,,,0.0008;0.0055;0.0198;0.0474;0.0848;0.1216;0.1453;0.1487;0.1332;0.1061;0.0760;0.0495;0.0296;0.0163;0.0083;0.0070,0.0421;0.1335;0.2113;0.2230;0.1766;0.1118;0.0590;0.0267;0.0106;0.0037;0.0012;0.0003;0.0001;0.0000;0.0000;0.0000,2.0,0.6666666666666666,0.6879883014514718,0.19798698983047788,0.11402470871805029,0.4207310489535967,0.4981750745019887,0.5134171190325919,0.1353352832366127,,,,,,,,,,,,,,,,,,,,10.5,[],6,3,1,0,1,1,0
v2,2026-09-26,2026-09-26,2026-09-26,,League 1,Cambridge Utd,AFC Wimbledon,5.166666666666666,4.5,9.666666666666666,9.5,0.7482429323398821,0.6284273148605933,0.4997364664569127,0.37533531300002143,0.26601308723487455,0.1779479609240618,0.11246363623140619,0.7575947666981129,0.6577040441654088,0.4982731418958982,0.11129842141945007,0.17357807091003602,0.596060933173927,,,0.0057;0.0295;0.0761;0.1311;0.1693;0.1750;0.1507;0.1112;0.0718;0.0412;0.0213;0.0100;0.0043;0.0017;0.0006;0.0003,0.0111;0.0500;0.1125;0.1687;0.1898;0.1708;0.1281;0.0824;0.0463;0.0232;0.0104;0.0043;0.0016;0.0006;0.0002;0.0001,2.166666666666667,1.333333333333333,0.5644246080796659,0.2047717167692841,0.23080367515105002,0.6520414013139045,0.6791528011378665,0.26359713811572694,0.11455884399268774,,,,,,,,,,,,,,,,,,,,10.5,"[{""market"": ""Corners total"", ""pick"": ""Under 10.5"", ""p"": 0.625}, {""market"": ""BTTS"", ""pick"": ""Yes"", ""p"": 0.652}, {""market"": ""Goals 2.5"", ""pick"": ""Over"", ""p"": 0.679}]",8,1,1,1,2,2,0
v2,2026-09-26,2026-09-26,2026-09-26,,League 2,Cheltenham,Chesterfield,3.333333333333333,3.333333333333333,6.666666666666666,7.5,0.35175285827276315,0.22859762870895703,0.1373715327357673,0.07655413542030758,0.039695106744271305,0.01921786859091786,0.008716720819967355,0.42701400808919293,0.42701400808919293,0.18234096310439732,0.35277615643394045,0.35277615643394045,0.5,,,0.0357;0.1189;0.1982;0.2202;0.1835;0.1223;0.0680;0.0324;0.0135;0.0050;0.0017;0.0005;0.0001;0.0000;0.0000;0.0000,0.0357;0.1189;0.1982;0.2202;0.1835;0.1223;0.0680;0.0324;0.0135;0.0050;0.0017;0.0005;0.0001;0.0000;0.0000;0.0000,1.666666666666667,1.5,0.4183304637024238,0.23480957615415993,0.3468599601434162,0.6301380805232846,0.6130961033384484,0.22313016014842982,0.18887560283756175,,,,,,,,,,,,,,,,,,,,10.5,"[{""market"": ""BTTS"", ""pick"": ""Yes"", ""p"": 0.63}, {""market"": ""Goals 2.5"", ""pick"": ""Over"", ""p"": 0.613}]",2,11,2,1,4,0,0
v2,2026-09-26,2026-09-26,2026-09-26,,League 2,Crawley,Barnet,4.333333333333334,6.166666666666666,10.5,10.5,0.8214894248420112,0.7205869521376319,0.6028674006491894,0.4792618715863247,0.3612747756626812,0.2580360667294932,0.17465095566807207,0.6288091044897317,0.8630604873020549,0.5427002921408766,0.19321045084940858,0.054932523862257,0.2619422799241816,,,0.0131;0.0569;0.1232;0.1780;0.1928;0.1671;0.1207;0.0747;0.0405;0.0195;0.0084;0.0033;0.0012;0.0004;0.0001;0.0000,0.0021;0.0129;0.0399;0.0820;0.1264;0.1559;0.1603;0.1412;0.1088;0.0746;0.0460;0.0258;0.0132;0.0063;0.0028;0.0018,1.0,2.166666666666667,0.16369619285462267,0.19658410678458238,0.639719700360795,0.5597055583451465,0.6130961033384489,0.11455884399268769,0.3678794411714424,,,,,,,,,,,,,,,,,,,,10.5,"[{""market"": ""Goals 2.5"", ""pick"": ""Over"", ""p"": 0.613}]",,,,,,,
v2,2026-09-26,2026-09-26,2026-09-26,,League 1,Doncaster,Oxford Utd,6.0,4.0,10.0,9.5,0.7797793533983014,0.6671803212492815,0.5420702855281482,0.4169602498070148,0.30322385369689364,0.20844352360512589,0.13553557738068922,0.8487961172233521,0.5665298796332912,0.48086836212375056,0.06196880441665896,0.2381033055535443,0.7625242777998714,,,0.0025;0.0149;0.0446;0.0892;0.1339;0.1606;0.1606;0.1377;0.1033;0.0688;0.0413;0.0225;0.0113;0.0052;0.0022;0.0014,0.0183;0.0733;0.1465;0.1954;0.1954;0.1563;0.1042;0.0595;0.0298;0.0132;0.0053;0.0019;0.0006;0.0002;0.0001;0.0000,1.166666666666667,1.833333333333333,0.2415399651298031,0.2287240546724133,0.5297359801977836,0.5785040983735728,0.5768099188731567,0.1598797460796939,0.31140322391459757,,,,,,,,,,,,,,,,,,,,10.5,"[{""market"": ""Corners total"", ""pick"": ""Under 10.5"", ""p"": 0.583}]",,,,,,,
v2,2026-09-26,2026-09-26,2026-09-26,,League 2,Fleetwood,Rochdale,6.833333333333334,3.833333333333333,10.666666666666668,10.5,0.8339494371957313,0.7370692896107275,0.6222483739544266,0.49977273058770544,0.3810084703533093,0.2754402390338461,0.18882015179736356,0.9091218747650152,0.5333106298441432,0.4848443596360185,0.03358960441911018,0.2635551961249367,0.8489642950695896,,,0.0011;0.0074;0.0252;0.0573;0.0979;0.1338;0.1523;0.1487;0.1270;0.0964;0.0659;0.0409;0.0233;0.0123;0.0060;0.0046,0.0216;0.0829;0.1590;0.2031;0.1947;0.1492;0.0954;0.0522;0.0250;0.0107;0.0041;0.0014;0.0005;0.0001;0.0000;0.0000,1.166666666666667,0.2,0.6189313237946671,0.31800650785532725,0.06306216835000569,0.1248214190339305,0.158505551225836,0.8187307530779819,0.31140322391459757,,,,,,,,,,,,,,,,,,,,10.5,"[{""market"": ""BTTS"", ""pick"": ""No"", ""p"": 0.875}, {""market"": ""Goals 2.5"", ""pick"": ""Under"", ""p"": 0.841}]",5,5,1,2,1,1,1
v2,2026-09-26,2026-09-26,2026-09-26,,League 1,Huddersfield,Luton,4.833333333333333,4.0,8.833333333333332,8.5,0.6562258099471286,0.522193807255145,0.39064387868708694,0.2744414417853023,0.18112736366720275,0.11243783394137921,0.06576417912767867,0.7107948487623144,0.5665298796332912,0.4026865201132773,0.13940957212803934,0.2381033055535443,0.6254351443045694,,,0.0080;0.0385;0.0930;0.1498;0.1810;0.1750;0.1409;0.0973;0.0588;0.0316;0.0153;0.0067;0.0027;0.0010;0.0003;0.0002,0.0183;0.0733;0.1465;0.1954;0.1954;0.1563;0.1042;0.0595;0.0298;0.0132;0.0053;0.0019;0.0006;0.0002;0.0001;0.0000,2.833333333333333,1.5,0.6524751186539322,0.16500633980204407,0.18251854154402378,0.7311770969460811,0.8067895491505912,0.22313016014842982,0.05881647164242992,,,,,,,,,,,,,,,,,,,,10.5,"[{""market"": ""Corners total"", ""pick"": ""Under 10.5"", ""p"": 0.726}, {""market"": ""BTTS"", ""pick"": ""Yes"", ""p"": 0.731}, {""market"": ""Goals 2.5"", ""pick"": ""Over"", ""p"": 0.807}]",,,,,,,
v2,2026-09-26,2026-09-26,2026-09-26,,League 1,Leicester,Wigan,6.833333333333334,6.333333333333334,13.166666666666668,13.5,0.9504852749309328,0.9076229696251281,0.844917004455525,0.7623541503155475,0.6635289158146654,0.5550956724039753,0.44527225920596847,0.9091218747650152,0.8761551502924965,0.796531812818938,0.03358960441911018,0.048645502669280465,0.5609943589636827,,,0.0011;0.0074;0.0252;0.0573;0.0979;0.1338;0.1523;0.1487;0.1270;0.0964;0.0659;0.0409;0.0233;0.0123;0.0060;0.0046,0.0018;0.0112;0.0356;0.0752;0.1191;0.1508;0.1592;0.1440;0.1140;0.0802;0.0508;0.0293;0.0154;0.0075;0.0034;0.0023,1.166666666666667,1.333333333333333,0.32587857288137434,0.2689003649581866,0.40522106216043907,0.5070846365935745,0.4561868841166707,0.2635971381157269,0.31140322391459757,,,,,,,,,,,,,,,,,,,,10.5,"[{""market"": ""Corners total"", ""pick"": ""Over 10.5"", ""p"": 0.762}, {""market"": ""Both 4+ corners"", ""pick"": ""Yes"", ""p"": 0.797}]",,,,,,,
v2,2026-09-26,2026-09-26,2026-09-26,,League 1,MK Dons,Bromley,7.0,5.5,12.5,12.5,0.9301745368159523,0.8750838030553293,0.7985688950544642,0.7029252600533825,0.594239311188517,0.4810247811209491,0.37216465605597976,0.9182345837552783,0.7983008012974714,0.7330274039908888,0.029636163880521777,0.08837643235678544,0.6820443740518827,,,0.0009;0.0064;0.0223;0.0521;0.0912;0.1277;0.1490;0.1490;0.1304;0.1014;0.0710;0.0452;0.0263;0.0142;0.0071;0.0057,0.0041;0.0225;0.0618;0.1133;0.1558;0.1714;0.1571;0.1234;0.0849;0.0519;0.0285;0.0143;0.0065;0.0028;0.0011;0.0006,1.833333333333333,1.166666666666667,0.5297359801977836,0.22872405467241327,0.24153996512980316,0.5785040983735728,0.5768099188731568,0.3114032239145976,0.15987974607969396,,,,,,,,,,,,,,,,,,,,10.5,"[{""market"": ""Corners total"", ""pick"": ""Over 10.5"", ""p"": 0.703}, {""market"": ""Both 4+ corners"", ""pick"": ""Yes"", ""p"": 0.733}]",,,,,,,
v2,2026-09-26,2026-09-26,2026-09-26,,League 1,Mansfield,Leyton Orient,4.333333333333333,3.833333333333333,8.166666666666666,8.5,0.5700514755355828,0.4307037627097724,0.304258615886352,0.20099507931389202,0.12432972640403533,0.07215469456260509,0.03937807199555278,0.6288091044897316,0.5333106298441432,0.3353505795671504,0.1932104508494087,0.2635551961249367,0.5795213149319,,,0.0131;0.0569;0.1232;0.1780;0.1928;0.1671;0.1207;0.0747;0.0405;0.0195;0.0084;0.0033;0.0012;0.0004;0.0001;0.0000,0.0216;0.0829;0.1590;0.2031;0.1947;0.1492;0.0954;0.0522;0.0250;0.0107;0.0041;0.0014;0.0005;0.0001;0.0000;0.0000,1.333333333333333,1.833333333333333,0.27963418132828344,0.2281028320856151,0.49226298658610146,0.6186669593138553,0.6130961033384482,0.1598797460796939,0.2635971381157269,,,,,,,,,,,,,,,,,,,,10.5,"[{""market"": ""Corners total"", ""pick"": ""Under 10.5"", ""p"": 0.799}, {""market"": ""BTTS"", ""pick"": ""Yes"", ""p"": 0.619}, {""market"": ""Goals 2.5"", ""pick"": ""Over"", ""p"": 0.613}]",,,,,,,
v2,2026-09-26,2026-09-26,2026-09-26,,League 2,Newport,Grimsby,5.833333333333333,6.166666666666666,12.0,11.5,0.9104955031598237,0.8449722182325367,0.7576078383294873,0.652770582445828,0.5384026669363814,0.42403475142693503,0.31846436787975363,0.8332925310313419,0.8630604873020549,0.7191818578970727,0.06983181355559485,0.054932523862257,0.45709935235929455,,,0.0029;0.0171;0.0498;0.0969;0.1413;0.1648;0.1602;0.1335;0.0974;0.0631;0.0368;0.0195;0.0095;0.0043;0.0018;0.0011,0.0021;0.0129;0.0399;0.0820;0.1264;0.1559;0.1603;0.1412;0.1088;0.0746;0.0460;0.0258;0.0132;0.0063;0.0028;0.0018,1.666666666666667,1.166666666666667,0.49047742598374694,0.24236681170421104,0.26715576231204197,0.5585376448902707,0.5384540766948215,0.31140322391459757,0.1888756028375618,,,,,,,,,,,,,,,,,,,,10.5,"[{""market"": ""Corners total"", ""pick"": ""Over 10.5"", ""p"": 0.653}, {""market"": ""Both 4+ corners"", ""pick"": ""Yes"", ""p"": 0.719}]",7,3,2,1,2,2,0
v2,2026-09-26,2026-09-26,2026-09-26,,League 1,Notts County,Blackpool,8.0,3.166666666666667,11.166666666666668,11.5,0.867248935248633,0.7824781550004989,0.6772995943222584,0.5598502015648901,0.4406212725536225,0.3296721302792481,0.2343696619153623,0.957619888008316,0.39005241303742477,0.3735219480902721,0.013753967744002987,0.38690389666155134,0.9475277932685147,,,0.0003;0.0027;0.0107;0.0286;0.0573;0.0916;0.1221;0.1396;0.1396;0.1241;0.0993;0.0722;0.0481;0.0296;0.0169;0.0173,0.0421;0.1335;0.2113;0.2230;0.1766;0.1118;0.0590;0.0267;0.0106;0.0037;0.0012;0.0003;0.0001;0.0000;0.0000;0.0000,1.5,1.166666666666667,0.4489565833960111,0.25583644077471396,0.29520697582927496,0.5349500671597738,0.49817507450198906,0.31140322391459757,0.22313016014842982,,,,,,,,,,,,,,,,,,,,10.5,[],,,,,,,
v2,2026-09-26,2026-09-26,2026-09-26,,League 2,Oldham,Salford,5.166666666666666,4.166666666666667,9.333333333333332,9.5,0.7136729569710972,0.5873859922766024,0.45642173259342195,0.3341884235557874,0.23047531285718864,0.14980956009161156,0.09189568631119722,0.7575947666981129,0.5983951626756625,0.45334104366054784,0.11129842141945007,0.21468530608628178,0.6450216600214507,,,0.0057;0.0295;0.0761;0.1311;0.1693;0.1750;0.1507;0.1112;0.0718;0.0412;0.0213;0.0100;0.0043;0.0017;0.0006;0.0003,0.0155;0.0646;0.1346;0.1869;0.1947;0.1623;0.1127;0.0671;0.0349;0.0162;0.0067;0.0026;0.0009;0.0003;0.0001;0.0000,2.166666666666667,1.0,0.6397197003607948,0.1965841067845825,0.16369619285462267,0.5597055583451463,0.6130961033384488,0.3678794411714424,0.11455884399268769,,,,,,,,,,,,,,,,,,,,10.5,"[{""market"": ""Goals 2.5"", ""pick"": ""Over"", ""p"": 0.613}]",11,5,1,4,0,2,0
v2,2026-09-26,2026-09-26,2026-09-26,,League 1,Plymouth,Burton,5.166666666666667,4.333333333333334,9.5,9.5,0.7313368182161561,0.6081765174550603,0.47817397776279263,0.3546715650551381,0.24801039044398182,0.16357029387681649,0.10186406946234958,0.7575947666981128,0.6288091044897317,0.4763824868135475,0.11129842141945,0.19321045084940858,0.6205414256505373,,,0.0057;0.0295;0.0761;0.1311;0.1693;0.1750;0.1507;0.1112;0.0718;0.0412;0.0213;0.0100;0.0043;0.0017;0.0006;0.0003,0.0131;0.0569;0.1232;0.1780;0.1928;0.1671;0.1207;0.0747;0.0405;0.0195;0.0084;0.0033;0.0012;0.0004;0.0001;0.0000,2.0,1.0,0.6057031411068133,0.211712083963188,0.18258477492999867,0.546572343959809,0.5768099188731565,0.3678794411714423,0.1353352832366127,,,,,,,,,,,,,,,,,,,,10.5,"[{""market"": ""Corners total"", ""pick"": ""Under 10.5"", ""p"": 0.645}]",3,4,0,1,3,3,0
v2,2026-09-26,2026-09-26,2026-09-26,,League 2,Port Vale,Northampton,4.166666666666666,3.833333333333333,7.999999999999999,7.5,0.5470391905130053,0.4074526585624083,0.2833757412729888,0.1841142074414535,0.11192400101851846,0.06379719673656181,0.03418070179381925,0.5983951626756624,0.5333106298441432,0.31913050110224606,0.21468530608628192,0.2635551961249367,0.5538408576904685,,,0.0155;0.0646;0.1346;0.1869;0.1947;0.1623;0.1127;0.0671;0.0349;0.0162;0.0067;0.0026;0.0009;0.0003;0.0001;0.0000,0.0216;0.0829;0.1590;0.2031;0.1947;0.1492;0.0954;0.0522;0.0250;0.0107;0.0041;0.0014;0.0005;0.0001;0.0000;0.0000,1.0,0.3333333333333333,0.519328447567249,0.3590619098521668,0.12160964258058417,0.17918638637049522,0.15063144384932486,0.7165313105737893,0.36787944117144233,,,,,,,,,,,,,,,,,,,,10.5,"[{""market"": ""BTTS"", ""pick"": ""No"", ""p"": 0.821}, {""market"": ""Goals 2.5"", ""pick"": ""Under"", ""p"": 0.849}]",,,,,,,
v2,2026-09-26,2026-09-26,2026-09-26,,League 2,Rotherham,Crewe,3.166666666666667,4.5,7.666666666666667,7.5,0.4996265242625575,0.36103358701348087,0.24297293676426765,0.15245977157320403,0.08937483825822028,0.04907057530698068,0.025301394592147038,0.39005241303742477,0.6577040441654088,0.2565390494911907,0.38690389666155134,0.17357807091003602,0.2896612232438104,,,0.0421;0.1335;0.2113;0.2230;0.1766;0.1118;0.0590;0.0267;0.0106;0.0037;0.0012;0.0003;0.0001;0.0000;0.0000;0.0000,0.0111;0.0500;0.1125;0.1687;0.1898;0.1708;0.1281;0.0824;0.0463;0.0232;0.0104;0.0043;0.0016;0.0006;0.0002;0.0001,1.166666666666667,1.166666666666667,0.35936117250792515,0.28127765498414975,0.35936117250792515,0.47416552003521023,0.4127808612655479,0.31140322391459757,0.31140322391459757,,,,,,,,,,,,,,,,,,,,10.5,[],3,2,1,1,1,2,0
v2,2026-09-26,2026-09-26,2026-09-26,,League 2,Shrewsbury,Colchester,4.833333333333333,4.833333333333334,9.666666666666668,9.5,0.7482429323398823,0.6284273148605934,0.4997364664569124,0.37533531300002115,0.2660130872348743,0.17794796092406165,0.11246363623140596,0.7107948487623144,0.7107948487623146,0.5052293170270415,0.13940957212803934,0.13940957212803926,0.4999999999999999,,,0.0080;0.0385;0.0930;0.1498;0.1810;0.1750;0.1409;0.0973;0.0588;0.0316;0.0153;0.0067;0.0027;0.0010;0.0003;0.0002,0.0080;0.0385;0.0930;0.1498;0.1810;0.1750;0.1409;0.0973;0.0588;0.0316;0.0153;0.0067;0.0027;0.0010;0.0003;0.0002,1.833333333333333,1.0,0.5691190123247357,0.22737895783023102,0.20350202984503327,0.5310572843912936,0.5384540766948209,0.3678794411714424,0.15987974607969402,,,,,,,,,,,,,,,,,,,,10.5,[],8,4,2,2,3,0,0
v2,2026-09-26,2026-09-26,2026-09-26,,League 1,Stevenage,Sheffield Wed,5.333333333333334,6.833333333333333,12.166666666666668,12.5,0.9175272846734239,0.8555922823863659,0.7718653348501577,0.6699975486811045,0.5573256033729092,0.4430887699354333,0.33617481043625724,0.7786891564556032,0.9091218747650152,0.7079233457761062,0.09924119431764622,0.0335896044191102,0.3154071856731466,,,0.0048;0.0257;0.0687;0.1221;0.1628;0.1736;0.1543;0.1176;0.0784;0.0465;0.0248;0.0120;0.0053;0.0022;0.0008;0.0004,0.0011;0.0074;0.0252;0.0573;0.0979;0.1338;0.1523;0.1487;0.1270;0.0964;0.0659;0.0409;0.0233;0.0123;0.0060;0.0046,1.333333333333333,1.833333333333333,0.27963418132828344,0.2281028320856151,0.49226298658610146,0.6186669593138553,0.6130961033384482,0.1598797460796939,0.2635971381157269,,,,,,,,,,,,,,,,,,,,10.5,"[{""market"": ""Corners total"", ""pick"": ""Over 10.5"", ""p"": 0.67}, {""market"": ""Both 4+ corners"", ""pick"": ""Yes"", ""p"": 0.708}, {""market"": ""BTTS"", ""pick"": ""Yes"", ""p"": 0.619}, {""market"": ""Goals 2.5"", ""pick"": ""Over"", ""p"": 0.613}]",,,,,,,
v2,2026-09-26,2026-09-26,2026-09-26,,League 1,Stockport,Peterborough,7.333333333333334,4.166666666666667,11.5,11.5,0.8862654947095894,0.80940986991328,0.7112054604513292,0.5982703895700856,0.4802019063760581,0.3670529433151152,0.2669596298381273,0.9340396763040053,0.5983951626756625,0.5589248240474584,0.02301391751310661,0.21468530608628178,0.8517678714918662,,,0.0007;0.0048;0.0176;0.0429;0.0787;0.1155;0.1411;0.1479;0.1355;0.1104;0.0810;0.0540;0.0330;0.0186;0.0097;0.0085,0.0155;0.0646;0.1346;0.1869;0.1947;0.1623;0.1127;0.0671;0.0349;0.0162;0.0067;0.0026;0.0009;0.0003;0.0001;0.0000,2.666666666666667,1.333333333333333,0.6580688303064764,0.1700746694390887,0.17185650025443486,0.685235049550206,0.7618966944464557,0.26359713811572694,0.06948345122280151,,,,,,,,,,,,,,,,,,,,10.5,"[{""market"": ""Corners total"", ""pick"": ""Over 10.5"", ""p"": 0.598}, {""market"": ""BTTS"", ""pick"": ""Yes"", ""p"": 0.685}, {""market"": ""Goals 2.5"", ""pick"": ""Over"", ""p"": 0.762}]",6,4,1,0,1,3,0
v2,2026-09-26,2026-09-26,2026-09-26,,League 2,Swindon,Accrington,5.833333333333333,4.0,9.833333333333332,9.5,0.764389577184694,0.6481047206916158,0.521052747856586,0.3961183079021399,0.2844344903671049,0.19291580655367338,0.12369013546402645,0.8332925310313419,0.5665298796332912,0.4720851173045067,0.06983181355559485,0.2381033055535443,0.7457923623360254,,,0.0029;0.0171;0.0498;0.0969;0.1413;0.1648;0.1602;0.1335;0.0974;0.0631;0.0368;0.0195;0.0095;0.0043;0.0018;0.0011,0.0183;0.0733;0.1465;0.1954;0.1954;0.1563;0.1042;0.0595;0.0298;0.0132;0.0053;0.0019;0.0006;0.0002;0.0001;0.0000,2.5,1.0,0.7004497866632905,0.16824841333820925,0.13130179999850025,0.5802329436269771,0.6791528011378658,0.3678794411714424,0.08208499862389881,,,,,,,,,,,,,,,,,,,,10.5,"[{""market"": ""Goals 2.5"", ""pick"": ""Over"", ""p"": 0.679}]",6,7,1,1,1,1,0
v2,2026-09-26,2026-09-26,2026-09-26,,League 2,Tranmere,Walsall,4.333333333333333,6.666666666666666,11.0,10.5,0.8568084653492571,0.7680148668325439,0.659489357534339,0.5401112973063136,0.4207332370782878,0.31130334853593106,0.21870882746162917,0.6288091044897316,0.8991162760690998,0.5653725003871529,0.1932104508494087,0.03803761028448984,0.21485911291457668,,,0.0131;0.0569;0.1232;0.1780;0.1928;0.1671;0.1207;0.0747;0.0405;0.0195;0.0084;0.0033;0.0012;0.0004;0.0001;0.0000,0.0013;0.0085;0.0283;0.0628;0.1047;0.1397;0.1552;0.1478;0.1232;0.0912;0.0608;0.0369;0.0205;0.0105;0.0050;0.0037,1.333333333333333,1.166666666666667,0.4052210621604391,0.26890036495818653,0.3258785728813744,0.5070846365935742,0.4561868841166707,0.31140322391459757,0.2635971381157269,,,,,,,,,,,,,,,,,,,,10.5,[],6,5,1,1,0,3,0
v2,2026-09-26,2026-09-26,2026-09-26,,League 1,Wycombe,Reading,6.166666666666666,5.166666666666666,11.333333333333332,11.5,0.8770600165894314,0.7962739158249771,0.6945432704178868,0.5792485389565175,0.4604600277538948,0.34827087828475106,0.2504649531065232,0.8630604873020549,0.7575947666981129,0.6538501085239599,0.054932523862257,0.11129842141945007,0.6306292015073044,,,0.0021;0.0129;0.0399;0.0820;0.1264;0.1559;0.1603;0.1412;0.1088;0.0746;0.0460;0.0258;0.0132;0.0063;0.0028;0.0018,0.0057;0.0295;0.0761;0.1311;0.1693;0.1750;0.1507;0.1112;0.0718;0.0412;0.0213;0.0100;0.0043;0.0017;0.0006;0.0003,1.333333333333333,1.25,0.38725674449602837,0.26463184373698606,0.3481114117669855,0.5254199095328569,0.4773783468542145,0.2865047968601901,0.2635971381157269,,,,,,,,,,,,,,,,,,,,10.5,"[{""market"": ""Both 4+ corners"", ""pick"": ""Yes"", ""p"": 0.654}]",5,7,2,2,2,3,0
v2,2026-09-26,2026-09-26,2026-09-26,,League 2,York,Gillingham,7.333333333333334,3.666666666666667,11.0,10.5,0.8568084653492575,0.7680148668325444,0.6594893575343393,0.5401112973063139,0.4207332370782883,0.3113033485359316,0.2187088274616299,0.9340396763040053,0.4988677193588428,0.46596224310845086,0.02301391751310661,0.29111746151855644,0.8923352687052981,,,0.0007;0.0048;0.0176;0.0429;0.0787;0.1155;0.1411;0.1479;0.1355;0.1104;0.0810;0.0540;0.0330;0.0186;0.0097;0.0085,0.0256;0.0937;0.1718;0.2100;0.1925;0.1412;0.0863;0.0452;0.0207;0.0084;0.0031;0.0010;0.0003;0.0001;0.0000;0.0000,1.833333333333333,1.333333333333333,0.49226298658610157,0.22810283208561488,0.27963418132828355,0.6186669593138553,0.6130961033384483,0.26359713811572694,0.15987974607969396,,,,,,,,,,,,,,,,,,,,10.5,"[{""market"": ""BTTS"", ""pick"": ""Yes"", ""p"": 0.619}, {""market"": ""Goals 2.5"", ""pick"": ""Over"", ""p"": 0.613}]",4,2,3,0,1,4,1
v3,2026-09-26,2026-09-26,2026-09-26,15:00,League 2,Bristol Rovers,Exeter,5.542307932970607,3.9584576942493457,9.500765627219952,9.5,0.7039068793246572,0.5889173058488446,0.4712098753125194,0.3605101232966554,0.26393380265634714,0.18515556261004446,0.12467539946741668,0.7587728431534326,0.5277788221650863,0.3878932633187771,0.12254061358868223,0.29475130858259874,0.6817828144582025,0.61383,0.286501,0.0090;0.0360;0.0775;0.1187;0.1446;0.1490;0.1345;0.1092;0.0811;0.0558;0.0359;0.0218;0.0126;0.0070;0.0037;0.0036,0.0366;0.1014;0.1567;0.1775;0.1640;0.1308;0.0932;0.0606;0.0366;0.0207;0.0111;0.0057;0.0028;0.0013;0.0006;0.0005,1.4865724992899196,0.9346748447591389,0.4967187907156005,0.2697040553002827,0.23357715398411677,0.47365276283604973,0.43583253665637356,0.3927135376386864,0.22614644580214524,7,M Coy,0.8840337103317227,1.7439196048188093,1.8509841570269179,3.5949037618457274,0.6865104041511878,0.47930120174505825,0.2951440071542069,0.1617377441051628,0.0797117634693512,0.5150147107008015,0.5462641096066753,0.13617389392835177,0.1820;0.3030;0.2591;0.1516;0.0682;0.0252;0.0079;0.0022;0.0005;0.0002,0.1641;0.2897;0.2623;0.1624;0.0773;0.0302;0.0100;0.0029;0.0008;0.0002,4.5,,,9.5,"[{""market"": ""Cards total"", ""pick"": ""Under 4.5"", ""p"": 0.705}]",6,3,1,0,1,1,0
v3,2026-09-26,2026-09-26,2026-09-26,15:00,League 1,Cambridge Utd,AFC Wimbledon,5.834767196693148,4.739995425643763,10.574762622336912,10.5,0.795021561807118,0.6983493453697377,0.5905447737618996,0.48009367707449196,0.3751191018763237,0.2818345283992216,0.20381441166925043,0.7842285242521339,0.6482523044050799,0.4967614095849629,0.10796972813441336,0.20118106598327257,0.6184595086283383,0.558265,0.344405,0.0078;0.0314;0.0688;0.1078;0.1351;0.1436;0.1344;0.1134;0.0877;0.0631;0.0426;0.0272;0.0165;0.0096;0.0053;0.0058,0.0202;0.0651;0.1159;0.1506;0.1588;0.1440;0.1162;0.0853;0.0580;0.0369;0.0222;0.0127;0.0070;0.0037;0.0019;0.0017,1.4433159548189594,1.127655832118266,0.4394200248481901,0.26916108404734823,0.2914188911044617,0.520259762737922,0.474258888196287,0.32379138885436953,0.236143418076668,7,B Toner,1.0591044486600036,1.8092705349283054,1.6535462079013796,3.462816742829685,0.6630145791810809,0.45194108763219115,0.2707957147976722,0.14408052663403592,0.0688458975241113,0.5343657892906567,0.4876007954934059,0.08350283443876128,0.1707;0.2949;0.2614;0.1584;0.0738;0.0282;0.0092;0.0026;0.0007;0.0002,0.1984;0.3140;0.2551;0.1419;0.0607;0.0213;0.0064;0.0017;0.0004;0.0001,3.5,,,10.5,[],8,1,1,1,2,2,0
v3,2026-09-26,2026-09-26,2026-09-26,15:00,League 2,Cheltenham,Chesterfield,4.501497510115583,4.776743118785017,9.278240628900601,9.5,0.6818035590602359,0.5637069713249453,0.4451173956716879,0.33570839964739335,0.24207284448841412,0.167145531648764,0.11071546196031921,0.6187126101492119,0.6603317582719032,0.39458458890710596,0.22056355966402524,0.18948793680872683,0.46672225031139264,0.415293,0.474514,0.0223;0.0718;0.1264;0.1607;0.1648;0.1445;0.1121;0.0788;0.0511;0.0309;0.0176;0.0095;0.0049;0.0024;0.0012;0.0009,0.0175;0.0600;0.1120;0.1502;0.1617;0.1483;0.1200;0.0878;0.0590;0.0370;0.0217;0.0121;0.0064;0.0033;0.0016;0.0014,1.3100003532193072,1.3535816831996441,0.3561141026312823,0.2675675018592033,0.3763183955095144,0.545272391898239,0.4974127160227312,0.2583134050021523,0.26981996107905026,7,D Whitestone,0.9463969127621494,1.7461071791873684,1.8788538423889447,3.624961021576313,0.6916741325429494,0.48544402451755087,0.300728116534731,0.1658739385462279,0.08231128997708582,0.5156456933162492,0.5541323682789424,0.13561278695008494,0.1816;0.3028;0.2592;0.1518;0.0684;0.0253;0.0080;0.0022;0.0006;0.0002,0.1598;0.2861;0.2629;0.1651;0.0797;0.0315;0.0107;0.0032;0.0008;0.0003,4.5,,,9.5,"[{""market"": ""Cards total"", ""pick"": ""Under 4.5"", ""p"": 0.699}]",2,11,2,1,4,0,0
v3,2026-09-26,2026-09-26,2026-09-26,15:00,League 2,Fleetwood,Rochdale,5.935836235931626,3.9878062554881892,9.923642491419816,9.5,0.7428366352537707,0.6345363033144795,0.5197226962688994,0.4078937360850371,0.3068530116297177,0.22149383308722467,0.15362426837246446,0.7983249718851206,0.5313732990464659,0.41260793551712394,0.09845384756814471,0.29290653442306497,0.713322775782381,0.646894,0.25998,0.0066;0.0280;0.0638;0.1032;0.1327;0.1440;0.1368;0.1168;0.0911;0.0658;0.0445;0.0283;0.0171;0.0099;0.0055;0.0058,0.0367;0.1009;0.1552;0.1757;0.1628;0.1306;0.0938;0.0616;0.0376;0.0215;0.0117;0.0061;0.0030;0.0014;0.0007;0.0005,1.4919879375032508,0.9531346540915265,0.4935838673730614,0.26884931584641236,0.23756681678052613,0.4799592611739384,0.44203474247863506,0.38553062220869966,0.22492507381493232,7,A Chilowicz,0.9448319506352643,1.7309337366758772,2.141429072797387,3.8723628094732643,0.73164767152232,0.5346680279047223,0.3470618039588779,0.20142168856925743,0.10545898606747983,0.510924073964265,0.6232988662227401,0.14193928981724369,0.1845;0.3046;0.2584;0.1501;0.0672;0.0247;0.0078;0.0021;0.0005;0.0002,0.1243;0.2524;0.2628;0.1870;0.1021;0.0457;0.0174;0.0058;0.0017;0.0006,4.5,,,9.5,"[{""market"": ""Cards total"", ""pick"": ""Under 4.5"", ""p"": 0.653}]",5,5,1,2,1,1,1
v3,2026-09-26,2026-09-26,2026-09-26,15:00,League 2,Newport,Grimsby,4.8698390085230105,5.7097023948194625,10.579541403342473,10.5,0.7953708148212252,0.6987875790680805,0.591043742919431,0.48061542180519856,0.3756249846985775,0.28229297251732044,0.20420528253572315,0.6667674533344682,0.7709973348484129,0.5023008994952184,0.18752499023543545,0.11631518049237605,0.40860481869822307,0.368255,0.532994,0.0180;0.0599;0.1096;0.1457;0.1570;0.1452;0.1194;0.0892;0.0616;0.0398;0.0243;0.0141;0.0078;0.0042;0.0021;0.0020,0.0087;0.0343;0.0734;0.1127;0.1386;0.1448;0.1334;0.1108;0.0845;0.0600;0.0400;0.0252;0.0151;0.0087;0.0048;0.0051,1.139978125567493,1.4226793821426138,0.2983428196750482,0.2704679790506612,0.4311892012742906,0.5199575747369112,0.47215593371815007,0.24106723954532555,0.3198260177524269,7,D Drysdale,0.9469534209863251,1.8022993641384413,2.0544827698675,3.8567821340059414,0.7292613283735231,0.531643311089632,0.34413215076980747,0.19910958582177124,0.10391073049772702,0.5320344134056906,0.6013358437484809,0.15869073274017087,0.1722;0.2957;0.2609;0.1575;0.0732;0.0279;0.0091;0.0026;0.0007;0.0002,0.1351;0.2636;0.2637;0.1803;0.0948;0.0408;0.0150;0.0048;0.0014;0.0005,4.5,,,9.5,"[{""market"": ""Corners total"", ""pick"": ""Over 9.5"", ""p"": 0.591}, {""market"": ""Cards total"", ""pick"": ""Under 4.5"", ""p"": 0.656}]",7,3,2,1,2,2,0
v3,2026-09-26,2026-09-26,2026-09-26,17:30,League 2,Oldham,Salford,5.245132334449521,4.701420865971616,9.946553200421137,9.5,0.7448310334193013,0.6369171363100556,0.5223016790653493,0.4104593099102212,0.3092196298212469,0.22353423918336193,0.15527933534175528,0.7203203422416371,0.6457845555981077,0.45218728563974925,0.1486339327229683,0.20166556580481582,0.5622503208215045,0.503611,0.392095,0.0123;0.0454;0.0910;0.1310;0.1513;0.1487;0.1288;0.1007;0.0724;0.0484;0.0304;0.0181;0.0103;0.0056;0.0029;0.0028,0.0198;0.0649;0.1169;0.1525;0.1609;0.1454;0.1165;0.0847;0.0569;0.0357;0.0211;0.0119;0.0064;0.0033;0.0016;0.0014,1.50915843332979,1.0626133817206505,0.4716852894563818,0.2650781815022352,0.263236529041383,0.5134280939319104,0.47446103757904123,0.3455515711240788,0.22109596668392453,7,I Searle,0.9903901122979273,1.758182909943638,2.2804932615284597,4.038676171472098,0.7560541547871779,0.566269793847659,0.3783335118223131,0.22663940220211787,0.12271572934896706,0.518932619827218,0.6562713838364956,0.1595010742389006,0.1799;0.3012;0.2592;0.1529;0.0695;0.0259;0.0083;0.0023;0.0006;0.0002,0.1089;0.2349;0.2596;0.1960;0.1137;0.0540;0.0218;0.0077;0.0025;0.0010,4.5,,,9.5,"[{""market"": ""Cards total"", ""pick"": ""Under 4.5"", ""p"": 0.622}]",11,5,1,4,0,2,0
v3,2026-09-26,2026-09-26,2026-09-26,15:00,League 1,Plymouth,Burton,5.904320761555583,4.260018444294246,10.16433920584983,9.5,0.7632066994982188,0.659063670961655,0.5465220969029602,0.43478609713001287,0.3318768282987503,0.2432576993987923,0.17143337953125712,0.7937388463016946,0.5760928444050115,0.44554893160602,0.10155674291705645,0.2563755018089744,0.6796227450912153,0.614919,0.289876,0.0070;0.0291;0.0654;0.1047;0.1334;0.1438;0.1360;0.1156;0.0900;0.0649;0.0439;0.0280;0.0170;0.0098;0.0055;0.0059,0.0296;0.0863;0.1405;0.1675;0.1631;0.1370;0.1028;0.0704;0.0448;0.0267;0.0151;0.0081;0.0042;0.0021;0.0010;0.0008,1.6915321257331501,1.1037818299543094,0.5076775641761261,0.247691720507839,0.24463071531603492,0.5486661780439678,0.5294285315595506,0.3316145992656032,0.1842370333428684,7,S Mather,0.9858628084011111,1.8694207652250459,2.0547642610783825,3.9241850263034284,0.7394605711076042,0.5446508434431834,0.3568089732182724,0.20917644907032285,0.11069387976003543,0.5512307790088278,0.6013486027336278,0.08116589238124217,0.1615;0.2873;0.2624;0.1641;0.0789;0.0311;0.0105;0.0031;0.0008;0.0003,0.1351;0.2635;0.2637;0.1803;0.0948;0.0408;0.0150;0.0048;0.0014;0.0005,3.5,,,10.5,[],3,4,0,1,3,3,0
v3,2026-09-26,2026-09-26,2026-09-26,15:00,League 2,Rotherham,Crewe,5.590632879523979,4.557014966650806,10.147647846174785,9.5,0.7618354890287036,0.6573977487406413,0.5446855259812273,0.4329266784805483,0.3301311902083201,0.2417259916626557,0.17016891083091606,0.7604079212844341,0.6230938172835906,0.46144305915894857,0.12247004942369638,0.21927028985622116,0.6154352661154446,0.553651,0.345958,0.0092;0.0362;0.0770;0.1171;0.1424;0.1469;0.1333;0.1090;0.0818;0.0570;0.0373;0.0231;0.0136;0.0076;0.0041;0.0042,0.0228;0.0718;0.1247;0.1576;0.1618;0.1428;0.1120;0.0800;0.0529;0.0327;0.0191;0.0106;0.0056;0.0029;0.0014;0.0012,1.628803882713885,1.0609493555333036,0.5024170140018718,0.2538205297238572,0.243762456274271,0.5291265422025123,0.5038620952507763,0.3461270566662218,0.1961640690911662,7,D Rock,1.0066708523125938,1.8362657223092447,2.1214809553123626,3.957746677621607,0.7444193263547282,0.5510512344822746,0.3631217691816752,0.21424983813650705,0.11415344026955693,0.5417689594571383,0.6182652711141254,0.15603950022024604,0.1668;0.2915;0.2617;0.1608;0.0761;0.0295;0.0098;0.0029;0.0007;0.0002,0.1267;0.2550;0.2630;0.1854;0.1005;0.0446;0.0169;0.0056;0.0017;0.0006,4.5,,,9.5,"[{""market"": ""Cards total"", ""pick"": ""Under 4.5"", ""p"": 0.637}]",3,2,1,1,1,2,0
v3,2026-09-26,2026-09-26,2026-09-26,15:00,League 2,Shrewsbury,Colchester,5.213849556020255,3.9569804640284114,9.170830020048667,8.5,0.6707376020164999,0.551264850875871,0.4324231943038445,0.32381417767212495,0.23173863116619334,0.1587535089082435,0.104303815872984,0.720859745892598,0.5286824789969589,0.3678076535413419,0.14688831308785052,0.29300544788714034,0.6498466289546465,0.581476,0.313314,0.0117;0.0444;0.0908;0.1323;0.1536;0.1510;0.1303;0.1011;0.0719;0.0474;0.0293;0.0171;0.0095;0.0050;0.0025;0.0023,0.0358;0.1005;0.1567;0.1783;0.1651;0.1317;0.0935;0.0605;0.0363;0.0204;0.0108;0.0055;0.0026;0.0012;0.0006;0.0004,1.3775793627794644,1.0547040550039886,0.4386697903445199,0.2776740981321166,0.2836561115233635,0.4911808884667876,0.4387027136925732,0.34829548836215757,0.252188271124583,7,J Robinson,0.99683645964075,2.1281024963793818,1.8000162490194398,3.9281187453988213,0.7400458751074231,0.545403685214569,0.3575489278764845,0.20976905426888162,0.11109656890980013,0.6199428610988394,0.5313146655657652,0.15876727802929802,0.1259;0.2541;0.2630;0.1859;0.1010;0.0450;0.0171;0.0057;0.0017;0.0006,0.1727;0.2960;0.2607;0.1572;0.0730;0.0278;0.0091;0.0026;0.0007;0.0002,4.5,,,9.5,"[{""market"": ""Cards total"", ""pick"": ""Under 4.5"", ""p"": 0.642}]",8,4,2,2,3,0,0
v3,2026-09-26,2026-09-26,2026-09-26,15:00,League 1,Stockport,Peterborough,6.887147697301559,4.222482160195777,11.109629857497335,10.5,0.831212549267945,0.7446306705968841,0.6442563573585488,0.5373470487820833,0.4317164616129725,0.3341331667330982,0.24928698104064492,0.8705860977173159,0.566147715471915,0.48378250107808946,0.05805563889379787,0.266910472535081,0.7606470014053369,0.700088,0.220297,0.0032;0.0154;0.0394;0.0714;0.1026;0.1242;0.1317;0.1251;0.1086;0.0872;0.0655;0.0463;0.0311;0.0199;0.0122;0.0161,0.0327;0.0910;0.1432;0.1669;0.1602;0.1336;0.1001;0.0689;0.0442;0.0267;0.0153;0.0084;0.0044;0.0023;0.0011;0.0010,1.9802873349654568,1.2313056748140474,0.5448041361437693,0.22327994484968455,0.23191591900654612,0.6132990116094874,0.6225104867259021,0.29191118766370083,0.13802957089040713,7,R Martin,0.9931751903746496,1.5208545657703962,1.601228789162664,3.12208335493306,0.5963107451218024,0.37921779160891644,0.21016163147265576,0.10285559573408276,0.045045327449589716,0.4456173993118988,0.4714342165944758,0.07337532776885958,0.2253;0.3291;0.2469;0.1267;0.0500;0.0162;0.0045;0.0011;0.0002;0.0001,0.2084;0.3202;0.2524;0.1361;0.0564;0.0192;0.0056;0.0014;0.0003;0.0001,3.5,,,10.5,"[{""market"": ""Cards total"", ""pick"": ""Under 3.5"", ""p"": 0.621}, {""market"": ""BTTS"", ""pick"": ""Yes"", ""p"": 0.613}, {""market"": ""Goals 2.5"", ""pick"": ""Over"", ""p"": 0.623}, {""market"": ""Corner dominance"", ""pick"": ""Home"", ""p"": 0.7}]",6,4,1,0,1,3,0
v3,2026-09-26,2026-09-26,2026-09-26,15:00,League 2,Swindon,Accrington,5.449350394624314,4.8654548169087,10.314805211533013,10.5,0.775292310364435,0.6738424022732384,0.5629209310771891,0.4514973950954165,0.3476681991143834,0.25720464288922673,0.18302258396783466,0.7431360626958307,0.6675396604858107,0.48370624648511357,0.1339812130238411,0.18642727028901235,0.5650372304282674,0.507637,0.390776,0.0106;0.0403;0.0831;0.1229;0.1458;0.1472;0.1310;0.1054;0.0779;0.0535;0.0346;0.0211;0.0123;0.0069;0.0037;0.0037,0.0177;0.0594;0.1093;0.1460;0.1577;0.1460;0.1199;0.0894;0.0615;0.0396;0.0240;0.0138;0.0076;0.0040;0.0021;0.0019,1.5730087344508952,1.2634004753078565,0.44226075972669565,0.25455851606186114,0.3031807242114432,0.5720204412360692,0.5391799095044815,0.2826911061080639,0.20742017036856347,7,H Blair,0.9744207958629805,1.5049891045825217,1.903618328525988,3.40860743310851,0.6529904377119763,0.4405549991501985,0.2609127109678153,0.13709063926685838,0.06465117371776656,0.44027540846786095,0.5612395256162506,0.13458977590523202,0.2291;0.3306;0.2453;0.1247;0.0488;0.0157;0.0043;0.0010;0.0002;0.0001,0.1558;0.2830;0.2635;0.1675;0.0818;0.0327;0.0112;0.0033;0.0009;0.0003,4.5,,,9.5,"[{""market"": ""Cards total"", ""pick"": ""Under 4.5"", ""p"": 0.739}]",6,7,1,1,1,1,0
v3,2026-09-26,2026-09-26,2026-09-26,15:00,League 2,Tranmere,Walsall,5.173503326863139,5.2547658911212105,10.42826921798435,10.5,0.7840810994145129,0.6846998461091087,0.5750920692795911,0.4640274784825502,0.35962973497138456,0.26787717007353945,0.19198160887080862,0.7084501832841101,0.7187834430556339,0.49693189663349774,0.15761345832676815,0.15051387422948925,0.49098396108536035,0.440973,0.457168,0.0137;0.0488;0.0951;0.1339;0.1519;0.1472;0.1262;0.0980;0.0702;0.0468;0.0294;0.0176;0.0100;0.0054;0.0029;0.0028,0.0127;0.0462;0.0916;0.1307;0.1502;0.1473;0.1277;0.1002;0.0724;0.0488;0.0309;0.0186;0.0107;0.0059;0.0031;0.0031,1.3127876438109711,1.2579208554429522,0.3763539072866635,0.27312497456058726,0.3505211181527492,0.5269569993273883,0.474192353373492,0.28424439774596016,0.26906894158110367,7,S Parkinson,0.9318044056873029,1.844264698856821,2.005903837809186,3.850168536666007,0.7282431384655604,0.5303561821131266,0.34288879735355243,0.19813093869655768,0.1032571458530983,0.5441434608513716,0.5886348561687857,0.13168250352745625,0.1654;0.2905;0.2620;0.1617;0.0768;0.0299;0.0100;0.0029;0.0008;0.0002,0.1415;0.2698;0.2638;0.1764;0.0906;0.0382;0.0137;0.0043;0.0012;0.0004,4.5,,,9.5,"[{""market"": ""Cards total"", ""pick"": ""Under 4.5"", ""p"": 0.657}]",6,5,1,1,0,3,0
v3,2026-09-26,2026-09-26,2026-09-26,15:00,League 1,Wycombe,Reading,5.641224027804534,4.576107326726036,10.21733135453057,9.5,0.7675195112826378,0.6643177283826219,0.5523301698962542,0.44068248944995797,0.33742754146912807,0.2481414831801313,0.17547611301634386,0.7656429174312044,0.6256665570152966,0.46680881749832503,0.11921573691225702,0.21746014138957492,0.6182628521653908,0.5566,0.343664,0.0089;0.0351;0.0752;0.1151;0.1409;0.1463;0.1337;0.1101;0.0831;0.0583;0.0384;0.0239;0.0141;0.0080;0.0044;0.0045,0.0226;0.0711;0.1238;0.1569;0.1615;0.1428;0.1124;0.0806;0.0534;0.0331;0.0194;0.0108;0.0058;0.0030;0.0015;0.0013,1.5082599923687479,1.422208161277151,0.3926697173023965,0.2528958390896559,0.35443444360794757,0.5943310728338572,0.5610528184729309,0.2411808622271656,0.22129469761735196,6,T Reeves,0.9106733349557605,1.2219889512364062,1.8919736600597006,3.113962611296107,0.594614270901907,0.37745849519069163,0.2087674794165551,0.1019553928447653,0.044552136645994236,0.34380624614791805,0.5582324549564718,0.0620001709043263,0.3012;0.3550;0.2154;0.0897;0.0288;0.0076;0.0017;0.0003;0.0001;0.0000,0.1573;0.2845;0.2635;0.1666;0.0808;0.0321;0.0109;0.0032;0.0009;0.0003,3.5,,,10.5,"[{""market"": ""Cards total"", ""pick"": ""Under 3.5"", ""p"": 0.623}]",5,7,2,2,2,3,0
v3,2026-09-26,2026-09-26,2026-09-26,15:00,League 2,York,Gillingham,6.234095475098905,4.1635396474271875,10.397635122526093,10.5,0.7817355096222406,0.6817929180691823,0.5718230384490309,0.4606513389854563,0.3563965583283917,0.264983271628196,0.1895446524827757,0.8235630109849646,0.5592893132971928,0.4497591211266696,0.08395270166483432,0.27074965007807383,0.7183877017243873,0.654143,0.256428,0.0053;0.0234;0.0552;0.0925;0.1232;0.1385;0.1364;0.1206;0.0975;0.0730;0.0511;0.0338;0.0212;0.0127;0.0073;0.0084,0.0327;0.0922;0.1459;0.1700;0.1622;0.1341;0.0993;0.0672;0.0423;0.0251;0.0141;0.0075;0.0039;0.0019;0.0009;0.0008,1.7138092725396497,1.14049341110879,0.5044876368194473,0.24546399697323956,0.25004836620731313,0.5611338672183642,0.5433892549502212,0.3196612584824288,0.18017813608703512,7,S Oldham,0.9395967708393013,1.4158429554633998,2.0195310750791107,3.4353740305425102,0.6579678219092246,0.446187632953491,0.2657835408626609,0.14052270237247125,0.06670306146038572,0.4106610511217816,0.5925944027657288,0.12406121153120453,0.2498;0.3395;0.2375;0.1139;0.0421;0.0128;0.0033;0.0008;0.0002;0.0000,0.1393;0.2681;0.2642;0.1777;0.0918;0.0388;0.0140;0.0044;0.0012;0.0004,4.5,,,9.5,"[{""market"": ""Cards total"", ""pick"": ""Under 4.5"", ""p"": 0.734}, {""market"": ""Corner dominance"", ""pick"": ""Home"", ""p"": 0.654}]",4,2,3,0,1,4,1
v2,2026-10-03,2026-10-03,2026-10-03,,League 1,AFC Wimbledon,Stevenage,4.75,5.0,9.75,9.5,0.7564111222012502,0.6383395887694568,0.5104287608850143,0.385715703697683,0.27517458482709356,0.1853599257447396,0.11799893143297417,0.6981144165973611,0.7349740847026383,0.5130960043563617,0.1473491839281483,0.12465201948308113,0.46383824352781605,,,0.0087;0.0411;0.0976;0.1545;0.1835;0.1743;0.1380;0.0937;0.0556;0.0293;0.0139;0.0060;0.0024;0.0009;0.0003;0.0001,0.0067;0.0337;0.0842;0.1404;0.1755;0.1755;0.1462;0.1044;0.0653;0.0363;0.0181;0.0082;0.0034;0.0013;0.0005;0.0002,0.625,0.75,0.2691939851533372,0.38599202539522254,0.3448139894514403,0.24521161454474158,0.16049352955455273,0.4723665527410148,0.5352614285189903,,,,,,,,,,,,,,,,,,,,10.5,"[{""market"": ""Corners total"", ""pick"": ""Under 10.5"", ""p"": 0.614}, {""market"": ""BTTS"", ""pick"": ""No"", ""p"": 0.755}, {""market"": ""Goals 2.5"", ""pick"": ""Under"", ""p"": 0.84}]",,,,,,,
v2,2026-10-03,2026-10-03,2026-10-03,,League 2,Accrington,Cheltenham,5.0,5.25,10.25,10.5,0.8014600655629478,0.6946156174358423,0.5729316626244166,0.44820560894270545,0.3319836043756563,0.23271064214130194,0.1544377296103686,0.7349740847026383,0.7683302619236406,0.5647028310066661,0.12465201948308113,0.1051143529336021,0.46483808382216335,,,0.0067;0.0337;0.0842;0.1404;0.1755;0.1755;0.1462;0.1044;0.0653;0.0363;0.0181;0.0082;0.0034;0.0013;0.0005;0.0002,0.0052;0.0275;0.0723;0.1266;0.1661;0.1744;0.1526;0.1145;0.0751;0.0438;0.0230;0.0110;0.0048;0.0019;0.0007;0.0004,1.625,1.625,0.38388412061249444,0.23223175877501118,0.3838841206124944,0.644950857423334,0.6304333316038997,0.19691167520419411,0.19691167520419411,,,,,,,,,,,,,,,,,,,,10.5,"[{""market"": ""BTTS"", ""pick"": ""Yes"", ""p"": 0.645}, {""market"": ""Goals 2.5"", ""pick"": ""Over"", ""p"": 0.63}]",,,,,,,
v2,2026-10-03,2026-10-03,2026-10-03,,League 2,Barnet,York,6.125,5.625,11.75,11.5,0.8989919436357715,0.827899695662143,0.7350848163632392,0.6260273331870272,0.5095341125215279,0.3954678339532262,0.2923694667857231,0.8596067915520652,0.8120677711184927,0.6980589712540044,0.05661842245734295,0.08095043663885307,0.5649408392571266,,,0.0022;0.0134;0.0410;0.0838;0.1283;0.1571;0.1604;0.1404;0.1075;0.0731;0.0448;0.0249;0.0127;0.0060;0.0026;0.0017,0.0036;0.0203;0.0571;0.1070;0.1504;0.1692;0.1587;0.1275;0.0897;0.0560;0.0315;0.0161;0.0076;0.0033;0.0013;0.0007,2.125,1.125,0.6024723293917001,0.20400741413247966,0.1935202564758202,0.5946887722066523,0.6304333316038994,0.3246524673583497,0.1194329682667196,,,,,,,,,,,,,,,,,,,,10.5,"[{""market"": ""Corners total"", ""pick"": ""Over 10.5"", ""p"": 0.626}, {""market"": ""Both 4+ corners"", ""pick"": ""Yes"", ""p"": 0.698}, {""market"": ""Goals 2.5"", ""pick"": ""Over"", ""p"": 0.63}]",,,,,,,
v2,2026-10-03,2026-10-03,2026-10-03,,League 1,Barnsley,MK Dons,7.5,5.75,13.25,13.5,0.9526136139118394,0.9111368736001623,0.8500738948079708,0.7691654479083172,0.6717075459610072,0.5640977792275191,0.45441859390300254,0.9408545401673161,0.8250548065835168,0.7762565606609686,0.020256715056664407,0.07409911541874069,0.7035290325364827,,,0.0006;0.0041;0.0156;0.0389;0.0729;0.1094;0.1367;0.1465;0.1373;0.1144;0.0858;0.0585;0.0366;0.0211;0.0113;0.0103,0.0032;0.0183;0.0526;0.1008;0.1450;0.1667;0.1598;0.1312;0.0943;0.0603;0.0347;0.0181;0.0087;0.0038;0.0016;0.0009,1.5,1.75,0.33189430350888377,0.23039057137098873,0.43771512512012756,0.641870104232847,0.6304333316038995,0.17377394345044514,0.22313016014842985,,,,,,,,,,,,,,,,,,,,10.5,"[{""market"": ""Corners total"", ""pick"": ""Over 10.5"", ""p"": 0.769}, {""market"": ""Both 4+ corners"", ""pick"": ""Yes"", ""p"": 0.776}, {""market"": ""BTTS"", ""pick"": ""Yes"", ""p"": 0.642}, {""market"": ""Goals 2.5"", ""pick"": ""Over"", ""p"": 0.63}]",,,,,,,
v2,2026-10-03,2026-10-03,2026-10-03,,League 1,Blackpool,Leicester,5.375,6.25,11.625,11.5,0.8927868966337429,0.8188349148309411,0.7233136050023219,0.6122700823265521,0.49491726858965873,0.38123173028204344,0.2795706239108106,0.7837291608255813,0.8697496452720737,0.6816481596174293,0.0964171751942664,0.05169997483584834,0.3867641018366547,,,0.0046;0.0249;0.0669;0.1199;0.1611;0.1731;0.1551;0.1191;0.0800;0.0478;0.0257;0.0126;0.0056;0.0023;0.0009;0.0005,0.0019;0.0121;0.0377;0.0786;0.1227;0.1534;0.1598;0.1427;0.1115;0.0774;0.0484;0.0275;0.0143;0.0069;0.0031;0.0021,1.75,1.625,0.4125872596361585,0.22692854537265794,0.36048419499118356,0.663532499657027,0.6554128554395509,0.19691167520419411,0.17377394345044522,,,,,,,,,,,,,,,,,,,,10.5,"[{""market"": ""Corners total"", ""pick"": ""Over 10.5"", ""p"": 0.612}, {""market"": ""Both 4+ corners"", ""pick"": ""Yes"", ""p"": 0.682}, {""market"": ""BTTS"", ""pick"": ""Yes"", ""p"": 0.664}, {""market"": ""Goals 2.5"", ""pick"": ""Over"", ""p"": 0.655}]",,,,,,,
v2,2026-10-03,2026-10-03,2026-10-03,,League 1,Bromley,Wycombe,4.125,5.625,9.75,9.5,0.7564111222012497,0.6383395887694564,0.5104287608850139,0.38571570369768265,0.27517458482709317,0.18535992574473914,0.1179989314329738,0.5905616346460602,0.8120677711184927,0.4795760703551197,0.22035389106523012,0.08095043663885307,0.29324045406698307,,,0.0162;0.0667;0.1375;0.1891;0.1950;0.1609;0.1106;0.0652;0.0336;0.0154;0.0064;0.0024;0.0008;0.0003;0.0001;0.0000,0.0036;0.0203;0.0571;0.1070;0.1504;0.1692;0.1587;0.1275;0.0897;0.0560;0.0315;0.0161;0.0076;0.0033;0.0013;0.0007,1.375,1.875,0.28244433744373143,0.22492982392311966,0.4926258386331489,0.6325796451820471,0.6304333316038996,0.15335496684492844,0.25283959580474646,,,,,,,,,,,,,,,,,,,,10.5,"[{""market"": ""Corners total"", ""pick"": ""Under 10.5"", ""p"": 0.614}, {""market"": ""BTTS"", ""pick"": ""Yes"", ""p"": 0.633}, {""market"": ""Goals 2.5"", ""pick"": ""Over"", ""p"": 0.63}]",,,,,,,
v2,2026-10-03,2026-10-03,2026-10-03,,League 1,Burton,Huddersfield,3.125,5.125,8.25,8.5,0.5813579941925321,0.44230460156341,0.31483899165338136,0.20967986347760761,0.13081051734577742,0.07658784188014425,0.042177297834646216,0.38074953935785466,0.7520841584523755,0.28635569688908175,0.3957756599045997,0.11451113893518525,0.21276456631380414,,,0.0439;0.1373;0.2145;0.2235;0.1746;0.1091;0.0568;0.0254;0.0099;0.0034;0.0011;0.0003;0.0001;0.0000;0.0000;0.0000,0.0059;0.0305;0.0781;0.1334;0.1709;0.1752;0.1496;0.1096;0.0702;0.0400;0.0205;0.0095;0.0041;0.0016;0.0006;0.0003,1.625,1.25,0.46150199621104154,0.24414898332955703,0.29434902045940137,0.5729996674393932,0.5482301328799078,0.28650479686019,0.1969116752041941,,,,,,,,,,,,,,,,,,,,10.5,"[{""market"": ""Corners total"", ""pick"": ""Under 10.5"", ""p"": 0.79}]",,,,,,,
v2,2026-10-03,2026-10-03,2026-10-03,,League 2,Chesterfield,Tranmere,5.375,3.875,9.25,9.5,0.7045586959756142,0.5768003204943974,0.44549310124981323,0.32403392344857307,0.22189779666116669,0.14316786559587416,0.0871484915686467,0.7837291608255813,0.5417358423467034,0.42457417711152123,0.0964171751942664,0.25699707445167264,0.7123777162147585,,,0.0046;0.0249;0.0669;0.1199;0.1611;0.1731;0.1551;0.1191;0.0800;0.0478;0.0257;0.0126;0.0056;0.0023;0.0009;0.0005,0.0208;0.0804;0.1558;0.2013;0.1950;0.1511;0.0976;0.0540;0.0262;0.0113;0.0044;0.0015;0.0005;0.0001;0.0000;0.0000,1.375,1.0,0.4546927794380249,0.27220020636115366,0.27310701420082145,0.4722954522344748,0.42374617231206146,0.3678794411714423,0.2528395958047464,,,,,,,,,,,,,,,,,,,,10.5,[],,,,,,,
v2,2026-10-03,2026-10-03,2026-10-03,,League 2,Colchester,Port Vale,5.125,4.625,9.75,9.5,0.7564111222012504,0.6383395887694571,0.5104287608850145,0.38571570369768315,0.27517458482709367,0.18535992574473964,0.11799893143297423,0.7520841584523755,0.6783526733706231,0.5101782994858642,0.11451113893518525,0.1599987138268109,0.5720185665312659,,,0.0059;0.0305;0.0781;0.1334;0.1709;0.1752;0.1496;0.1096;0.0702;0.0400;0.0205;0.0095;0.0041;0.0016;0.0006;0.0003,0.0098;0.0453;0.1049;0.1616;0.1869;0.1729;0.1333;0.0881;0.0509;0.0262;0.0121;0.0051;0.0020;0.0007;0.0002;0.0001,1.625,0.5,0.6516041104524045,0.23805620304228076,0.11033968650531471,0.3159906333498921,0.3571147255017981,0.6065306597126335,0.1969116752041941,,,,,,,,,,,,,,,,,,,,10.5,"[{""market"": ""BTTS"", ""pick"": ""No"", ""p"": 0.684}, {""market"": ""Goals 2.5"", ""pick"": ""Under"", ""p"": 0.643}]",,,,,,,
v2,2026-10-03,2026-10-03,2026-10-03,,League 2,Crewe,Bristol Rovers,5.75,5.875,11.625,11.5,0.8927868966337428,0.818834914830941,0.7233136050023216,0.6122700823265518,0.49491726858965884,0.38123173028204366,0.27957062391081083,0.8250548065835168,0.8372883443803498,0.6908087730273625,0.07409911541874069,0.06778410364757272,0.48359725322370495,,,0.0032;0.0183;0.0526;0.1008;0.1450;0.1667;0.1598;0.1312;0.0943;0.0603;0.0347;0.0181;0.0087;0.0038;0.0016;0.0009,0.0028;0.0165;0.0485;0.0949;0.1394;0.1638;0.1604;0.1346;0.0989;0.0645;0.0379;0.0203;0.0099;0.0045;0.0019;0.0011,1.625,1.0,0.5196568289427689,0.24754696607629648,0.23279620498093465,0.5076486406586149,0.4878282803437689,0.36787944117144233,0.19691167520419411,,,,,,,,,,,,,,,,,,,,10.5,"[{""market"": ""Corners total"", ""pick"": ""Over 10.5"", ""p"": 0.612}, {""market"": ""Both 4+ corners"", ""pick"": ""Yes"", ""p"": 0.691}]",,,,,,,
v2,2026-10-03,2026-10-03,2026-10-03,,League 2,Exeter,Rotherham,5.25,4.0,9.25,9.5,0.704558695975614,0.5768003204943973,0.4454931012498134,0.32403392344857335,0.22189779666116694,0.14316786559587444,0.08714849156864705,0.7683302619236406,0.5665298796332912,0.4352820508062152,0.1051143529336021,0.2381033055535443,0.6797899227465843,,,0.0052;0.0275;0.0723;0.1266;0.1661;0.1744;0.1526;0.1145;0.0751;0.0438;0.0230;0.0110;0.0048;0.0019;0.0007;0.0004,0.0183;0.0733;0.1465;0.1954;0.1954;0.1563;0.1042;0.0595;0.0298;0.0132;0.0053;0.0019;0.0006;0.0002;0.0001;0.0000,1.0,0.625,0.4355697913790952,0.3406000115575283,0.22383019706337648,0.2937708055137614,0.2231219064209533,0.5352614285189903,0.36787944117144233,,,,,,,,,,,,,,,,,,,,10.5,"[{""market"": ""BTTS"", ""pick"": ""No"", ""p"": 0.706}, {""market"": ""Goals 2.5"", ""pick"": ""Under"", ""p"": 0.777}]",,,,,,,
v2,2026-10-03,2026-10-03,2026-10-03,,League 2,Gillingham,Newport,5.5,3.125,8.625,8.5,0.6303991961469858,0.49401551759004014,0.3633144923063003,0.2505848579990747,0.16219457655363634,0.0986640617647276,0.056514008683624675,0.7983008012974714,0.38074953935785466,0.3039526623630185,0.08837643235678544,0.3957756599045997,0.8218033802248212,,,0.0041;0.0225;0.0618;0.1133;0.1558;0.1714;0.1571;0.1234;0.0849;0.0519;0.0285;0.0143;0.0065;0.0028;0.0011;0.0006,0.0439;0.1373;0.2145;0.2235;0.1746;0.1091;0.0568;0.0254;0.0099;0.0034;0.0011;0.0003;0.0001;0.0000;0.0000;0.0000,1.75,1.0,0.5498380410486216,0.23538088839343738,0.21478107055794107,0.5222744765848196,0.518543295286983,0.36787944117144233,0.17377394345044514,,,,,,,,,,,,,,,,,,,,10.5,[],,,,,,,
v2,2026-10-03,2026-10-03,2026-10-03,,League 2,Grimsby,Shrewsbury,5.375,5.375,10.75,10.5,0.8399181228976345,0.7450584746021168,0.6317538946935818,0.5099514712919067,0.390917284785724,0.2842824927072688,0.19610372233470016,0.7837291608255813,0.7837291608255813,0.6142313975283699,0.0964171751942664,0.0964171751942664,0.5,,,0.0046;0.0249;0.0669;0.1199;0.1611;0.1731;0.1551;0.1191;0.0800;0.0478;0.0257;0.0126;0.0056;0.0023;0.0009;0.0005,0.0046;0.0249;0.0669;0.1199;0.1611;0.1731;0.1551;0.1191;0.0800;0.0478;0.0257;0.0126;0.0056;0.0023;0.0009;0.0005,1.875,0.375,0.7407374032318274,0.19359873422422047,0.06566386254395219,0.26475497892596384,0.3906607330017218,0.6872892787909722,0.1533549668449285,,,,,,,,,,,,,,,,,,,,10.5,"[{""market"": ""Both 4+ corners"", ""pick"": ""Yes"", ""p"": 0.614}, {""market"": ""BTTS"", ""pick"": ""No"", ""p"": 0.735}, {""market"": ""Goals 2.5"", ""pick"": ""Under"", ""p"": 0.609}]",,,,,,,
v2,2026-10-03,2026-10-03,2026-10-03,,League 1,Leyton Orient,Plymouth,4.75,7.0,11.75,11.5,0.8989919436357718,0.8278996956621434,0.7350848163632395,0.6260273331870275,0.5095341125215282,0.3954678339532269,0.2923694667857238,0.6981144165973611,0.9182345837552783,0.6410328007378369,0.1473491839281483,0.029636163880521777,0.23145973473324288,,,0.0087;0.0411;0.0976;0.1545;0.1835;0.1743;0.1380;0.0937;0.0556;0.0293;0.0139;0.0060;0.0024;0.0009;0.0003;0.0001,0.0009;0.0064;0.0223;0.0521;0.0912;0.1277;0.1490;0.1490;0.1304;0.1014;0.0710;0.0452;0.0263;0.0142;0.0071;0.0057,1.5,2.0,0.29025461974433386,0.2161829633926181,0.493562416863048,0.671731940037276,0.6791528011378659,0.1353352832366127,0.22313016014842982,,,,,,,,,,,,,,,,,,,,10.5,"[{""market"": ""Corners total"", ""pick"": ""Over 10.5"", ""p"": 0.626}, {""market"": ""Both 4+ corners"", ""pick"": ""Yes"", ""p"": 0.641}, {""market"": ""BTTS"", ""pick"": ""Yes"", ""p"": 0.672}, {""market"": ""Goals 2.5"", ""pick"": ""Over"", ""p"": 0.679}]",,,,,,,
v2,2026-10-03,2026-10-03,2026-10-03,,League 1,Luton,Doncaster,8.25,4.275,12.525,12.5,0.9310511542231534,0.8764548849544513,0.8004750768888413,0.7053103672866645,0.5969523683987314,0.48385370705945113,0.3748874968075678,0.9642422760518132,0.6183341382476498,0.5962239168244504,0.011307596933212798,0.20051174967691313,0.8940470981580062,,,0.0003;0.0022;0.0089;0.0245;0.0504;0.0832;0.1144;0.1348;0.1391;0.1275;0.1052;0.0789;0.0542;0.0344;0.0203;0.0219,0.0139;0.0595;0.1271;0.1812;0.1936;0.1655;0.1179;0.0720;0.0385;0.0183;0.0078;0.0030;0.0011;0.0004;0.0001;0.0000,1.125,1.125,0.3562840305512945,0.2874319388974111,0.3562840305512945,0.45609428984516465,0.3906607330017216,0.32465246735834974,0.32465246735834974,,,,,,,,,,,,,,,,,,,,10.5,"[{""market"": ""Corners total"", ""pick"": ""Over 10.5"", ""p"": 0.705}, {""market"": ""Goals 2.5"", ""pick"": ""Under"", ""p"": 0.609}]",,,,,,,
v2,2026-10-03,2026-10-03,2026-10-03,,League 2,Northampton,Oldham,4.75,4.25,9.0,8.5,0.6761030356871037,0.5443473956775811,0.4125917556680587,0.2940116796594883,0.19699161747065796,0.12422657082903518,0.07385076930791175,0.6981144165973611,0.6137884376253508,0.42849455704702755,0.1473491839281483,0.20371109051289563,0.5753074536552838,,,0.0087;0.0411;0.0976;0.1545;0.1835;0.1743;0.1380;0.0937;0.0556;0.0293;0.0139;0.0060;0.0024;0.0009;0.0003;0.0001,0.0143;0.0606;0.1288;0.1825;0.1939;0.1648;0.1167;0.0709;0.0377;0.0178;0.0076;0.0029;0.0010;0.0003;0.0001;0.0000,1.125,0.5,0.5119600008646994,0.32425902189577355,0.16378097723952706,0.26572854813321095,0.223121906420953,0.6065306597126335,0.32465246735834974,,,,,,,,,,,,,,,,,,,,10.5,"[{""market"": ""BTTS"", ""pick"": ""No"", ""p"": 0.734}, {""market"": ""Goals 2.5"", ""pick"": ""Under"", ""p"": 0.777}]",,,,,,,
v2,2026-10-03,2026-10-03,2026-10-03,,League 1,Peterborough,Notts County,5.75,4.25,10.0,9.5,0.7797793533983008,0.6671803212492808,0.5420702855281474,0.41696024980701435,0.30322385369689314,0.20844352360512544,0.13553557738068883,0.8250548065835168,0.6137884376253508,0.5064091006881828,0.07409911541874069,0.20371109051289563,0.7041061280490292,,,0.0032;0.0183;0.0526;0.1008;0.1450;0.1667;0.1598;0.1312;0.0943;0.0603;0.0347;0.0181;0.0087;0.0038;0.0016;0.0009,0.0143;0.0606;0.1288;0.1825;0.1939;0.1648;0.1167;0.0709;0.0377;0.0178;0.0076;0.0029;0.0010;0.0003;0.0001;0.0000,1.125,1.125,0.3562840305512945,0.2874319388974111,0.3562840305512945,0.45609428984516465,0.3906607330017216,0.32465246735834974,0.32465246735834974,,,,,,,,,,,,,,,,,,,,10.5,"[{""market"": ""Corners total"", ""pick"": ""Under 10.5"", ""p"": 0.583}, {""market"": ""Goals 2.5"", ""pick"": ""Under"", ""p"": 0.609}]",,,,,,,
v2,2026-10-03,2026-10-03,2026-10-03,,League 1,Reading,Bradford,9.5,2.5,12.0,11.5,0.9104955031598246,0.8449722182325375,0.7576078383294881,0.6527705824458286,0.5384026669363823,0.4240347514269355,0.3184643678797541,0.9851403523541689,0.24242386686693423,0.2388215336243517,0.004163633037503346,0.5438131158833295,0.988633070370022,,,0.0001;0.0007;0.0034;0.0107;0.0254;0.0483;0.0764;0.1037;0.1232;0.1300;0.1235;0.1067;0.0844;0.0617;0.0419;0.0600,0.0821;0.2052;0.2565;0.2138;0.1336;0.0668;0.0278;0.0099;0.0031;0.0009;0.0002;0.0000;0.0000;0.0000;0.0000;0.0000,1.625,1.125,0.48992762698320724,0.24639281178195171,0.26367956123484104,0.5423637186441644,0.5185432952869838,0.3246524673583498,0.19691167520419406,,,,,,,,,,,,,,,,,,,,10.5,"[{""market"": ""Corners total"", ""pick"": ""Over 10.5"", ""p"": 0.653}]",,,,,,,
v2,2026-10-03,2026-10-03,2026-10-03,,League 2,Rochdale,Swindon,6.75,3.625,10.375,10.5,0.8116783014158004,0.7077870279151766,0.5880234765186239,0.46376879194470083,0.3465740326306595,0.24524939697372788,0.16438454351675366,0.9042348535151343,0.4900844431873986,0.44315143469560353,0.03574841842228054,0.29834497252341724,0.8625493369384192,,,0.0012;0.0079;0.0267;0.0600;0.1013;0.1367;0.1538;0.1483;0.1251;0.0939;0.0634;0.0389;0.0219;0.0114;0.0055;0.0042,0.0266;0.0966;0.1751;0.2116;0.1917;0.1390;0.0840;0.0435;0.0197;0.0079;0.0029;0.0009;0.0003;0.0001;0.0000;0.0000,1.875,0.75,0.6407638154530694,0.2162376718573635,0.14299851268956712,0.4467182374483084,0.487828280343769,0.47236655274101474,0.15335496684492847,,,,,,,,,,,,,,,,,,,,10.5,[],,,,,,,
v2,2026-10-03,2026-10-03,2026-10-03,,League 2,Salford,Fleetwood,7.375,3.375,10.75,10.5,0.839918122897635,0.7450584746021174,0.6317538946935823,0.5099514712919072,0.39091728478572446,0.28428249270726924,0.19610372233470055,0.9358072322937807,0.43616961887427635,0.4081706838493697,0.022292864515904905,0.34458714456044937,0.9145940967097487,,,0.0006;0.0046;0.0170;0.0419;0.0773;0.1139;0.1401;0.1476;0.1360;0.1115;0.0822;0.0551;0.0339;0.0192;0.0101;0.0089,0.0342;0.1155;0.1949;0.2192;0.1850;0.1249;0.0702;0.0339;0.0143;0.0054;0.0018;0.0006;0.0002;0.0000;0.0000;0.0000,1.25,0.875,0.44991705140449534,0.29043285142916797,0.2596500971663367,0.4160661517280212,0.3571147255017982,0.4168620196785083,0.2865047968601901,,,,,,,,,,,,,,,,,,,,10.5,"[{""market"": ""Goals 2.5"", ""pick"": ""Under"", ""p"": 0.643}]",,,,,,,
v2,2026-10-03,2026-10-03,2026-10-03,,League 1,Sheffield Wed,Cambridge Utd,5.725,6.1,11.825,11.5,0.9025675370118627,0.8331680239380361,0.7419847748160364,0.6341605827292717,0.5182495762359995,0.40402893858742095,0.3001320893416947,0.8225185463759163,0.857499025631183,0.7053088520809252,0.07542527238889746,0.057652914729382575,0.45136822264705206,,,0.0033;0.0187;0.0535;0.1021;0.1461;0.1672;0.1596;0.1305;0.0934;0.0594;0.0340;0.0177;0.0084;0.0037;0.0015;0.0009,0.0022;0.0137;0.0417;0.0848;0.1294;0.1579;0.1605;0.1399;0.1066;0.0723;0.0441;0.0244;0.0124;0.0058;0.0025;0.0016,1.475,1.075,0.4635974313539701,0.2605286400223879,0.27587392862364196,0.5080051836549375,0.46894706910965717,0.3412977553009937,0.2287787270452224,,,,,,,,,,,,,,,,,,,,10.5,"[{""market"": ""Corners total"", ""pick"": ""Over 10.5"", ""p"": 0.634}, {""market"": ""Both 4+ corners"", ""pick"": ""Yes"", ""p"": 0.705}]",,,,,,,
v2,2026-10-03,2026-10-03,2026-10-03,,League 2,Walsall,Crawley,5.625,4.5,10.125,9.5,0.7908287648757765,0.6810778618246497,0.5576080958921321,0.43259495788545815,0.3175260467656786,0.22043665300836449,0.14481895210122567,0.8120677711184927,0.6577040441654088,0.5341002572010223,0.08095043663885307,0.17357807091003602,0.6552723132664428,,,0.0036;0.0203;0.0571;0.1070;0.1504;0.1692;0.1587;0.1275;0.0897;0.0560;0.0315;0.0161;0.0076;0.0033;0.0013;0.0007,0.0111;0.0500;0.1125;0.1687;0.1898;0.1708;0.1281;0.0824;0.0463;0.0232;0.0104;0.0043;0.0016;0.0006;0.0002;0.0001,1.5,0.875,0.5188894142644207,0.26150110569959667,0.21960948003598263,0.45302230938372495,0.4237461723120611,0.4168620196785084,0.2231301601484298,,,,,,,,,,,,,,,,,,,,10.5,[],,,,,,,
v2,2026-10-03,2026-10-03,2026-10-03,,League 1,Wigan,Mansfield,4.75,3.875,8.625,8.5,0.6303991961469865,0.4940155175900407,0.3633144923063008,0.2505848579990751,0.16219457655363678,0.09866406176472808,0.05651400868362513,0.6981144165973611,0.5417358423467034,0.3781936015297488,0.1473491839281483,0.25699707445167264,0.6331988492684544,,,0.0087;0.0411;0.0976;0.1545;0.1835;0.1743;0.1380;0.0937;0.0556;0.0293;0.0139;0.0060;0.0024;0.0009;0.0003;0.0001,0.0208;0.0804;0.1558;0.2013;0.1950;0.1511;0.0976;0.0540;0.0262;0.0113;0.0044;0.0015;0.0005;0.0001;0.0000;0.0000,1.625,1.375,0.4343665889015295,0.24095613149976686,0.32467727959870357,0.6000357973589239,0.576809918873157,0.25283959580474646,0.1969116752041941,,,,,,,,,,,,,,,,,,,,10.5,"[{""market"": ""Corners total"", ""pick"": ""Under 10.5"", ""p"": 0.749}, {""market"": ""BTTS"", ""pick"": ""Yes"", ""p"": 0.6}]",,,,,,,
v3,2026-09-30,2026-10-03,2026-10-03,15:00,League 1,AFC Wimbledon,Stevenage,4.841469382104542,4.615149961772064,9.456619343876607,9.5,0.699610423898758,0.5839788603470449,0.4660590946854544,0.35557642272574047,0.25955172042756086,0.1815178081933192,0.12183422984100359,0.6687185837684627,0.6353495465986622,0.41109258750850797,0.18379472127111285,0.20836722627927176,0.5269898504459269,0.4696245186971273,0.42152076294300606,0.0168;0.0580;0.1090;0.1475;0.1603;0.1484;0.1213;0.0896;0.0609;0.0385;0.0229;0.0129;0.0069;0.0036;0.0018;0.0015,0.0205;0.0672;0.1206;0.1563;0.1633;0.1457;0.1151;0.0824;0.0544;0.0335;0.0194;0.0107;0.0056;0.0028;0.0014;0.0012,0.999153903066509,1.273723537366589,0.2870280972254014,0.2900872364469372,0.4228846663276615,0.45896968006647704,0.3967562865481636,0.27978787915423314,0.3681908345544284,7,,1.0,1.585386026027089,2.0509542466828563,3.636340272709945,0.6936114642920663,0.4877610427852213,0.302845669989879,0.1674508181380329,0.08330762886815991,0.46608497447259134,0.6006192533723923,0.07433808206764692,0.2121;0.3218;0.2509;0.1341;0.0552;0.0187;0.0054;0.0014;0.0003;0.0001,0.1354;0.2640;0.2639;0.1802;0.0945;0.0406;0.0148;0.0048;0.0014;0.0005,3.5,"{""c"":[4.8415,4.6151],""g"":[0.9992,1.2737],""k"":[1.5854,2.051]}",,10.5,"[{""market"": ""Corners total"", ""pick"": ""Under 10.5"", ""p"": 0.644}, {""market"": ""Goals 2.5"", ""pick"": ""Under"", ""p"": 0.603}]",,,,,,,
v3,2026-10-03,2026-10-03,2026-10-03,15:00,League 2,Accrington,Cheltenham,5.259250948203057,4.490653414056469,9.749904362259526,9.5,0.7273297354910203,0.6161728322575935,0.49998964869856516,0.3884196422965568,0.28903188685893466,0.20625102985926003,0.14135800551125635,0.7232382670665527,0.6147521937897529,0.4314690763963527,0.14631709488821917,0.22475149272336328,0.5889414951410973,0.5272846236548022,0.368024380728522,0.0119;0.0445;0.0900;0.1304;0.1514;0.1492;0.1295;0.1014;0.0729;0.0487;0.0305;0.0181;0.0102;0.0055;0.0029;0.0027,0.0234;0.0737;0.1276;0.1605;0.1635;0.1428;0.1108;0.0782;0.0509;0.0310;0.0178;0.0097;0.0051;0.0026;0.0012;0.0010,1.6169246762264466,1.185561478743686,0.470520549809102,0.2530506299131137,0.2764288202777842,0.560064707747773,0.5311387442417411,0.3055745577034638,0.1985082384427037,8,J O'Connor,1.0062526862163925,1.9723999000559795,1.9756018920609828,3.9480017921169623,0.7429876540241044,0.5491981455636575,0.3612889136744629,0.21277270614532187,0.1131433628569965,0.5796082838083875,0.5804691356127332,0.15226894702665084,0.1463;0.2741;0.2637;0.1734;0.0877;0.0364;0.0129;0.0040;0.0011;0.0004,0.1458;0.2737;0.2637;0.1737;0.0880;0.0366;0.0130;0.0040;0.0011;0.0004,3.5,"{""c"":[5.2593,4.4907],""g"":[1.6169,1.1856],""k"":[1.9724,1.9756]}",,10.5,[],,,,,,,
v3,2026-09-30,2026-10-03,2026-10-03,15:00,League 2,Barnet,York,6.099253460612792,4.474147596023256,10.573401056636047,10.5,0.7949219652036253,0.6982244027989416,0.5904025478694361,0.47994499338421054,0.37497497151264964,0.2817039437158896,0.20370310032745223,0.8102509021309561,0.6083512288229932,0.48177640181218667,0.09204139739753395,0.23168318446787572,0.6728244055661988,0.6101220760894185,0.2966852142555049,0.0061;0.0261;0.0598;0.0977;0.1272;0.1402;0.1357;0.1181;0.0941;0.0696;0.0482;0.0315;0.0196;0.0117;0.0066;0.0075,0.0254;0.0768;0.1295;0.1600;0.1612;0.1402;0.1088;0.0771;0.0507;0.0313;0.0182;0.0101;0.0054;0.0028;0.0014;0.0012,1.611042807912938,1.2804457671273524,0.4479354972129074,0.2513019655707278,0.3007625372163648,0.5813351289399966,0.5520648930149655,0.2779133881845342,0.1996792783354471,7,,1.0,1.691060728318843,2.178389436052795,3.8694501643716377,0.7312028870007837,0.5341033996059158,0.3465140887662874,0.20098877034487975,0.10516864995434208,0.49885950082609626,0.6323481117519815,0.15441218687985003,0.1918;0.3094;0.2566;0.1458;0.0639;0.0230;0.0071;0.0019;0.0005;0.0001,0.1199;0.2477;0.2622;0.1896;0.1053;0.0479;0.0185;0.0063;0.0019;0.0007,3.5,"{""c"":[6.0993,4.4741],""g"":[1.611,1.2804],""k"":[1.6911,2.1784]}",,10.5,[],,,,,,,
v3,2026-09-30,2026-10-03,2026-10-03,15:00,League 1,Barnsley,MK Dons,6.57251914030849,5.189738583871026,11.762257724179516,11.5,0.8679695296735693,0.7936243158950614,0.7035233964509663,0.6031998714892524,0.4995765324106514,0.3995019024620669,0.3085395958811191,0.8440799459344772,0.7032312604439458,0.5843046079719322,0.07339545135472443,0.16357355569087978,0.6373558467339341,0.5806129588435481,0.33035845817386983,0.0046;0.0203;0.0484;0.0825;0.1124;0.1300;0.1322;0.1213;0.1020;0.0798;0.0585;0.0406;0.0268;0.0169;0.0103;0.0133,0.0152;0.0515;0.0969;0.1332;0.1490;0.1435;0.1232;0.0965;0.0700;0.0476;0.0306;0.0187;0.0110;0.0062;0.0034;0.0036,1.5317714847059025,1.35659783629945,0.4120262604619969,0.254212375725282,0.33376136381272115,0.5854493020962026,0.551340932534174,0.25753546600624466,0.21615241725411088,7,,1.0,1.806855459150409,1.915694812166891,3.7225502713173,0.7079769446285847,0.5051557695139443,0.3189414289723165,0.1795869829086291,0.09107211636713815,0.5334630955106147,0.5643293724658768,0.0760317376238614,0.1713;0.2952;0.2611;0.1580;0.0736;0.0281;0.0092;0.0026;0.0007;0.0002,0.1543;0.2814;0.2633;0.1685;0.0829;0.0334;0.0115;0.0035;0.0009;0.0003,3.5,"{""c"":[6.5725,5.1897],""g"":[1.5318,1.3566],""k"":[1.8069,1.9157]}",,10.5,"[{""market"": ""Corners total"", ""pick"": ""Over 10.5"", ""p"": 0.603}]",,,,,,,
v3,2026-09-30,2026-10-03,2026-10-03,15:00,League 1,Blackpool,Leicester,5.207043209885728,6.576600355639931,11.783643565525658,11.5,0.869047075685349,0.7950944911149763,0.7053435363269479,0.6052693310078001,0.5017583410864783,0.4016518163801326,0.310532727455426,0.7053078553957314,0.8442824179086794,0.586231377766169,0.16214954460544573,0.07329834167210414,0.36408681327100845,0.33167991741853087,0.5793113773187617,0.0150;0.0510;0.0962;0.1325;0.1486;0.1435;0.1235;0.0969;0.0704;0.0480;0.0309;0.0190;0.0111;0.0063;0.0034;0.0036,0.0046;0.0203;0.0484;0.0824;0.1123;0.1299;0.1321;0.1212;0.1021;0.0798;0.0586;0.0407;0.0269;0.0170;0.0103;0.0134,1.4117804472861506,1.685356286353843,0.3194899946307189,0.24274005460959386,0.4377699507596872,0.6193158761906145,0.598216751209263,0.18537837240422603,0.2437089856441522,7,,1.0,1.808356949010965,1.7337912483820745,3.5421481973930398,0.6772836673276015,0.4684426945849601,0.2853788742933577,0.15458204616532734,0.07526261573619002,0.5340389280585917,0.5120214385578182,0.07248406386448292,0.1709;0.2950;0.2613;0.1583;0.0737;0.0281;0.0092;0.0026;0.0007;0.0002,0.1837;0.3043;0.2588;0.1506;0.0674;0.0247;0.0078;0.0021;0.0005;0.0001,3.5,"{""c"":[5.207,6.5766],""g"":[1.4118,1.6854],""k"":[1.8084,1.7338]}",,10.5,"[{""market"": ""Corners total"", ""pick"": ""Over 10.5"", ""p"": 0.605}, {""market"": ""BTTS"", ""pick"": ""Yes"", ""p"": 0.619}]",,,,,,,
v3,2026-09-30,2026-10-03,2026-10-03,15:00,League 1,Bromley,Wycombe,4.904387265878904,5.7756559132158385,10.680043179094742,10.5,0.8026053594416845,0.7079008163942577,0.6014606430446378,0.4915505221633136,0.38626927111186016,0.29197702103184986,0.21249442874203503,0.671064206371573,0.7774458383716536,0.51013815958527,0.18459653135416626,0.11236624579770947,0.40590721238744565,0.366141493337846,0.535890996265609,0.0177;0.0588;0.1081;0.1443;0.1563;0.1452;0.1200;0.0901;0.0626;0.0406;0.0249;0.0145;0.0081;0.0043;0.0022;0.0021,0.0083;0.0329;0.0712;0.1102;0.1366;0.1440;0.1337;0.1120;0.0861;0.0616;0.0414;0.0263;0.0159;0.0092;0.0051;0.0056,1.2993814319892854,1.7629909876783312,0.2799102030178449,0.23980485978750266,0.4802849371946525,0.6057597878017151,0.5906377226282864,0.17153104854586665,0.27270042463276556,7,,1.0,1.9977852609662212,1.7116154942715531,3.709400755237774,0.7058212577662788,0.5025212044156002,0.31648099486082826,0.17771468973491905,0.08986324399522029,0.5866034759870409,0.5052186551660182,0.07577360663263022,0.1425;0.2709;0.2639;0.1758;0.0899;0.0377;0.0135;0.0042;0.0012;0.0004,0.1878;0.3069;0.2577;0.1481;0.0655;0.0238;0.0074;0.0020;0.0005;0.0001,3.5,"{""c"":[4.9044,5.7757],""g"":[1.2994,1.763],""k"":[1.9978,1.7116]}",,10.5,"[{""market"": ""BTTS"", ""pick"": ""Yes"", ""p"": 0.606}]",,,,,,,
v3,2026-10-03,2026-10-03,2026-10-03,15:00,League 1,Burton,Huddersfield,4.347836253568437,4.900592901901176,9.248429155469612,9.5,0.6787580242277428,0.5602709353303562,0.4415997312550914,0.33240114384276154,0.2391895506574357,0.16479614296891082,0.10891438816456278,0.5943672280369477,0.6782521637175912,0.38924741589188105,0.23940216169844122,0.1765287390177988,0.4332416149020317,0.3857852522945182,0.5046768802080468,0.0255;0.0791;0.1347;0.1662;0.1658;0.1416;0.1072;0.0737;0.0468;0.0277;0.0155;0.0082;0.0042;0.0020;0.0009;0.0008,0.0156;0.0552;0.1057;0.1452;0.1598;0.1495;0.1232;0.0917;0.0626;0.0398;0.0237;0.0134;0.0072;0.0037;0.0018;0.0016,1.1804606277543461,1.5163873609201055,0.2922236043047453,0.26137739458429093,0.4463990011109638,0.5443974077346057,0.5056030641057602,0.21950344300452646,0.3071372300796894,7,N Hair,0.9948069292517875,1.818823385647012,1.9663835901972964,3.785206975844308,0.7180747691640446,0.5176134229566461,0.3306858753003397,0.18860885135238203,0.09695260272434739,0.5368830729377001,0.5781262131018775,0.08114632594484672,0.1694;0.2937;0.2614;0.1592;0.0746;0.0287;0.0094;0.0027;0.0007;0.0002,0.1470;0.2749;0.2638;0.1730;0.0872;0.0360;0.0127;0.0039;0.0011;0.0004,3.5,"{""c"":[4.3478,4.9006],""g"":[1.1805,1.5164],""k"":[1.8188,1.9664]}",,10.5,"[{""market"": ""Corners total"", ""pick"": ""Under 10.5"", ""p"": 0.668}]",,,,,,,
v3,2026-10-03,2026-10-03,2026-10-03,12:30,League 2,Chesterfield,Tranmere,6.349914999939408,3.6736439794762683,10.023558979415675,9.5,0.7514486467449226,0.6448486880205331,0.5309278613511761,0.4190751358121449,0.317199283866042,0.2304416803803418,0.16090484828012686,0.8357721892148414,0.4757367719764691,0.38733518263264743,0.07649266362816054,0.3422365488384734,0.7790906712757223,0.7145205524459176,0.20260062329082396,0.0046;0.0209;0.0510;0.0877;0.1196;0.1371;0.1373;0.1231;0.1007;0.0761;0.0537;0.0357;0.0225;0.0135;0.0077;0.0089,0.0484;0.1214;0.1724;0.1820;0.1585;0.1202;0.0820;0.0514;0.0301;0.0166;0.0087;0.0044;0.0021;0.0010;0.0004;0.0003,1.761650751301885,1.0202399615060598,0.5443363581720781,0.2410895761400264,0.21457406568789544,0.5329905525070762,0.5262183807024954,0.36050842164912966,0.17176109482057586,8,T Parsons,1.03074055837309,1.6293765637216193,2.7038363650740918,4.333212928795711,0.7946899222337498,0.6189554117966102,0.4332529858975216,0.273302348305268,0.15636801128174693,0.4795043671425497,0.7422622668962606,0.1876256753719736,0.2040;0.3165;0.2530;0.1389;0.0589;0.0205;0.0061;0.0016;0.0004;0.0001,0.0728;0.1849;0.2404;0.2132;0.1451;0.0807;0.0383;0.0159;0.0059;0.0028,3.5,"{""c"":[6.3499,3.6736],""g"":[1.7617,1.0202],""k"":[1.6294,2.7038]}",,10.5,"[{""market"": ""Cards total"", ""pick"": ""Over 3.5"", ""p"": 0.619}, {""market"": ""Corner dominance"", ""pick"": ""Home"", ""p"": 0.715}]",,,,,,,
v3,2026-09-30,2026-10-03,2026-10-03,15:00,League 2,Colchester,Port Vale,5.092398846184253,4.472293027399054,9.564691873583307,9.5,0.7100504815481565,0.5960113865769758,0.4786430193020199,0.36766276483754423,0.2703159808229751,0.1904780795903194,0.12885155504162557,0.7027218884745827,0.6127590714208664,0.41711700495724285,0.1599911386785379,0.22584256151437815,0.5729841162783452,0.5117967829461992,0.38141608003930405,0.0136;0.0493;0.0971;0.1373;0.1554;0.1496;0.1268;0.0970;0.0682;0.0445;0.0273;0.0159;0.0088;0.0046;0.0024;0.0022,0.0235;0.0740;0.1284;0.1614;0.1642;0.1431;0.1106;0.0777;0.0504;0.0305;0.0174;0.0095;0.0049;0.0024;0.0012;0.0010,1.3642120757650567,1.059331156402719,0.43396478434334035,0.2787440900674163,0.2872911255892434,0.4901790395487383,0.4364300915602245,0.3466876125916253,0.2555819759059525,7,,1.0,1.5618783413955823,2.6513267800511824,4.213205121446765,0.7796327474818145,0.5980139239591586,0.4109955589121249,0.2540259663215454,0.14220210364733332,0.4582311095834525,0.7328088444366219,0.16691823763690183,0.2176;0.3241;0.2488;0.1312;0.0534;0.0179;0.0051;0.0013;0.0003;0.0001,0.0765;0.1907;0.2434;0.2120;0.1416;0.0773;0.0360;0.0147;0.0053;0.0025,3.5,"{""c"":[5.0924,4.4723],""g"":[1.3642,1.0593],""k"":[1.5619,2.6513]}",,10.5,[],,,,,,,
v3,2026-10-03,2026-10-03,2026-10-03,15:00,League 2,Crewe,Bristol Rovers,4.987937873944949,4.862563959621024,9.850501833565973,9.5,0.7363910732903921,0.6268717399201121,0.511452465142452,0.3996984224259286,0.2993225383327195,0.2150265057104235,0.14839863290139288,0.6870428602193595,0.6695986795375976,0.4467921433517203,0.17150788185982463,0.18398247112021077,0.5145128881309454,0.4599976154390569,0.43404726866496535,0.0153;0.0536;0.1026;0.1414;0.1568;0.1482;0.1238;0.0936;0.0651;0.0422;0.0257;0.0149;0.0082;0.0043;0.0022;0.0020,0.0171;0.0582;0.1087;0.1464;0.1589;0.1473;0.1209;0.0898;0.0615;0.0393;0.0236;0.0135;0.0073;0.0038;0.0019;0.0017,1.2269238730790766,1.2743628667822138,0.3499168659696278,0.27756262601403686,0.37252050801633535,0.5130226532510097,0.4565169104941005,0.2796090597013137,0.2931930910845149,8,M Russell,0.8995701331801904,1.4345165787165775,2.1188098208547337,3.5533263995713114,0.6792561316174546,0.47075142679343807,0.2874438618833563,0.15608699094722878,0.07619322655900612,0.41687172669373784,0.6179669637807628,0.13092948682204153,0.2455;0.3377;0.2392;0.1162;0.0435;0.0134;0.0035;0.0008;0.0002;0.0000,0.1267;0.2553;0.2634;0.1855;0.1003;0.0444;0.0167;0.0055;0.0016;0.0006,3.5,"{""c"":[4.9879,4.8626],""g"":[1.2269,1.2744],""k"":[1.4345,2.1188]}",,10.5,[],,,,,,,
v3,2026-10-03,2026-10-03,2026-10-03,15:00,League 2,Exeter,Rotherham,4.971371547431137,4.359795496261095,9.331167043692233,9.5,0.687161529547183,0.569773826568331,0.4513508680465684,0.34159024565340784,0.2472192679468403,0.1713541811919427,0.11395356898528736,0.6876597018612691,0.5959270958710597,0.3960332258550286,0.1700419656004521,0.23838695463210655,0.5733074445501417,0.5110351293249014,0.38034546268170744,0.0148;0.0528;0.1024;0.1423;0.1584;0.1497;0.1247;0.0938;0.0647;0.0415;0.0250;0.0143;0.0077;0.0040;0.0020;0.0018,0.0254;0.0788;0.1342;0.1657;0.1655;0.1416;0.1075;0.0741;0.0471;0.0280;0.0157;0.0084;0.0043;0.0021;0.0010;0.0008,1.2529044041210087,1.1089838653304884,0.3920179574490944,0.2861960981115895,0.3217859444393161,0.4826025574206042,0.4203030451815916,0.3298940075585308,0.285673878393116,8,L Sandoe,0.9565052994902176,1.6300617905628683,2.156661651965672,3.7867234425285403,0.7183156180425975,0.5179129298938573,0.3309704840857373,0.18882921940773145,0.09709737755734553,0.4800753018641236,0.6271276345992733,0.14419765559526365,0.2033;0.3166;0.2535;0.1391;0.0588;0.0204;0.0061;0.0016;0.0004;0.0001,0.1224;0.2505;0.2627;0.1881;0.1034;0.0466;0.0179;0.0060;0.0018;0.0007,3.5,"{""c"":[4.9714,4.3598],""g"":[1.2529,1.109],""k"":[1.6301,2.1567]}",,10.5,[],,,,,,,
v3,2026-10-03,2026-10-03,2026-10-03,15:00,League 2,Gillingham,Newport,5.345143995111044,4.291264348467167,9.63640834357821,9.5,0.7168330111646634,0.603888163188491,0.48694360986861557,0.37569593937679796,0.27752496734732335,0.19652462256999026,0.13362302075850327,0.7345737438031894,0.5834398341181314,0.4155218726392729,0.13854020149804047,0.24909027842394937,0.6221117232015689,0.5576167230975168,0.3387121874522763,0.0109;0.0416;0.0860;0.1269;0.1496;0.1495;0.1313;0.1039;0.0754;0.0508;0.0321;0.0192;0.0109;0.0059;0.0031;0.0029,0.0277;0.0832;0.1383;0.1675;0.1647;0.1392;0.1047;0.0717;0.0454;0.0269;0.0151;0.0080;0.0041;0.0020;0.0009;0.0008,1.5257612533953029,1.0603519636515113,0.47650673967549595,0.2635622368425943,0.2599310234819098,0.5151781483356893,0.4780786622118418,0.34633389193464675,0.21745545513724093,8,C Brook,1.023337693140195,2.144358870400427,2.109657475288421,4.254016345688848,0.7848565714901579,0.6052180066175182,0.41858746538714825,0.2605450234460394,0.14695179811518516,0.6236717141468116,0.6150351209142415,0.17642875663884783,0.1242;0.2521;0.2625;0.1869;0.1023;0.0459;0.0176;0.0059;0.0018;0.0006,0.1284;0.2565;0.2630;0.1844;0.0994;0.0440;0.0166;0.0055;0.0016;0.0006,3.5,"{""c"":[5.3451,4.2913],""g"":[1.5258,1.0604],""k"":[2.1444,2.1097]}",,10.5,"[{""market"": ""Cards total"", ""pick"": ""Over 3.5"", ""p"": 0.605}]",,,,,,,
v3,2026-10-03,2026-10-03,2026-10-03,15:00,League 2,Grimsby,Shrewsbury,5.549127034443985,4.320548082808041,9.869675117252026,9.5,0.7380923215497712,0.6288903220132646,0.5136258045101998,0.40184736692515544,0.3012928295703952,0.21671492516405294,0.14975989193987632,0.75734595494916,0.5871826996623827,0.4321144843672455,0.12402331044001537,0.2466982250770774,0.6391720172516218,0.574774710376845,0.3244741535648541,0.0093;0.0367;0.0781;0.1186;0.1439;0.1479;0.1336;0.1086;0.0809;0.0560;0.0363;0.0222;0.0130;0.0072;0.0039;0.0039,0.0274;0.0823;0.1369;0.1661;0.1639;0.1392;0.1053;0.0725;0.0463;0.0277;0.0156;0.0084;0.0043;0.0021;0.0010;0.0008,1.6111201727682853,0.8975624667378899,0.5380194347189158,0.25614377109492054,0.20583679418616369,0.4776799042171639,0.45841217514411053,0.4075618956222779,0.1996638307745197,8,M Corlett,1.100553935277654,1.5556540663627458,3.0190539108096908,4.574707977172436,0.8222991998627033,0.658829474948509,0.47726738802945734,0.31289802302137293,0.1865977549280348,0.4560208981760928,0.7933848086362566,0.1921227388388479,0.2193;0.3246;0.2481;0.1304;0.0530;0.0178;0.0051;0.0013;0.0003;0.0001,0.0541;0.1525;0.2201;0.2165;0.1633;0.1007;0.0529;0.0243;0.0100;0.0055,3.5,"{""c"":[5.5491,4.3205],""g"":[1.6111,0.8976],""k"":[1.5557,3.0191]}",,10.5,"[{""market"": ""Cards total"", ""pick"": ""Over 3.5"", ""p"": 0.659}]",,,,,,,
v3,2026-10-03,2026-10-03,2026-10-03,15:00,League 1,Leyton Orient,Plymouth,4.974830525086499,5.655108831949443,10.62993935703594,10.5,0.799024986508222,0.7033821708038235,0.5962858723121942,0.48610811688422556,0.3809616656695295,0.28713918117896536,0.20834569786640178,0.6810198112362034,0.764754900134957,0.5090465228314616,0.17731158634118876,0.12037704271919711,0.42601222822207474,0.38377371898805523,0.517077696920126,0.0165;0.0561;0.1047;0.1417;0.1552;0.1458;0.1217;0.0922;0.0645;0.0422;0.0261;0.0153;0.0086;0.0046;0.0024;0.0023,0.0091;0.0357;0.0756;0.1149;0.1400;0.1452;0.1327;0.1095;0.0831;0.0586;0.0389;0.0244;0.0146;0.0083;0.0046;0.0049,1.286420997122172,1.6961384666053185,0.28778415152356734,0.24493781399210257,0.46727803448433014,0.5943312491767623,0.5728911740132943,0.18339032637361866,0.27625774312750134,7,S Oldham,0.9453113780394863,1.9016794037008342,2.2357161989605636,4.137395602661398,0.7696406093213146,0.5844096416379668,0.39684146219453265,0.24202661519930932,0.13357057693163304,0.5600992947920446,0.6457807661823238,0.08219809612367535,0.1568;0.2831;0.2628;0.1670;0.0817;0.0328;0.0113;0.0034;0.0009;0.0003,0.1137;0.2405;0.2608;0.1932;0.1100;0.0513;0.0204;0.0071;0.0022;0.0008,3.5,"{""c"":[4.9748,5.6551],""g"":[1.2864,1.6961],""k"":[1.9017,2.2357]}",,10.5,[],,,,,,,
v3,2026-09-30,2026-10-03,2026-10-03,15:00,League 1,Luton,Doncaster,6.543066181048475,4.276299386210683,10.819365567259158,10.5,0.8122893666817693,0.7202078438351721,0.6156530916277067,0.5065813084763572,0.40103032395993715,0.3055258372832583,0.22419479797298641,0.8469706821427215,0.5760153435109588,0.4778524326530849,0.07089629562344824,0.25809668886921794,0.7305068368190972,0.668135668633656,0.24648365449680384,0.0042;0.0193;0.0473;0.0821;0.1133;0.1320;0.1346;0.1233;0.1032;0.0800;0.0580;0.0397;0.0258;0.0160;0.0095;0.0116,0.0306;0.0874;0.1402;0.1659;0.1611;0.1356;0.1023;0.0707;0.0455;0.0275;0.0158;0.0086;0.0045;0.0023;0.0011;0.0010,1.4611526343614685,1.2238049499402477,0.42259254897606774,0.2642149207603985,0.3131925302635337,0.545806256413277,0.5026835009376295,0.29410896532868513,0.2319687454308764,7,,1.0,1.736409031491068,2.5078806901532054,4.244289721644273,0.7836213242107338,0.6035087095726795,0.41678003952562415,0.25898775845594296,0.14581336164398423,0.5122949816564955,0.7050431939961087,0.08621575020426364,0.1839;0.3038;0.2582;0.1505;0.0677;0.0250;0.0079;0.0022;0.0006;0.0002,0.0877;0.2072;0.2508;0.2071;0.1313;0.0682;0.0301;0.0117;0.0040;0.0018,3.5,"{""c"":[6.5431,4.2763],""g"":[1.4612,1.2238],""k"":[1.7364,2.5079]}",,10.5,"[{""market"": ""Cards total"", ""pick"": ""Over 3.5"", ""p"": 0.604}, {""market"": ""Corner dominance"", ""pick"": ""Home"", ""p"": 0.668}]",,,,,,,
v3,2026-09-30,2026-10-03,2026-10-03,15:00,League 2,Northampton,Oldham,4.948669089126081,4.583954752358791,9.532623841484872,9.5,0.706980121952561,0.5924612086198151,0.4749181281073043,0.3640735970589027,0.26710910840265295,0.1878000555040063,0.12674749580705252,0.6833965806468341,0.6302160585620772,0.4170450328287779,0.1734574049399132,0.21241535495292904,0.543186544605624,0.4845472630810696,0.40749851362879175,0.0154;0.0542;0.1039;0.1431;0.1583;0.1490;0.1237;0.0928;0.0640;0.0411;0.0248;0.0142;0.0077;0.0040;0.0020;0.0018,0.0212;0.0688;0.1224;0.1574;0.1634;0.1450;0.1141;0.0814;0.0535;0.0328;0.0190;0.0104;0.0055;0.0027;0.0013;0.0011,1.2355253585346062,1.1308233203485745,0.38237506126135923,0.28632472945917276,0.331300209279468,0.4843058236389628,0.4214751311724113,0.3227674060240129,0.2906820099716823,7,,1.0,1.7814344134886042,1.8901811767233747,3.671615590211979,0.699555971150937,0.4949130701638606,0.30942110647098775,0.172376675718256,0.0864386509871697,0.5260727839844613,0.5572731183452222,0.14712989039394908,0.1756;0.2984;0.2604;0.1555;0.0714;0.0269;0.0087;0.0024;0.0006;0.0002,0.1581;0.2847;0.2630;0.1661;0.0807;0.0321;0.0109;0.0033;0.0009;0.0003,3.5,"{""c"":[4.9487,4.584],""g"":[1.2355,1.1308],""k"":[1.7814,1.8902]}",,10.5,[],,,,,,,
v3,2026-09-30,2026-10-03,2026-10-03,15:00,League 1,Peterborough,Notts County,5.503133645836655,4.97299544650472,10.476129092341376,10.5,0.7877054768984703,0.6892050074969437,0.580173547632675,0.4692911250083651,0.36468555164383115,0.2724159696113671,0.19581516284980638,0.7484890290724877,0.6815939416727926,0.4980594331055727,0.13070979620417758,0.17660362206043836,0.5584167833105786,0.5021877789147429,0.3971186064297634,0.0103;0.0392;0.0812;0.1208;0.1442;0.1465;0.1313;0.1064;0.0792;0.0549;0.0357;0.0220;0.0130;0.0073;0.0039;0.0041,0.0164;0.0558;0.1045;0.1418;0.1556;0.1463;0.1220;0.0923;0.0645;0.0421;0.0259;0.0152;0.0085;0.0045;0.0023;0.0022,1.4047792212263632,1.3825401559415458,0.374739624720791,0.26062719367376513,0.36463318160544383,0.568812839919896,0.5275181058032626,0.25094031525838795,0.24542123427117693,7,,1.0,1.9546504131070117,2.112688166702453,4.067338579809465,0.7600667976666364,0.5715852339218543,0.3837140862717354,0.23107731259334344,0.12582153340424643,0.5747109614905768,0.6159651710896517,0.08277442111976008,0.1489;0.2764;0.2634;0.1718;0.0862;0.0355;0.0125;0.0039;0.0011;0.0003,0.1279;0.2561;0.2631;0.1847;0.0997;0.0441;0.0166;0.0055;0.0016;0.0006,3.5,"{""c"":[5.5031,4.973],""g"":[1.4048,1.3825],""k"":[1.9547,2.1127]}",,10.5,[],,,,,,,
v3,2026-10-03,2026-10-03,2026-10-03,15:00,League 1,Reading,Bradford,5.264405244190148,4.806245432031564,10.070650676221712,9.5,0.7554305726752693,0.649644968803776,0.5361701248888604,0.4243371260952542,0.32209695058011056,0.23470230751419882,0.1643919832500986,0.7220331295864365,0.6604045518076196,0.46400962803163864,0.1476886813128345,0.19113188622545654,0.5520353449259412,0.49479089440488744,0.4015120306755104,0.0122;0.0451;0.0904;0.1303;0.1507;0.1483;0.1288;0.1010;0.0729;0.0489;0.0309;0.0184;0.0105;0.0057;0.0030;0.0029,0.0183;0.0610;0.1118;0.1485;0.1592;0.1462;0.1190;0.0879;0.0599;0.0381;0.0229;0.0130;0.0071;0.0037;0.0019;0.0017,1.3122941910075863,1.1817874188518254,0.3924100893583982,0.2774010968636688,0.330188813777933,0.5104822316677087,0.45466782857755267,0.3067299933558859,0.26920174716858064,7,P Howard,0.9656673151435111,1.8052423448532813,1.9222397344259994,3.7274820792792807,0.7087821725960534,0.5061421057093448,0.31986465980311973,0.18029111574724058,0.09152777861150528,0.5329903366732577,0.5661324289491786,0.0702343718927918,0.1716;0.2954;0.2611;0.1579;0.0734;0.0280;0.0091;0.0026;0.0007;0.0002,0.1533;0.2806;0.2634;0.1691;0.0834;0.0337;0.0117;0.0035;0.0010;0.0003,3.5,"{""c"":[5.2644,4.8062],""g"":[1.3123,1.1818],""k"":[1.8052,1.9222]}",,10.5,[],,,,,,,
v3,2026-10-03,2026-10-03,2026-10-03,15:00,League 2,Rochdale,Swindon,6.001361877480796,4.394476324225335,10.39583820170613,10.5,0.7815972982129917,0.6816218417996383,0.5716308895197991,0.4604531394646552,0.3562069860984094,0.2648138021685272,0.18940211844408078,0.8019615553013401,0.5966849323397825,0.4670871635264037,0.09683155893611844,0.24044849509212396,0.6730556003655114,0.609581035084167,0.2961109088698336,0.0066;0.0276;0.0626;0.1012;0.1303;0.1420;0.1358;0.1169;0.0921;0.0673;0.0460;0.0298;0.0183;0.0107;0.0060;0.0067,0.0268;0.0802;0.1335;0.1629;0.1621;0.1392;0.1067;0.0747;0.0485;0.0295;0.0170;0.0093;0.0049;0.0025;0.0012;0.0011,1.4444671908840552,1.2037790794321912,0.42266983982023415,0.2662626158770923,0.31106754430267347,0.5385373441106892,0.4936138520859218,0.30005812309788715,0.23587171768289736,8,A Dale,0.9550390173232111,1.2129173040107177,1.8378376146491902,3.0507549186599077,0.5812426595466432,0.3637416241720359,0.1980147424881384,0.09508699560789967,0.040829510865654076,0.34061530054772543,0.5429373602276316,0.12383538567791774,0.3038;0.3556;0.2143;0.0886;0.0283;0.0074;0.0017;0.0003;0.0001;0.0000,0.1657;0.2914;0.2625;0.1614;0.0762;0.0294;0.0097;0.0028;0.0007;0.0002,3.5,"{""c"":[6.0014,4.3945],""g"":[1.4445,1.2038],""k"":[1.2129,1.8378]}",,10.5,"[{""market"": ""Cards total"", ""pick"": ""Under 3.5"", ""p"": 0.636}]",,,,,,,
v3,2026-10-03,2026-10-03,2026-10-03,15:00,League 2,Salford,Fleetwood,6.058285657963715,4.5689844872152925,10.627270145179008,10.5,0.7988327825156729,0.7031400712730156,0.5960091604276304,0.48581766238275687,0.38067895910119626,0.2868820005262631,0.20812558212064305,0.8060737604446238,0.6226264116121183,0.4906902819451067,0.09461842587293934,0.22072456062903814,0.658614393216876,0.5966398290935171,0.30926176558519014,0.0064;0.0270;0.0613;0.0993;0.1285;0.1407;0.1354;0.1173;0.0931;0.0686;0.0473;0.0309;0.0191;0.0114;0.0065;0.0073,0.0235;0.0726;0.1247;0.1566;0.1604;0.1415;0.1114;0.0800;0.0533;0.0333;0.0196;0.0111;0.0060;0.0031;0.0015;0.0014,1.4624301548817065,1.0194298875852452,0.4697124519046746,0.2705817726120537,0.25970577548327173,0.4948529210468674,0.4515253327622379,0.3608005784380628,0.2316725898112538,8,R Martin,0.9944695930681918,1.596969096349248,2.5116841292996246,4.108653225648872,0.765752653043155,0.5791771757861675,0.39146034950104686,0.2375174287898141,0.1303645299396607,0.46946344482538926,0.7059423970127188,0.17484685038857994,0.2103;0.3203;0.2512;0.1353;0.0562;0.0192;0.0056;0.0015;0.0003;0.0001,0.0873;0.2067;0.2507;0.2074;0.1317;0.0684;0.0303;0.0117;0.0041;0.0018,3.5,"{""c"":[6.0583,4.569],""g"":[1.4624,1.0194],""k"":[1.597,2.5117]}",,10.5,[],,,,,,,
v3,2026-09-30,2026-10-03,2026-10-03,15:00,League 1,Sheffield Wed,Cambridge Utd,5.922844767429583,4.916038085165479,10.838882852595063,10.5,0.8136143749442286,0.7219015974192978,0.617617737412793,0.5086741425664849,0.4030975734825874,0.307434352729136,0.22585250947305735,0.7916356771030747,0.671846186408681,0.5206470272679363,0.10370381289851635,0.1843405321338555,0.6072302099330109,0.5487643149222734,0.3549527695469144,0.0074;0.0301;0.0663;0.1047;0.1323;0.1420;0.1342;0.1145;0.0896;0.0652;0.0445;0.0288;0.0177;0.0104;0.0059;0.0066,0.0177;0.0588;0.1078;0.1438;0.1557;0.1448;0.1199;0.0903;0.0629;0.0410;0.0252;0.0148;0.0083;0.0045;0.0023;0.0022,1.7252096513802675,1.148903466869923,0.5052720483854916,0.24441710997180316,0.2503108416427053,0.5647039804833344,0.5480233219987274,0.31698416251611156,0.1781357014620767,7,,1.0,1.5173058812011282,1.9226614480981195,3.4399673292992476,0.6588165107007499,0.4471521718441267,0.2666212055929428,0.14111546346470477,0.06705896581094124,0.4442806530936088,0.5664888230752729,0.07046859978244069,0.2264;0.3293;0.2463;0.1262;0.0498;0.0161;0.0045;0.0011;0.0002;0.0001,0.1530;0.2805;0.2637;0.1693;0.0835;0.0337;0.0116;0.0035;0.0009;0.0003,3.5,"{""c"":[5.9228,4.916],""g"":[1.7252,1.1489],""k"":[1.5173,1.9227]}",,10.5,[],,,,,,,
v3,2026-09-30,2026-10-03,2026-10-03,15:00,League 2,Walsall,Crawley,6.168853953281668,4.968953117781129,11.137807071062797,10.5,0.8329616850505036,0.7469141740015377,0.6469614507594974,0.5402899754626412,0.4346852842202063,0.33693236592050235,0.25177007938423873,0.8134248716801171,0.6775327587773153,0.5405804007836988,0.09077273490837565,0.1807930135516682,0.6246628571474161,0.566302445371419,0.3402704985642816,0.0061;0.0258;0.0588;0.0958;0.1248;0.1380;0.1343;0.1179;0.0949;0.0710;0.0498;0.0331;0.0209;0.0126;0.0073;0.0087,0.0174;0.0576;0.1058;0.1417;0.1542;0.1444;0.1204;0.0914;0.0643;0.0423;0.0263;0.0156;0.0088;0.0048;0.0025;0.0025,1.635339429455685,1.1166101254399268,0.49093100600712397,0.2526051208164573,0.2564638731764188,0.5450246403879168,0.5190144304417171,0.3273877189996747,0.19488620995109834,7,,1.0,2.0985360469200973,2.4524874882969474,4.551023535217045,0.8197441213968688,0.6550546472931984,0.473005814493948,0.308977873962166,0.18353804620123962,0.6119663180749835,0.6933922418803693,0.1790280994390463,0.1301;0.2580;0.2628;0.1834;0.0985;0.0434;0.0163;0.0054;0.0016;0.0006,0.0927;0.2139;0.2531;0.2046;0.1271;0.0647;0.0281;0.0107;0.0036;0.0016,3.5,"{""c"":[6.1689,4.969],""g"":[1.6353,1.1166],""k"":[2.0985,2.4525]}",,10.5,"[{""market"": ""Cards total"", ""pick"": ""Over 3.5"", ""p"": 0.655}]",,,,,,,
v3,2026-09-30,2026-10-03,2026-10-03,15:00,League 1,Wigan,Mansfield,5.5581767875579935,4.61504551336277,10.173222300920763,9.5,0.7639339564554053,0.6599481232457282,0.5474981271322596,0.43577526176474735,0.3328063967954136,0.24407416677685684,0.17210807332396102,0.7565822803654562,0.6317698541453971,0.4655942937415862,0.12497635370737487,0.2127096085370034,0.6053801800613141,0.5443612965562419,0.354844383585298,0.0095;0.0371;0.0784;0.1184;0.1432;0.1470;0.1328;0.1082;0.0809;0.0562;0.0367;0.0226;0.0133;0.0075;0.0040;0.0041,0.0218;0.0693;0.1217;0.1555;0.1612;0.1436;0.1136;0.0818;0.0545;0.0340;0.0200;0.0112;0.0060;0.0031;0.0015;0.0013,1.3172441859858235,1.302664762404115,0.3682893855172526,0.2702298548864461,0.36148075959630127,0.5368785466108962,0.4865568990945393,0.27180652731759003,0.2678724924881253,7,,1.0,1.7697991632551744,2.075281675099133,3.845080838354307,0.7274577340007992,0.5293647247925061,0.3419324098569654,0.19737922454458712,0.10275582507069603,0.522514605942916,0.6066928456404719,0.0784336052839536,0.1777;0.2998;0.2598;0.1542;0.0704;0.0264;0.0085;0.0024;0.0006;0.0002,0.1324;0.2609;0.2636;0.1820;0.0965;0.0420;0.0156;0.0051;0.0015;0.0005,3.5,"{""c"":[5.5582,4.615],""g"":[1.3172,1.3027],""k"":[1.7698,2.0753]}",,10.5,[],,,,,,,
v2,2026-10-09,2026-10-09,2026-10-09,,Championship,West Ham,QPR,5.0,5.5,10.5,10.5,0.8214894248420109,0.7205869521376317,0.6028674006491892,0.4792618715863246,0.3612747756626811,0.2580360667294931,0.17465095566807196,0.7349740847026383,0.7983008012974714,0.5867304007509917,0.12465201948308113,0.08837643235678544,0.4308877980298306,,,0.0067;0.0337;0.0842;0.1404;0.1755;0.1755;0.1462;0.1044;0.0653;0.0363;0.0181;0.0082;0.0034;0.0013;0.0005;0.0002,0.0041;0.0225;0.0618;0.1133;0.1558;0.1714;0.1571;0.1234;0.0849;0.0519;0.0285;0.0143;0.0065;0.0028;0.0011;0.0006,2.125,1.25,0.5742289426255112,0.20657795625748948,0.21919310111699936,0.6282803531847561,0.6554128554395504,0.28650479686019015,0.11943296826671965,,,,,,,,,,,,,,,,,,,,10.5,"[{""market"": ""BTTS"", ""pick"": ""Yes"", ""p"": 0.628}, {""market"": ""Goals 2.5"", ""pick"": ""Over"", ""p"": 0.655}]",,,,,,,
v3,2026-10-03,2026-10-09,2026-10-09,20:00,Championship,West Ham,QPR,5.910380971532922,4.882464553243587,10.792845524776508,10.5,0.8104765773199334,0.7178944407717667,0.6129741840918413,0.5037323854836397,0.3982209385782815,0.3029365116661102,0.2219495072992599,0.790654383404007,0.6674231239580644,0.5164210746819083,0.10425374944804199,0.18747242389752927,0.6097653217629073,0.5509628302431756,0.3526025424977234,0.0074;0.0302;0.0666;0.1051;0.1327;0.1423;0.1343;0.1143;0.0893;0.0649;0.0442;0.0285;0.0175;0.0103;0.0058;0.0065,0.0182;0.0600;0.1093;0.1451;0.1563;0.1447;0.1192;0.0893;0.0619;0.0402;0.0246;0.0144;0.0080;0.0043;0.0022;0.0021,1.8389745199861085,1.2459904480830546,0.5098058094771374,0.23451625278735055,0.25567793773551206,0.6022390116340657,0.5955736771762429,0.2876558587968648,0.15898037373874113,8,,1.0,1.6476145698982982,1.9398474798643686,3.587462049762667,0.6852215181186827,0.4777753473974146,0.29376365171651286,0.16072025953217192,0.0790753945466415,0.48567659008444036,0.5710845619744982,0.10070762938328837,0.1997;0.3146;0.2547;0.1412;0.0602;0.0211;0.0063;0.0017;0.0004;0.0001,0.1506;0.2783;0.2637;0.1708;0.0850;0.0346;0.0120;0.0037;0.0010;0.0003,3.5,"{""c"":[5.9104,4.8825],""g"":[1.839,1.246],""k"":[1.6476,1.9398]}",,10.5,"[{""market"": ""BTTS"", ""pick"": ""Yes"", ""p"": 0.602}]",,,,,,,
v3,2026-10-03,2026-10-09,2026-10-10,15:00,Championship,Blackburn,Cardiff,5.530432353931389,5.407644528424894,10.938076882356285,10.5,0.8202301664328487,0.7303948219683691,0.6275116388674595,0.5192588984005225,0.41359791563798626,0.317170172375081,0.2343453675173895,0.7489726069508231,0.734610721973386,0.5388715874692647,0.13109185386849104,0.14064091420771144,0.5131424952912231,0.4626090194961336,0.43891253395382895,0.0105;0.0395;0.0811;0.1199;0.1428;0.1452;0.1304;0.1061;0.0795;0.0556;0.0365;0.0228;0.0135;0.0077;0.0042;0.0045,0.0117;0.0429;0.0861;0.1247;0.1458;0.1456;0.1288;0.1032;0.0763;0.0526;0.0341;0.0210;0.0124;0.0070;0.0038;0.0040,1.463553186035894,1.3310199632265751,0.40025697030528384,0.2596041483468858,0.3401388813478304,0.5690938768226902,0.5292516867721875,0.26420764174342354,0.23141256031326715,8,,1.0,2.2652177931961686,2.173651398474659,4.438869191670827,0.8071999032075068,0.6367771904551184,0.45265480031918726,0.2905135151339705,0.1693230920023633,0.6523731134450171,0.6306705039623237,0.12307938681896524,0.1108;0.2368;0.2598;0.1948;0.1123;0.0531;0.0214;0.0076;0.0024;0.0009,0.1209;0.2484;0.2619;0.1889;0.1048;0.0477;0.0185;0.0063;0.0019;0.0007,3.5,"{""c"":[5.5304,5.4076],""g"":[1.4636,1.331],""k"":[2.2652,2.1737]}",,10.5,"[{""market"": ""Cards total"", ""pick"": ""Over 3.5"", ""p"": 0.637}]",,,,,,,
v3,2026-10-03,2026-10-09,2026-10-10,15:00,Championship,Bolton,Stoke,5.4132229236440095,4.664235163626966,10.077458087270976,9.5,0.7560021188182234,0.6503348813542307,0.5369258069681362,0.42509727845003903,0.32280598882986833,0.2353204424651644,0.1648989825583219,0.7402268749055156,0.6396090888496804,0.4607838870871279,0.13552394068971038,0.20657513716568648,0.5846310518562408,0.5247089938401269,0.3727954958275746,0.0107;0.0408;0.0841;0.1242;0.1471;0.1480;0.1312;0.1049;0.0770;0.0526;0.0337;0.0205;0.0118;0.0065;0.0035;0.0034,0.0207;0.0669;0.1190;0.1538;0.1610;0.1445;0.1152;0.0835;0.0559;0.0350;0.0206;0.0116;0.0062;0.0032;0.0016;0.0014,1.4904787161414104,1.2918727929417808,0.415362862788184,0.25945744490067196,0.325179692311144,0.5654475162888811,0.5263287812381383,0.27475574034484845,0.22526479183150844,8,,1.0,1.8251180193821863,2.343463466064269,4.168581485446455,0.7737969117267489,0.5900407777278447,0.40267142522673055,0.24694470251296047,0.1370908187637583,0.5384001699367772,0.6703427874160629,0.11603821292128358,0.1688;0.2928;0.2612;0.1596;0.0752;0.0291;0.0096;0.0028;0.0007;0.0002,0.1026;0.2271;0.2575;0.1995;0.1187;0.0578;0.0240;0.0087;0.0028;0.0011,3.5,"{""c"":[5.4132,4.6642],""g"":[1.4905,1.2919],""k"":[1.8251,2.3435]}",,10.5,[],,,,,,,
v3,2026-10-03,2026-10-09,2026-10-10,15:00,League 1,Bradford,Leyton Orient,6.197838442675827,4.141048259319242,10.338886701995069,10.5,0.7771808360900888,0.6761675024183443,0.5655184747955602,0.4541624160383132,0.3502035962633132,0.25945906948859204,0.1849085625054608,0.820665765180709,0.5557831112788709,0.4451659652063222,0.08558987087244463,0.27350242841435407,0.7179137151259597,0.6534048854334316,0.25673914952039306,0.0055;0.0239;0.0562;0.0937;0.1243;0.1392;0.1365;0.1202;0.0968;0.0721;0.0503;0.0331;0.0207;0.0123;0.0071;0.0080,0.0332;0.0933;0.1471;0.1707;0.1623;0.1337;0.0986;0.0665;0.0417;0.0246;0.0138;0.0073;0.0038;0.0019;0.0009;0.0007,1.5123170025063115,1.0035897752123928,0.48659246579237486,0.2659280591284613,0.24747947507916387,0.4975082384950469,0.46026068269563425,0.36656120417524257,0.22039872150674153,7,,1.0,2.2046257313325808,2.291329875767297,4.495955607099878,0.813677629853522,0.6461632511252139,0.46304749646997706,0.29988993398733826,0.17650094962999024,0.6380777872174576,0.6583136495509634,0.0910906042767986,0.1174;0.2445;0.2612;0.1909;0.1073;0.0495;0.0195;0.0067;0.0021;0.0008,0.1081;0.2336;0.2590;0.1963;0.1144;0.0547;0.0223;0.0080;0.0026;0.0010,3.5,"{""c"":[6.1978,4.141],""g"":[1.5123,1.0036],""k"":[2.2046,2.2913]}",,10.5,"[{""market"": ""Cards total"", ""pick"": ""Over 3.5"", ""p"": 0.646}, {""market"": ""Corner dominance"", ""pick"": ""Home"", ""p"": 0.653}]",,,,,,,
v3,2026-10-03,2026-10-09,2026-10-10,15:00,League 2,Bristol Rovers,Barnet,5.077409231873051,4.800342248443034,9.877751480316086,9.5,0.7388064711762748,0.6297386215303183,0.5145401525995603,0.40275245397898113,0.30212359161424285,0.21742762648123884,0.15033513172036153,0.6989579416287007,0.6605686101533568,0.4485267196210182,0.16319520260105783,0.19060503909217286,0.531979941871962,0.4758338813408351,0.4186244316294682,0.0141;0.0506;0.0985;0.1378;0.1550;0.1486;0.1257;0.0962;0.0676;0.0443;0.0273;0.0159;0.0089;0.0047;0.0024;0.0023,0.0181;0.0607;0.1118;0.1488;0.1598;0.1467;0.1192;0.0879;0.0597;0.0379;0.0226;0.0128;0.0069;0.0036;0.0018;0.0016,1.5290786896544697,1.1936779517393439,0.4466640004433179,0.25996601469317304,0.29336998486350907,0.5494509102203688,0.5119335258046162,0.3031044080696193,0.21673525579382857,7,,1.0,2.0681989871782664,2.083003879169412,4.1512028663476785,0.7714887244070625,0.5869087276545196,0.3994237990441542,0.24420083696844133,0.1351238192719066,0.6046047692203634,0.6083883133040979,0.16471927636370864,0.1336;0.2618;0.2634;0.1813;0.0959;0.0416;0.0154;0.0050;0.0015;0.0005,0.1317;0.2599;0.2633;0.1824;0.0972;0.0424;0.0158;0.0052;0.0015;0.0005,3.5,"{""c"":[5.0774,4.8003],""g"":[1.5291,1.1937],""k"":[2.0682,2.083]}",,10.5,[],,,,,,,
v3,2026-10-03,2026-10-09,2026-10-10,15:00,League 1,Cambridge Utd,Blackpool,6.877897718949518,4.470150031338248,11.348047750287765,11.5,0.8455377470465538,0.7634682271279257,0.6667345183376497,0.5619803924633918,0.4567489134115908,0.35790912142159165,0.2705337505342126,0.8686931284464485,0.6042505879376089,0.5158289223346862,0.059267816753368736,0.23669946704373543,0.735496881741866,0.6753251537600146,0.24286385631525909,0.0034;0.0158;0.0401;0.0720;0.1029;0.1242;0.1312;0.1245;0.1080;0.0867;0.0652;0.0462;0.0311;0.0200;0.0123;0.0163,0.0270;0.0792;0.1306;0.1590;0.1590;0.1379;0.1073;0.0765;0.0507;0.0317;0.0188;0.0106;0.0058;0.0030;0.0015;0.0014,1.6492518605961612,1.3326161684648994,0.44593413454164443,0.24722839222386955,0.306837473234486,0.5980609034516724,0.5727353480878432,0.26378624852616905,0.19219364248467644,7,,1.0,1.5500359943493474,1.705676018594673,3.2557120129440205,0.623516989924956,0.40802949236189007,0.23348034063382742,0.1182355549493562,0.053653403273298476,0.4549972275365551,0.5037408358580616,0.06682519804400533,0.2191;0.3259;0.2489;0.1301;0.0523;0.0173;0.0049;0.0012;0.0003;0.0001,0.1885;0.3078;0.2579;0.1477;0.0650;0.0234;0.0072;0.0019;0.0005;0.0001,3.5,"{""c"":[6.8779,4.4702],""g"":[1.6493,1.3326],""k"":[1.55,1.7057]}",,10.5,"[{""market"": ""Corner dominance"", ""pick"": ""Home"", ""p"": 0.675}]",,,,,,,
v3,2026-10-03,2026-10-09,2026-10-10,12:30,Championship,Charlton,Bristol City,5.163490071182774,5.228000654869883,10.391490726052657,10.5,0.781262622276881,0.6812076814922515,0.571165823310385,0.4599735412749932,0.3557483716056187,0.264403916602378,0.1890574608126255,0.7073646016834246,0.715616141148245,0.4938443710931168,0.1582991491138623,0.1526159906979361,0.49282340958838355,0.44249667723219044,0.4553841227114911,0.0137;0.0490;0.0955;0.1343;0.1522;0.1473;0.1261;0.0978;0.0699;0.0466;0.0292;0.0174;0.0099;0.0054;0.0028;0.0027,0.0130;0.0470;0.0927;0.1318;0.1509;0.1474;0.1273;0.0996;0.0717;0.0481;0.0304;0.0182;0.0104;0.0057;0.0030;0.0030,1.1920049171145435,1.3332163303477482,0.32888281946863623,0.2752789243225861,0.3958382562087777,0.5166167005528906,0.46264002065933607,0.26362798157223105,0.3036119366773334,8,,1.0,1.9690243762193858,1.9500985256024066,3.919122901821792,0.7387057652014806,0.5436810128897521,0.35585675685662316,0.20841466061713804,0.110176776501218,0.578724016730999,0.5735999990338354,0.10948949260379992,0.1467;0.2746;0.2637;0.1732;0.0875;0.0362;0.0128;0.0040;0.0011;0.0004,0.1494;0.2770;0.2635;0.1715;0.0858;0.0352;0.0123;0.0038;0.0010;0.0003,3.5,"{""c"":[5.1635,5.228],""g"":[1.192,1.3332],""k"":[1.969,1.9501]}",,10.5,[],,,,,,,
v3,2026-10-03,2026-10-09,2026-10-10,15:00,League 2,Cheltenham,Salford,4.881338685223848,5.435684521486951,10.317023206710799,10.5,0.7754667754709195,0.6740570183146883,0.5631604931717407,0.4517429736606705,0.34790163644133254,0.25741203620399983,0.18319593627461705,0.6697603312852658,0.7415064929868029,0.4842563228448457,0.1848182986690032,0.1350613562442635,0.43823755562670696,0.3936785755568097,0.5046437395944439,0.0175;0.0588;0.1086;0.1454;0.1575;0.1461;0.1202;0.0899;0.0620;0.0399;0.0243;0.0140;0.0077;0.0041;0.0021;0.0019,0.0107;0.0407;0.0836;0.1234;0.1462;0.1472;0.1308;0.1050;0.0775;0.0532;0.0343;0.0210;0.0122;0.0068;0.0036;0.0037,1.2974322859487917,1.328204589646275,0.35789370072371235,0.26985602822413746,0.37225027105215014,0.5379512096398865,0.48798721817268914,0.26495253303931765,0.2732324759400828,8,,1.0,1.8142324861876784,1.9271027120745392,3.7413351982622176,0.7110344617795384,0.5089074379636134,0.3224591382775735,0.18227452425676458,0.09281430528508747,0.5355888493932617,0.5674599746880731,0.14974282435224084,0.1701;0.2943;0.2613;0.1588;0.0742;0.0284;0.0093;0.0027;0.0007;0.0002,0.1526;0.2799;0.2635;0.1695;0.0839;0.0340;0.0118;0.0036;0.0010;0.0003,3.5,"{""c"":[4.8813,5.4357],""g"":[1.2974,1.3282],""k"":[1.8142,1.9271]}",,10.5,[],,,,,,,
v3,2026-10-03,2026-10-09,2026-10-10,15:00,League 2,Crawley,Chesterfield,4.761197326414979,5.399191677948999,10.160389004363978,9.5,0.7628827403235638,0.6586698867708085,0.5460877581371372,0.43434613494888896,0.3314635814125708,0.24289491513286474,0.17113374095845788,0.6534393088962609,0.7380620930788835,0.4696788640226248,0.19644755343424886,0.13709192298631012,0.4282002508649,0.3843408601183109,0.5132318511120079,0.0191;0.0631;0.1142;0.1501;0.1596;0.1454;0.1176;0.0864;0.0586;0.0371;0.0222;0.0126;0.0068;0.0036;0.0018;0.0016,0.0109;0.0413;0.0848;0.1248;0.1473;0.1478;0.1307;0.1044;0.0766;0.0523;0.0335;0.0203;0.0117;0.0065;0.0035;0.0034,1.2948816397492087,1.4776621539248704,0.3283203108380848,0.260212335682383,0.4114673534795322,0.5639898120804926,0.5239759048009509,0.2281704928248668,0.27393028486997273,7,,1.0,2.293582655613464,2.2905305909982374,4.584113246611702,0.8233049170916223,0.6603202458115852,0.47895598180221516,0.3144564932680663,0.1878181938988428,0.6587428441065081,0.6580474935503139,0.1802513393612818,0.1079;0.2333;0.2589;0.1964;0.1146;0.0548;0.0224;0.0080;0.0026;0.0010,0.1082;0.2337;0.2590;0.1962;0.1144;0.0546;0.0223;0.0080;0.0026;0.0010,3.5,"{""c"":[4.7612,5.3992],""g"":[1.2949,1.4777],""k"":[2.2936,2.2905]}",,10.5,"[{""market"": ""Cards total"", ""pick"": ""Over 3.5"", ""p"": 0.66}]",,,,,,,
v3,2026-10-03,2026-10-09,2026-10-10,15:00,Championship,Derby,Wrexham,5.578504125079906,4.456738777859909,10.035242902939814,9.5,0.7524411930272127,0.6460425430609883,0.5322308924448116,0.42038122978735765,0.31841323607860306,0.23149624547849157,0.16176674583307746,0.7597038108065688,0.6081145781740566,0.44953004913318595,0.12275540792263588,0.23058941464889984,0.6259816899014341,0.5630658870279774,0.3364266957608845,0.0092;0.0363;0.0773;0.1175;0.1429;0.1473;0.1335;0.1090;0.0816;0.0567;0.0370;0.0228;0.0134;0.0075;0.0040;0.0041,0.0247;0.0761;0.1298;0.1613;0.1629;0.1414;0.1093;0.0769;0.0501;0.0305;0.0176;0.0096;0.0051;0.0025;0.0012;0.0011,1.3962414084287134,1.3063506976572752,0.3881639489326202,0.2650694627429306,0.34676658832444923,0.5523673863159964,0.5070102683385451,0.2708065101879028,0.2475255652350832,8,,1.0,1.9652114965425476,1.7561783192818659,3.7213898158244136,0.7077872147742372,0.504923543308634,0.3187242259147719,0.17942145182320257,0.09096507853974291,0.5778642635752826,0.5185729023584139,0.10426420513723134,0.1471;0.2751;0.2638;0.1729;0.0871;0.0360;0.0127;0.0039;0.0011;0.0004,0.1799;0.3015;0.2595;0.1528;0.0693;0.0258;0.0082;0.0023;0.0006;0.0002,3.5,"{""c"":[5.5785,4.4567],""g"":[1.3962,1.3064],""k"":[1.9652,1.7562]}",,10.5,[],,,,,,,
v3,2026-10-03,2026-10-09,2026-10-10,15:00,League 1,Doncaster,Burton,5.046633851602404,4.487431956622921,9.534065808225325,9.5,0.7071186815086564,0.5926212142920552,0.47508579086102304,0.3642349415884232,0.2672530808483486,0.18792012954491866,0.1268417128111914,0.6967752430417496,0.6152778102202389,0.41515550145977353,0.1640600349676556,0.22382443461161444,0.5660387689457835,0.5053131241137107,0.3874050991536265,0.0141;0.0508;0.0992;0.1392;0.1564;0.1495;0.1259;0.0957;0.0669;0.0434;0.0265;0.0153;0.0084;0.0044;0.0022;0.0020,0.0231;0.0732;0.1275;0.1609;0.1642;0.1434;0.1112;0.0782;0.0508;0.0308;0.0176;0.0096;0.0050;0.0025;0.0012;0.0010,1.4539290006368324,1.1242856599856053,0.44297404343864993,0.2683614041419672,0.2886645524193828,0.5210969925647129,0.4760876885200429,0.3248844624583821,0.23365046944978748,7,,1.0,1.9108843126635313,1.8560285101959346,3.766912822859466,0.7151560760028942,0.5139927313403655,0.3272536600236719,0.18595780601838968,0.09521518353336307,0.5629607946222943,0.5475624143301189,0.07690436714134363,0.1550;0.2820;0.2632;0.1680;0.0825;0.0332;0.0114;0.0034;0.0009;0.0003,0.1634;0.2890;0.2623;0.1628;0.0778;0.0305;0.0102;0.0030;0.0008;0.0002,3.5,"{""c"":[5.0466,4.4874],""g"":[1.4539,1.1243],""k"":[1.9109,1.856]}",,10.5,"[{""market"": ""Corners total"", ""pick"": ""Under 10.5"", ""p"": 0.636}]",,,,,,,
v3,2026-10-03,2026-10-09,2026-10-10,15:00,League 2,Fleetwood,Walsall,6.203500426568239,4.75594272052521,10.959443147093449,10.5,0.8216295007470619,0.7321991008682535,0.6296226390060028,0.5215271403180424,0.41585786159485993,0.31927468447540813,0.2361891738625083,0.8175855628959319,0.6486318021750228,0.5196392678085587,0.0880909184406354,0.2017040327715248,0.6510327907377155,0.5907128070356067,0.31663443482335185,0.0058;0.0249;0.0574;0.0943;0.1239;0.1379;0.1348;0.1188;0.0959;0.0719;0.0506;0.0336;0.0212;0.0128;0.0074;0.0087,0.0205;0.0654;0.1157;0.1497;0.1576;0.1430;0.1158;0.0854;0.0584;0.0375;0.0227;0.0131;0.0073;0.0039;0.0020;0.0019,1.4166167620498256,1.1142139656148495,0.4354301812072357,0.2719440761611683,0.2926257426315961,0.5126554776148493,0.464070718106576,0.3281731329120036,0.24253317785895515,8,,1.0,1.8276907466639423,2.1260395273232255,3.953730273987168,0.7438300604654796,0.5502880038723796,0.3623663648982601,0.21364063510605052,0.1137365816458392,0.5393089319477944,0.6194058241070229,0.15753690249413987,0.1682;0.2925;0.2615;0.1600;0.0754;0.0291;0.0096;0.0028;0.0007;0.0002,0.1262;0.2544;0.2630;0.1858;0.1008;0.0448;0.0170;0.0057;0.0017;0.0006,3.5,"{""c"":[6.2035,4.7559],""g"":[1.4166,1.1142],""k"":[1.8277,2.126]}",,10.5,[],,,,,,,
v3,2026-10-03,2026-10-09,2026-10-10,15:00,League 1,Huddersfield,Sheffield Wed,5.850720219918849,4.730410852339565,10.581131072258415,10.5,0.7954868881346806,0.6989332595563236,0.5912096529773924,0.48078894617503126,0.37579327369624865,0.2824455166748468,0.20433537311686326,0.785833249144715,0.6468266466069154,0.4967112579222645,0.10697759572653044,0.20225964652920386,0.6210863779239695,0.5607626719932003,0.34211121467550104,0.0077;0.0311;0.0682;0.1072;0.1346;0.1434;0.1345;0.1137;0.0881;0.0635;0.0429;0.0274;0.0167;0.0097;0.0054;0.0059,0.0204;0.0655;0.1164;0.1509;0.1589;0.1438;0.1159;0.0850;0.0577;0.0367;0.0220;0.0126;0.0069;0.0036;0.0018;0.0017,1.5845813414624386,1.3509401168544635,0.42626131606264134,0.25101791231326703,0.3227207716240916,0.5924830363137866,0.5622099548719662,0.25899665903243574,0.20503361422375607,7,,1.0,1.5894978054579563,2.2017170498256373,3.7912148552835934,0.7190279757992951,0.5187994335586636,0.33181351230112727,0.18948244417929944,0.0975268421025065,0.46729491792354355,0.6380408921803832,0.07738080186562657,0.2115;0.3212;0.2511;0.1345;0.0556;0.0189;0.0055;0.0014;0.0003;0.0001,0.1172;0.2447;0.2618;0.1912;0.1072;0.0492;0.0193;0.0066;0.0020;0.0008,3.5,"{""c"":[5.8507,4.7304],""g"":[1.5846,1.3509],""k"":[1.5895,2.2017]}",,10.5,[],,,,,,,
v3,2026-10-03,2026-10-09,2026-10-10,15:00,League 1,Leicester,Peterborough,6.755225851041535,4.696240999496933,11.451466850538468,11.5,0.8514235157032898,0.7713003593502125,0.6761916831444097,0.5724676067429992,0.46753263375503723,0.36827302829949515,0.2799048513708476,0.8595023937624543,0.637580969616422,0.538716222748989,0.06441463771438204,0.21106756053876646,0.7034525368237051,0.6436534948129374,0.2713385780271465,0.0038;0.0174;0.0432;0.0761;0.1068;0.1267;0.1319;0.1235;0.1058;0.0840;0.0625;0.0439;0.0293;0.0187;0.0114;0.0150,0.0225;0.0692;0.1194;0.1514;0.1570;0.1410;0.1132;0.0832;0.0568;0.0364;0.0222;0.0129;0.0072;0.0038;0.0020;0.0019,1.7868934786520954,1.2582829536657911,0.49499181421161315,0.2384881866400595,0.2665199991483273,0.5991767069466684,0.5868547505468512,0.2841414919868051,0.1674796414556993,7,,1.0,1.7477788693905465,1.9563873110350933,3.7041661804256396,0.7049595796808552,0.5014705312962527,0.3155020247990532,0.1769714478447615,0.08938446498642846,0.51608598655057,0.5754904716249483,0.07567309831833768,0.1814;0.3025;0.2592;0.1520;0.0686;0.0254;0.0080;0.0022;0.0006;0.0002,0.1483;0.2762;0.2638;0.1722;0.0864;0.0355;0.0125;0.0038;0.0011;0.0003,3.5,"{""c"":[6.7552,4.6962],""g"":[1.7869,1.2583],""k"":[1.7478,1.9564]}",,10.5,[],,,,,,,
v3,2026-10-03,2026-10-09,2026-10-10,15:00,League 1,MK Dons,Reading,5.354558890467105,5.125971807530947,10.480530697998052,10.5,0.7880363551945434,0.68961711128359,0.5806392916164755,0.4697745224414109,0.3651507829341571,0.27283445288463337,0.19616932138680127,0.7308204539346465,0.7019967204444693,0.5008539508957222,0.1424497984869405,0.16219055364650908,0.5252524502966909,0.47201091176601145,0.4266253754124574,0.0117;0.0434;0.0874;0.1267;0.1478;0.1470;0.1292;0.1027;0.0751;0.0512;0.0328;0.0200;0.0116;0.0064;0.0034;0.0035,0.0143;0.0505;0.0974;0.1358;0.1528;0.1469;0.1252;0.0967;0.0688;0.0457;0.0286;0.0170;0.0096;0.0052;0.0027;0.0027,1.3268141663549977,1.5262047937547922,0.3273760325199879,0.2557078985627685,0.4169160689172436,0.5784931754947871,0.5430880118823945,0.21735902625312828,0.26532118544439137,7,,1.0,1.483598847204443,1.8062654399151967,3.2898642871196397,0.6302542154302229,0.41534161207136133,0.23954474464953127,0.12233377570680501,0.056003307343504116,0.4333129999704236,0.5336262535788067,0.06750198395943663,0.2338;0.3329;0.2437;0.1222;0.0472;0.0150;0.0041;0.0010;0.0002;0.0000,0.1710;0.2954;0.2615;0.1582;0.0735;0.0280;0.0091;0.0026;0.0007;0.0002,3.5,"{""c"":[5.3546,5.126],""g"":[1.3268,1.5262],""k"":[1.4836,1.8063]}",,10.5,[],,,,,,,
v3,2026-10-03,2026-10-09,2026-10-10,15:00,League 1,Mansfield,Bromley,6.025016441131969,4.221158232515216,10.246174673647186,9.5,0.7698411117655906,0.6671550578397161,0.5554767192697148,0.44388710511008367,0.3404539323479274,0.2508127598859568,0.17769442863296045,0.8051288275590243,0.5693963350619198,0.4470298696501147,0.09473604113201882,0.26203835589064206,0.6946131675731653,0.6299276600771211,0.27694783477990564,0.0063;0.0269;0.0615;0.1001;0.1297;0.1420;0.1363;0.1176;0.0928;0.0679;0.0465;0.0301;0.0185;0.0108;0.0061;0.0067,0.0308;0.0886;0.1426;0.1686;0.1628;0.1359;0.1014;0.0692;0.0438;0.0260;0.0147;0.0079;0.0041;0.0020;0.0010;0.0008,1.758294689817754,1.1494870994043793,0.5130026927871532,0.24156020290193944,0.2454371043109074,0.5687694070130576,0.5558351178732767,0.31679921422213037,0.17233850398374825,7,,1.0,1.7725455497713822,1.878828686360103,3.651374236131485,0.6961562445605604,0.4908148759210016,0.3056460695852393,0.1695432636666296,0.08463420733158934,0.5234706663519352,0.5541038176333404,0.07463589710841934,0.1770;0.2995;0.2601;0.1546;0.0707;0.0265;0.0085;0.0024;0.0006;0.0002,0.1598;0.2861;0.2628;0.1651;0.0797;0.0316;0.0107;0.0032;0.0008;0.0003,3.5,"{""c"":[6.025,4.2212],""g"":[1.7583,1.1495],""k"":[1.7725,1.8788]}",,10.5,[],,,,,,,
v3,2026-10-03,2026-10-09,2026-10-10,15:00,Championship,Middlesbrough,Wolves,6.189631131786903,4.869383525832578,11.059014657619482,10.5,0.8280320694752628,0.7404900708376109,0.6393649182971153,0.5320403194320029,0.42637788869276,0.3291135739170569,0.2448465750350219,0.8157636386121433,0.6642226381760787,0.5312497927412325,0.0892857843315733,0.19034476242476467,0.6374048432410359,0.5780901152788039,0.3288532840517813,0.0060;0.0253;0.0580;0.0950;0.1242;0.1379;0.1346;0.1184;0.0955;0.0715;0.0503;0.0334;0.0211;0.0128;0.0074;0.0087,0.0188;0.0612;0.1104;0.1454;0.1559;0.1439;0.1183;0.0887;0.0615;0.0400;0.0246;0.0144;0.0081;0.0044;0.0023;0.0022,1.6277827887021372,1.3471173002498396,0.43762257320770165,0.24828210017531754,0.31409532661698075,0.598057872375568,0.5711630316820135,0.2599886506540744,0.19636447334581514,7,,1.0,1.5921421228569794,1.8725474491011813,3.4646895719581607,0.6633569173255848,0.4523329173617003,0.27113841837578306,0.14432475652693372,0.06899357800550705,0.46833818966545737,0.5524851465567701,0.09743488775527276,0.2106;0.3211;0.2515;0.1349;0.0557;0.0189;0.0055;0.0014;0.0003;0.0001,0.1606;0.2869;0.2629;0.1646;0.0792;0.0312;0.0105;0.0031;0.0008;0.0002,3.5,"{""c"":[6.1896,4.8694],""g"":[1.6278,1.3471],""k"":[1.5921,1.8725]}",,10.5,[],,,,,,,
v3,2026-10-03,2026-10-09,2026-10-10,15:00,League 2,Newport,Colchester,5.356679676249418,4.599629669513167,9.956309345762584,9.5,0.7456767556584744,0.6379280557215672,0.5233981766092075,0.41155154279109657,0.3102284885099909,0.22440518283870844,0.1559867274700284,0.7341076449068709,0.630506752773425,0.4500063021672056,0.1393854645570336,0.2131754031531165,0.5862914695886935,0.5257321676945778,0.37097569002574615,0.0111;0.0421;0.0862;0.1265;0.1487;0.1485;0.1306;0.1037;0.0755;0.0512;0.0325;0.0196;0.0112;0.0062;0.0032;0.0032,0.0217;0.0693;0.1222;0.1563;0.1620;0.1440;0.1136;0.0815;0.0540;0.0335;0.0196;0.0109;0.0058;0.0029;0.0014;0.0013,1.4322174621560488,1.1809189824912905,0.42453039660371744,0.2681158219052154,0.3073537814910671,0.5312483891894533,0.48486323724342856,0.3069964845335484,0.2387788516879754,8,,1.0,2.01180759683582,2.14325385335596,4.155061450191781,0.7720029378721982,0.587605434646038,0.40014513249505657,0.24480936546336304,0.13555940123096524,0.5899294979319312,0.6234898931452766,0.16485900719847335,0.1410;0.2691;0.2636;0.1767;0.0911;0.0385;0.0139;0.0044;0.0013;0.0004,0.1243;0.2522;0.2626;0.1869;0.1023;0.0459;0.0176;0.0059;0.0018;0.0006,3.5,"{""c"":[5.3567,4.5996],""g"":[1.4322,1.1809],""k"":[2.0118,2.1433]}",,10.5,[],,,,,,,
v3,2026-10-03,2026-10-09,2026-10-10,12:30,League 1,Notts County,Oxford Utd,5.688117745390955,4.764489940987157,10.452607686378112,10.5,0.7859303314703978,0.6869964286464205,0.5776801340855756,0.4667059361889666,0.36220014288413127,0.27018266428466253,0.19392713275148013,0.7694021065810461,0.6524194177142963,0.4900282022002359,0.11715324708143322,0.19782199458705013,0.6012221603538173,0.5416351284946326,0.35925503193438774,0.0087;0.0345;0.0739;0.1134;0.1393;0.1453;0.1335;0.1106;0.0841;0.0595;0.0395;0.0248;0.0148;0.0085;0.0046;0.0049,0.0196;0.0637;0.1145;0.1498;0.1588;0.1446;0.1171;0.0862;0.0587;0.0374;0.0225;0.0129;0.0070;0.0037;0.0019;0.0017,1.3828097064887304,1.3794303363879725,0.36975989524685937,0.262022125775448,0.36821797897769265,0.5641693062339516,0.5214970944895011,0.2517219090354659,0.25087268327462797,6,,1.0,1.9532341799107442,2.3693895922740484,4.322623772184793,0.7933980750105786,0.6171372969789587,0.4312976976336505,0.2715889458662339,0.155094061693261,0.5741105615637175,0.6758953646759044,0.08773767061093851,0.1493;0.2766;0.2632;0.1716;0.0861;0.0355;0.0125;0.0039;0.0011;0.0004,0.1002;0.2239;0.2565;0.2008;0.1207;0.0594;0.0250;0.0092;0.0030;0.0012,3.5,"{""c"":[5.6881,4.7645],""g"":[1.3828,1.3794],""k"":[1.9532,2.3694]}",,10.5,"[{""market"": ""Cards total"", ""pick"": ""Over 3.5"", ""p"": 0.617}]",,,,,,,
v3,2026-10-03,2026-10-09,2026-10-10,12:30,League 2,Oldham,Accrington,6.2773252540300035,3.9389654063557282,10.21629066038573,9.5,0.7674354058599393,0.6642150588753335,0.5522164434998398,0.4405667989994488,0.3373184122033848,0.24804527110964308,0.17539630834594708,0.8284195978160167,0.5219444708370755,0.4217175663585001,0.08092739931704844,0.3018331297021762,0.7459738459009551,0.6811485689425655,0.23195123031367196,0.0050;0.0224;0.0535;0.0907;0.1219;0.1381;0.1369;0.1217;0.0988;0.0742;0.0521;0.0345;0.0216;0.0130;0.0074;0.0085,0.0391;0.1047;0.1580;0.1762;0.1615;0.1284;0.0917;0.0600;0.0365;0.0209;0.0114;0.0059;0.0030;0.0014;0.0007;0.0005,1.66713874516151,1.1298354265595938,0.4956616291580786,0.24963838764011526,0.2546999832018061,0.5525681132332315,0.5298247217778839,0.3230864234914517,0.18878645977017972,8,,1.0,1.4653713729667561,2.7637323009181793,4.229103673884936,0.7816805603541596,0.6008304016671083,0.41395562875156505,0.25656084367051607,0.14404396303271297,0.42679765727326,0.7529142658539433,0.16753577384112928,0.2390;0.3342;0.2413;0.1198;0.0460;0.0145;0.0039;0.0009;0.0002;0.0000,0.0687;0.1784;0.2369;0.2145;0.1490;0.0846;0.0409;0.0173;0.0065;0.0032,3.5,"{""c"":[6.2773,3.939],""g"":[1.6671,1.1298],""k"":[1.4654,2.7637]}",,10.5,"[{""market"": ""Cards total"", ""pick"": ""Over 3.5"", ""p"": 0.601}, {""market"": ""Corner dominance"", ""pick"": ""Home"", ""p"": 0.681}]",,,,,,,
v3,2026-10-03,2026-10-09,2026-10-10,12:30,League 1,Plymouth,AFC Wimbledon,6.341428020299421,4.534476918681685,10.875904938981106,10.5,0.8161066500473828,0.7250939994074472,0.6213283169776924,0.5126349398868757,0.4070179812254572,0.31106116206273315,0.22900917735897167,0.830146182059753,0.6162232937627102,0.5010842828736215,0.08060730694338544,0.22624024673787402,0.6870349628375133,0.6252193166101652,0.28480615578785634,0.0051;0.0225;0.0530;0.0892;0.1197;0.1357;0.1350;0.1209;0.0990;0.0752;0.0536;0.0360;0.0230;0.0140;0.0082;0.0098,0.0246;0.0748;0.1268;0.1575;0.1599;0.1403;0.1100;0.0788;0.0524;0.0327;0.0193;0.0109;0.0059;0.0031;0.0015;0.0014,1.7396987109632194,1.006148271608433,0.5425450149893235,0.24315737276865587,0.21429761224202062,0.5263669989829991,0.5175388299298522,0.365624557370103,0.17557329095667376,8,,1.0,1.8123611101558488,2.046009905257298,3.858371015413147,0.729505476580838,0.5319522523348056,0.34443087978274795,0.19934494862979638,0.10406807166435572,0.534955817675419,0.5991403082581147,0.07869610182025522,0.1706;0.2945;0.2611;0.1585;0.0741;0.0284;0.0093;0.0027;0.0007;0.0002,0.1362;0.2647;0.2638;0.1797;0.0940;0.0403;0.0148;0.0047;0.0014;0.0005,3.5,"{""c"":[6.3414,4.5345],""g"":[1.7397,1.0061],""k"":[1.8124,2.046]}",,10.5,[],,,,,,,
v3,2026-10-03,2026-10-09,2026-10-10,15:00,League 2,Port Vale,Grimsby,5.052124795113726,4.947505383434327,9.999630178548053,9.5,0.7494064301809897,0.6423957581438674,0.5282544183824421,0.41639921485493586,0.31471567468518147,0.2282872226831123,0.159146506734704,0.6949008708416261,0.6806712341558833,0.45997870399423263,0.1662617105872636,0.17632983073159758,0.51197645515444,0.45828474084194704,0.4368438070200897,0.0146;0.0518;0.0999;0.1388;0.1553;0.1481;0.1249;0.0953;0.0669;0.0438;0.0270;0.0157;0.0088;0.0047;0.0024;0.0022,0.0160;0.0555;0.1048;0.1430;0.1572;0.1475;0.1225;0.0922;0.0639;0.0413;0.0251;0.0145;0.0080;0.0042;0.0021;0.0020,1.1455894674130476,1.2378768055192084,0.33494236411827566,0.28523037359135156,0.37982726229037284,0.48811839825388126,0.42596563588363756,0.2899992896407686,0.3180363904368913,7,,1.0,2.0111448126412492,1.9002759305112211,3.9114207431524703,0.7375538385955009,0.5422031665018805,0.3544079414568156,0.20725733424463672,0.10939236697802583,0.5899670670701717,0.5598944911643408,0.15599002584223565,0.1409;0.2691;0.2638;0.1768;0.0911;0.0385;0.0139;0.0044;0.0012;0.0004,0.1568;0.2834;0.2630;0.1670;0.0816;0.0327;0.0112;0.0034;0.0009;0.0003,3.5,"{""c"":[5.0521,4.9475],""g"":[1.1456,1.2379],""k"":[2.0111,1.9003]}",,10.5,[],,,,,,,
v3,2026-10-03,2026-10-09,2026-10-10,15:00,Championship,Preston,Millwall,6.292580261444231,5.3216409037695085,11.614221165213738,11.5,0.8602978461343808,0.7832159881526375,0.690709623179058,0.5887123857332945,0.4843878545203617,0.3846187474366854,0.2948186536666607,0.8217679960181312,0.7204605645324699,0.5822747295851198,0.08629444919185446,0.15133772276354399,0.5983437371975113,0.5432369783024973,0.3646641904251641,0.0058;0.0245;0.0560;0.0919;0.1209;0.1352;0.1332;0.1185;0.0968;0.0736;0.0525;0.0355;0.0228;0.0141;0.0083;0.0103,0.0134;0.0470;0.0910;0.1282;0.1466;0.1440;0.1258;0.1000;0.0735;0.0506;0.0329;0.0203;0.0120;0.0068;0.0038;0.0040,1.35359579774253,1.4932841286593346,0.3402032819222313,0.25675272566076457,0.40304399241700406,0.5786001937517561,0.5416458071711185,0.2246337167914631,0.2583097590522498,8,,1.0,2.0460213702981935,1.6530556716714389,3.699077041969632,0.7041199072761165,0.5004480178969104,0.31455052796452526,0.17625000045981695,0.08892032805164497,0.5992846045651234,0.48728988545243324,0.10367264677663279,0.1361;0.2647;0.2639;0.1798;0.0941;0.0403;0.0147;0.0047;0.0014;0.0005,0.1988;0.3139;0.2549;0.1417;0.0607;0.0213;0.0064;0.0017;0.0004;0.0001,3.5,"{""c"":[6.2926,5.3216],""g"":[1.3536,1.4933],""k"":[2.046,1.6531]}",,10.5,"[{""market"": ""Corners total"", ""pick"": ""Over 10.5"", ""p"": 0.589}]",,,,,,,
v3,2026-10-03,2026-10-09,2026-10-10,15:00,League 2,Rotherham,Gillingham,5.408797659140337,3.9544878297009287,9.363285488841266,9.5,0.6903824007658398,0.5734343553836136,0.45512586756107054,0.3451654978713054,0.25035908422456193,0.17393137260617575,0.11594378316150039,0.7439218077710521,0.5275683585818779,0.37959195416803815,0.1319302102095039,0.2945262181676214,0.6695520451934622,0.6013088836527272,0.29676750632974724,0.0100;0.0392;0.0827;0.1241;0.1484;0.1501;0.1331;0.1061;0.0774;0.0523;0.0332;0.0198;0.0113;0.0061;0.0032;0.0030,0.0364;0.1013;0.1569;0.1779;0.1644;0.1311;0.0932;0.0605;0.0364;0.0205;0.0109;0.0056;0.0027;0.0013;0.0006;0.0004,1.5582531693349144,1.0482340381642634,0.48770416132596045,0.2606888090457602,0.2516070296282793,0.5163496244317217,0.48319778129402824,0.35055627180395943,0.21050346412697124,8,,1.0,1.679531555592181,2.3862054316924626,4.065736987284644,0.7598440558624981,0.5712892605846378,0.38341355988908427,0.23082867228268872,0.12564698954604767,0.4951984131394505,0.6797979376128725,0.16161830098554253,0.1941;0.3107;0.2559;0.1445;0.0629;0.0225;0.0069;0.0019;0.0004;0.0001,0.0984;0.2218;0.2561;0.2018;0.1221;0.0605;0.0255;0.0094;0.0031;0.0013,3.5,"{""c"":[5.4088,3.9545],""g"":[1.5583,1.0482],""k"":[1.6795,2.3862]}",,10.5,[],,,,,,,
v3,2026-10-03,2026-10-09,2026-10-10,15:00,Championship,Sheffield Utd,Lincoln,6.095207746790823,4.8928679318621136,10.988075678652937,10.5,0.8234905602105971,0.7346030185045445,0.6324402523120629,0.5245600521190159,0.4188850943272538,0.32209876189714476,0.2386678395690375,0.8074696240805763,0.6678594275115507,0.5284648367095803,0.09419293387087542,0.1875391581834528,0.6261470028063509,0.5671391821745403,0.33862125368582247,0.0064;0.0269;0.0608;0.0983;0.1271;0.1394;0.1346;0.1171;0.0935;0.0693;0.0482;0.0317;0.0199;0.0119;0.0068;0.0079,0.0183;0.0601;0.1091;0.1446;0.1557;0.1442;0.1190;0.0894;0.0622;0.0405;0.0250;0.0146;0.0082;0.0044;0.0023;0.0022,1.4252299033353863,1.2190281055784795,0.41431740146972257,0.2671019510543587,0.3185806474759187,0.5387913219404729,0.49262356002538976,0.2955172389555684,0.24045317586607762,8,,1.0,1.5675140814921933,2.4870922759127168,4.05460635740491,0.7582912423736099,0.5692289135860743,0.3813245483942444,0.2291028326452452,0.12443721519486824,0.4601299888192281,0.7010115857766737,0.1130521647160283,0.2163;0.3236;0.2494;0.1319;0.0539;0.0181;0.0052;0.0013;0.0003;0.0001,0.0893;0.2096;0.2518;0.2064;0.1298;0.0668;0.0293;0.0112;0.0039;0.0017,3.5,"{""c"":[6.0952,4.8929],""g"":[1.4252,1.219],""k"":[1.5675,2.4871]}",,10.5,[],,,,,,,
v3,2026-10-03,2026-10-09,2026-10-10,15:00,League 2,Shrewsbury,Exeter,5.2990354575938925,3.9276828370789083,9.2267182946728,8.5,0.6765275612986492,0.5577601639055971,0.4390351185048511,0.3299953800603712,0.23709692384086817,0.16309486480110802,0.10761311215626213,0.7313011045272927,0.5233466109163007,0.36962006523939733,0.1400098992888809,0.2977300620916825,0.662077975080146,0.593428563818065,0.3028836322585817,0.0109;0.0420;0.0871;0.1287;0.1515;0.1508;0.1317;0.1034;0.0743;0.0495;0.0309;0.0182;0.0102;0.0055;0.0028;0.0026,0.0369;0.1025;0.1584;0.1789;0.1647;0.1306;0.0924;0.0596;0.0356;0.0199;0.0106;0.0053;0.0026;0.0012;0.0005;0.0004,1.2718733437771983,0.9852023982510825,0.425641135267044,0.29093608223875916,0.2834227824941969,0.45492059525182366,0.39254773477947097,0.37336365113870607,0.28030602007733163,8,,1.0,1.963872961587476,1.8075972666092799,3.7714702281967556,0.715885452897992,0.5148960089156097,0.32810847014245365,0.1866169450696466,0.09564643299656621,0.5774598728406286,0.533640823467119,0.15085303764374858,0.1473;0.2752;0.2638;0.1728;0.0870;0.0359;0.0126;0.0039;0.0011;0.0004,0.1713;0.2951;0.2611;0.1581;0.0736;0.0281;0.0092;0.0026;0.0007;0.0002,3.5,"{""c"":[5.299,3.9277],""g"":[1.2719,0.9852],""k"":[1.9639,1.8076]}",,10.5,"[{""market"": ""Goals 2.5"", ""pick"": ""Under"", ""p"": 0.607}]",,,,,,,
v3,2026-10-03,2026-10-09,2026-10-10,15:00,League 1,Stevenage,Wigan,5.039154778718731,4.574634293758479,9.61378907247721,9.5,0.7147063409912104,0.6014132794866665,0.48433017367630155,0.37316147862503946,0.2752458491136058,0.19460907528248653,0.13210831091111463,0.695317179388621,0.628388035379027,0.4234314202099039,0.16523116116919634,0.2139904852087995,0.5545971488406272,0.4952395314530193,0.39773211920963986,0.0143;0.0512;0.0997;0.1395;0.1564;0.1492;0.1255;0.0954;0.0666;0.0433;0.0264;0.0153;0.0084;0.0044;0.0022;0.0020,0.0215;0.0695;0.1230;0.1576;0.1632;0.1446;0.1136;0.0810;0.0533;0.0327;0.0189;0.0104;0.0055;0.0027;0.0013;0.0011,1.3463255196693569,1.036449226520318,0.4343986628814904,0.2813441731969837,0.2842571639215259,0.48125120409528815,0.425784462288326,0.3547119502862971,0.2601945861359071,7,,1.0,1.8189808725885352,2.0706500072301406,3.889630879818676,0.7342722329121256,0.5380078071533975,0.35030937424239356,0.2039948017484685,0.10718881807200088,0.5368472351561294,0.6054671839194317,0.07930770821852895,0.1695;0.2936;0.2613;0.1592;0.0746;0.0287;0.0094;0.0027;0.0007;0.0002,0.1330;0.2615;0.2636;0.1816;0.0961;0.0417;0.0154;0.0050;0.0015;0.0005,3.5,"{""c"":[5.0392,4.5746],""g"":[1.3463,1.0364],""k"":[1.819,2.0707]}",,10.5,"[{""market"": ""Corners total"", ""pick"": ""Under 10.5"", ""p"": 0.627}]",,,,,,,
v3,2026-10-03,2026-10-09,2026-10-10,15:00,League 1,Stockport,Barnsley,6.596211318581254,4.609448042613117,11.205659361194371,10.5,0.8371114054080724,0.7523498886757748,0.6534224190390778,0.5473426820293082,0.4418240366929517,0.34368594912138417,0.2577812273851392,0.8489635144503375,0.6259729540276084,0.5216726204270445,0.07011751703502304,0.2194296942867533,0.6999030163033618,0.6391912654896306,0.2740656438256212,0.0042;0.0192;0.0467;0.0809;0.1117;0.1303;0.1334;0.1228;0.1035;0.0808;0.0591;0.0408;0.0268;0.0168;0.0101;0.0128,0.0237;0.0724;0.1234;0.1546;0.1585;0.1405;0.1114;0.0808;0.0544;0.0345;0.0207;0.0118;0.0065;0.0034;0.0018;0.0016,1.7937365130937568,1.2210027510099677,0.5049667180914991,0.2382413514692624,0.25679193043923854,0.5910102504019663,0.580104005080263,0.2949342729547402,0.16633748486636865,7,,1.0,1.4962678793010962,2.00859623080441,3.5048641101055065,0.6706366498235627,0.46071222223837566,0.27850869724727884,0.14960705539006783,0.07220583521247825,0.4373640747065528,0.5896486110976089,0.07175131751823705,0.2311;0.3315;0.2446;0.1237;0.0482;0.0154;0.0042;0.0010;0.0002;0.0001,0.1409;0.2695;0.2641;0.1768;0.0909;0.0382;0.0137;0.0043;0.0012;0.0004,3.5,"{""c"":[6.5962,4.6094],""g"":[1.7937,1.221],""k"":[1.4963,2.0086]}",,10.5,[],,,,,,,
v3,2026-10-03,2026-10-09,2026-10-10,12:30,Championship,Swansea,Norwich,4.83761405735566,4.717758745549732,9.555372802905392,9.5,0.7091606170539966,0.5949814681349216,0.477561375818716,0.3666195304336073,0.2693829689380196,0.1896981828877185,0.12823822047688016,0.6676340219788525,0.6502115609074156,0.420433665307408,0.1847864481673623,0.1975179747791171,0.5141913701001342,0.45854838382226804,0.433237069000423,0.0170;0.0584;0.1094;0.1476;0.1601;0.1480;0.1209;0.0894;0.0608;0.0385;0.0230;0.0130;0.0070;0.0036;0.0018;0.0016,0.0189;0.0632;0.1155;0.1523;0.1618;0.1468;0.1178;0.0856;0.0573;0.0358;0.0210;0.0117;0.0062;0.0032;0.0016;0.0013,1.556481553031973,1.3604297438705248,0.41734208718272187,0.2524999773699833,0.3301579354472949,0.5901100115622243,0.5579393188782863,0.25655050225449105,0.21087672603665902,8,,1.0,1.7028520602767692,2.2947206732571566,3.997572733533926,0.7502015524777428,0.5585788357959516,0.37061036539362735,0.22032008352993696,0.11832846725177718,0.5023580306718473,0.6595615304437307,0.11155414932752106,0.1897;0.3079;0.2570;0.1471;0.0649;0.0235;0.0073;0.0020;0.0005;0.0001,0.1074;0.2331;0.2592;0.1969;0.1148;0.0548;0.0223;0.0080;0.0025;0.0010,3.5,"{""c"":[4.8376,4.7178],""g"":[1.5565,1.3604],""k"":[1.7029,2.2947]}",,10.5,"[{""market"": ""Corners total"", ""pick"": ""Under 10.5"", ""p"": 0.633}]",,,,,,,
v3,2026-10-03,2026-10-09,2026-10-10,12:30,League 2,Swindon,Crewe,5.1530074671067965,5.425605365709872,10.578612832816669,10.5,0.7953029885837535,0.6987024601963443,0.5909468133439257,0.4805140532638943,0.37552668378139975,0.2822038768572699,0.20412930836838736,0.7049672470993389,0.7387996247545977,0.5088368376355009,0.1602974258688192,0.1372720745704703,0.47010298139604173,0.422792009892586,0.4765683996862712,0.0141;0.0498;0.0964;0.1347;0.1520;0.1467;0.1254;0.0973;0.0695;0.0464;0.0292;0.0174;0.0099;0.0054;0.0029;0.0028,0.0111;0.0416;0.0846;0.1239;0.1460;0.1466;0.1300;0.1043;0.0770;0.0530;0.0343;0.0210;0.0123;0.0069;0.0037;0.0038,1.4911739549130822,1.13755733654243,0.4496403331061624,0.2647488655662017,0.28561080132763583,0.5301331949479463,0.4887591129467101,0.3206011869481172,0.22510823344337144,8,,1.0,1.6272436726916948,1.4612557556706773,3.088499428362372,0.5892630769988979,0.3719373116753863,0.2044144160037064,0.09915886669681555,0.04302777143397465,0.479650414670229,0.42602307162526026,0.1253319459795541,0.2032;0.3172;0.2540;0.1390;0.0585;0.0202;0.0059;0.0015;0.0004;0.0001,0.2387;0.3353;0.2420;0.1195;0.0454;0.0142;0.0038;0.0009;0.0002;0.0000,3.5,"{""c"":[5.153,5.4256],""g"":[1.4912,1.1376],""k"":[1.6272,1.4613]}",,10.5,"[{""market"": ""Cards total"", ""pick"": ""Under 3.5"", ""p"": 0.628}]",,,,,,,
v3,2026-10-03,2026-10-09,2026-10-10,15:00,League 2,Tranmere,Rochdale,5.232982554614866,4.383823212364979,9.616805766979844,9.5,0.7149906386099986,0.601743855690961,0.48467897030435214,0.3734994573808205,0.2755495275934302,0.19486410056627876,0.13230980526641015,0.7206891109423654,0.5984913035801356,0.4180664466358087,0.1478035221272718,0.23709582297246878,0.5990745821419513,0.5360581262617264,0.358752206610495,0.0120;0.0449;0.0909;0.1315;0.1523;0.1496;0.1294;0.1009;0.0722;0.0480;0.0300;0.0177;0.0099;0.0053;0.0028;0.0026,0.0255;0.0784;0.1332;0.1644;0.1645;0.1412;0.1077;0.0747;0.0479;0.0287;0.0163;0.0087;0.0045;0.0022;0.0011;0.0009,1.5433254985155072,1.0917429695056657,0.4736307823237203,0.26129709186646805,0.2650721258098117,0.5260386709169309,0.49033812257328824,0.3356309890175375,0.21366936149340005,8,,1.0,1.7501849839965613,2.236000976461121,3.986185960457682,0.7485595948429011,0.5564341435533565,0.3684697067420965,0.21857912258385648,0.1171271022349974,0.5165950063057859,0.6459903024518245,0.15872159142625009,0.1812;0.3022;0.2590;0.1521;0.0688;0.0256;0.0081;0.0023;0.0006;0.0002,0.1136;0.2404;0.2609;0.1933;0.1100;0.0513;0.0204;0.0071;0.0022;0.0008,3.5,"{""c"":[5.233,4.3838],""g"":[1.5433,1.0917],""k"":[1.7502,2.236]}",,10.5,[],,,,,,,
v3,2026-10-03,2026-10-09,2026-10-10,15:00,Championship,Watford,Burnley,5.062724849494043,5.306386894869489,10.369111744363533,10.5,0.7795334215172024,0.6790699879182425,0.5687678303052415,0.45750314336142384,0.3533884721267706,0.26229691527363097,0.1872875693258949,0.6942730220778006,0.725551037667744,0.4913539201173533,0.1673987147987443,0.1458165292221141,0.47286864088572245,0.4245886021169093,0.47331107954017715,0.0150;0.0523;0.1001;0.1383;0.1543;0.1471;0.1242;0.0950;0.0671;0.0442;0.0274;0.0161;0.0091;0.0049;0.0025;0.0024,0.0121;0.0445;0.0892;0.1286;0.1491;0.1474;0.1287;0.1017;0.0739;0.0500;0.0319;0.0192;0.0111;0.0061;0.0032;0.0032,1.416544312245247,1.380839374625755,0.37807401090646375,0.260051560704336,0.36187442838920025,0.5706288655716161,0.5299224187489031,0.2513674730059476,0.2425507499768354,8,,1.0,2.0609674840444763,2.380119044654431,4.441086528698907,0.8074551476317257,0.6371449582737536,0.45305972136019773,0.290876782085712,0.1695996113562648,0.6024884193659406,0.6781158872254549,0.12313691736250953,0.1347;0.2628;0.2632;0.1805;0.0953;0.0413;0.0153;0.0050;0.0014;0.0005,0.0993;0.2226;0.2561;0.2012;0.1215;0.0601;0.0254;0.0094;0.0031;0.0013,3.5,"{""c"":[5.0627,5.3064],""g"":[1.4165,1.3808],""k"":[2.061,2.3801]}",,10.5,"[{""market"": ""Cards total"", ""pick"": ""Over 3.5"", ""p"": 0.637}]",,,,,,,
v3,2026-10-03,2026-10-09,2026-10-10,12:30,Championship,West Brom,Birmingham,5.089630496965194,4.792519858156275,9.88215035512147,9.5,0.7391948252511337,0.6302001599632231,0.5150378784536352,0.4032453881986765,0.3025762756997865,0.21781617575060686,0.15064889881087487,0.7005565518868251,0.6594179510224861,0.4487882793000573,0.16209065662567815,0.19145636704021107,0.5342767340898417,0.47792678906693864,0.41660362667557527,0.0140;0.0502;0.0979;0.1374;0.1548;0.1486;0.1259;0.0965;0.0680;0.0446;0.0275;0.0161;0.0090;0.0048;0.0025;0.0023,0.0182;0.0611;0.1122;0.1491;0.1599;0.1466;0.1190;0.0876;0.0595;0.0377;0.0225;0.0127;0.0069;0.0036;0.0018;0.0016,1.3215413150232829,1.2179776057807825,0.38712278171671144,0.27475849624649834,0.3381187220367902,0.5201627791107226,0.4662833160118546,0.29582784287141867,0.2667238794589763,8,,1.0,1.7105727735331624,2.0245226142781356,3.735095387811298,0.7100217120084951,0.5076628153860494,0.3212903053527209,0.1813801357651296,0.09223361555342811,0.5048847014118042,0.5936424368682696,0.10462737497679186,0.1881;0.3071;0.2576;0.1480;0.0655;0.0238;0.0074;0.0020;0.0005;0.0001,0.1389;0.2674;0.2639;0.1780;0.0922;0.0391;0.0142;0.0045;0.0013;0.0004,3.5,"{""c"":[5.0896,4.7925],""g"":[1.3215,1.218],""k"":[1.7106,2.0245]}",,10.5,"[{""market"": ""Corners total"", ""pick"": ""Under 10.5"", ""p"": 0.597}]",,,,,,,
v3,2026-10-03,2026-10-09,2026-10-10,15:00,League 1,Wycombe,Luton,5.454579379479986,5.414008918463402,10.868588297943388,10.5,0.8156162907441037,0.7244652117581489,0.6205966795463136,0.5118531243912342,0.40624330517763635,0.3103437303014555,0.22838407447832093,0.7405641507016014,0.7357635282011273,0.5334101349703858,0.1365524237932132,0.13975796996278975,0.5043639871355688,0.45445233575985294,0.44658807820947344,0.0112;0.0414;0.0840;0.1229;0.1448;0.1457;0.1296;0.1045;0.0776;0.0537;0.0350;0.0216;0.0128;0.0072;0.0039;0.0041,0.0116;0.0425;0.0857;0.1245;0.1458;0.1458;0.1291;0.1035;0.0765;0.0527;0.0342;0.0211;0.0124;0.0070;0.0038;0.0039,1.5323778864305266,1.4122270671268942,0.4006546801396798,0.25194785904910527,0.347397460811215,0.5964176762025827,0.5642852645519899,0.2436001646784061,0.21602138178958755,7,,1.0,1.911070651308476,2.294740529056477,4.205811180364953,0.7786747754046338,0.5966997189217123,0.40961786527363586,0.25284917030362575,0.14134921189717786,0.5626492947476469,0.6593671125062867,0.08547107219803618,0.1554;0.2819;0.2629;0.1678;0.0825;0.0333;0.0115;0.0035;0.0009;0.0003,0.1075;0.2331;0.2591;0.1967;0.1148;0.0548;0.0224;0.0080;0.0026;0.0010,3.5,"{""c"":[5.4546,5.414],""g"":[1.5324,1.4122],""k"":[1.9111,2.2947]}",,10.5,[],,,,,,,
v3,2026-10-03,2026-10-09,2026-10-10,15:00,League 2,York,Northampton,5.525354830917601,4.172616526296599,9.6979713572142,9.5,0.7225627281647594,0.6105794875451989,0.4940343940149907,0.3825966502748286,0.2837522967647392,0.20177699369531132,0.13779095004358052,0.7556399805787014,0.5635830891798397,0.41320138365498515,0.12485922780200687,0.26534378542624265,0.6544880498237025,0.5885328552310871,0.31069342611907436,0.0093;0.0369;0.0786;0.1195;0.1448;0.1485;0.1338;0.1084;0.0804;0.0554;0.0357;0.0218;0.0126;0.0070;0.0037;0.0037,0.0308;0.0897;0.1449;0.1711;0.1645;0.1362;0.1006;0.0677;0.0422;0.0247;0.0136;0.0072;0.0036;0.0018;0.0008;0.0007,1.606983624010348,0.9546710138737045,0.522730382742048,0.25662236104248004,0.22064725621547202,0.4952987193613822,0.4719020145525333,0.3849387632365196,0.20049146053100247,7,,1.0,1.4767065966481348,2.114901923718319,3.591608520366454,0.6859401877335427,0.4786257842300147,0.2945326653420209,0.16128687048692622,0.07942962021812833,0.43087791013902776,0.6169534312687818,0.14420514096027703,0.2357;0.3335;0.2429;0.1213;0.0467;0.0148;0.0040;0.0010;0.0002;0.0000,0.1272;0.2558;0.2634;0.1852;0.0999;0.0441;0.0166;0.0055;0.0016;0.0006,3.5,"{""c"":[5.5254,4.1726],""g"":[1.607,0.9547],""k"":[1.4767,2.1149]}",,10.5,[],,,,,,,
v3,2026-10-03,2026-10-09,2026-10-11,12:00,Championship,Southampton,Portsmouth,6.048802997840015,5.019174576821167,11.067977574661182,10.5,0.8285988847670805,0.7412269131948658,0.6402340987341629,0.5329819092443385,0.4273237360617732,0.3300015985044009,0.24563097823236657,0.8026182897286669,0.6846786569326367,0.5387587672894368,0.09723249550008102,0.17551684969711617,0.6079297530897464,0.5502829303408369,0.3548922606151495,0.0068;0.0280;0.0625;0.1001;0.1284;0.1399;0.1342;0.1161;0.0923;0.0681;0.0473;0.0310;0.0194;0.0116;0.0066;0.0077,0.0165;0.0556;0.1033;0.1398;0.1535;0.1448;0.1216;0.0929;0.0657;0.0434;0.0271;0.0161;0.0092;0.0050;0.0026;0.0026,1.7848688263911694,1.183768095272428,0.5113653276930181,0.23916375638022483,0.24947091592675705,0.5806875072852322,0.5697466796190684,0.30612306175652815,0.16781907298989296,7,,1.0,1.7081384576395213,2.082016163698392,3.7901546213379134,0.7188599500159822,0.518590243455999,0.3316144974467334,0.1893281715887703,0.0974253724566238,0.504108183727888,0.6084614138661171,0.10608484959289333,0.1885;0.3073;0.2575;0.1477;0.0653;0.0237;0.0073;0.0020;0.0005;0.0001,0.1315;0.2600;0.2636;0.1826;0.0971;0.0423;0.0157;0.0051;0.0015;0.0005,3.5,"{""c"":[6.0488,5.0192],""g"":[1.7849,1.1838],""k"":[1.7081,2.082]}",,10.5,[],,,,,,,
v3,2026-10-03,2026-10-13,2026-10-13,20:00,Championship,Birmingham,Preston,6.735301923650432,4.229031074078682,10.964332997729114,10.5,0.8219484784201198,0.7326107729064154,0.6301047474945954,0.5220456473195576,0.4163749585292311,0.31975666990757046,0.23661184859374468,0.8606884587075754,0.5677864640038435,0.47918508797803944,0.06335742801308906,0.26519527359991624,0.7494467439054892,0.6879777940580312,0.2300031027203932,0.0036;0.0170;0.0427;0.0760;0.1073;0.1278;0.1332;0.1246;0.1064;0.0841;0.0622;0.0434;0.0287;0.0181;0.0109;0.0140,0.0321;0.0903;0.1428;0.1670;0.1606;0.1342;0.1006;0.0692;0.0443;0.0267;0.0153;0.0084;0.0044;0.0022;0.0011;0.0010,1.7054880932217986,1.1247047832929,0.5061562008672311,0.24630509807140918,0.2475387010613597,0.5559647090099544,0.5377123267050931,0.3247483243393101,0.1816836859545144,8,,1.0,1.4773197831408984,2.1460217301694993,3.6233415133103977,0.691397625192689,0.48511387765909575,0.30042689444473497,0.16565000178707615,0.08217003360189419,0.4310635510491465,0.6246619245193763,0.10166182425714909,0.2355;0.3334;0.2429;0.1214;0.0468;0.0148;0.0040;0.0010;0.0002;0.0000,0.1235;0.2518;0.2630;0.1874;0.1026;0.0459;0.0175;0.0059;0.0018;0.0006,3.5,"{""c"":[6.7353,4.229],""g"":[1.7055,1.1247],""k"":[1.4773,2.146]}",,10.5,"[{""market"": ""Corner dominance"", ""pick"": ""Home"", ""p"": 0.688}]",,,,,,,
v3,2026-10-03,2026-10-13,2026-10-13,19:45,Championship,Bristol City,Blackburn,5.666898739278723,4.834480907081828,10.50137964636055,10.5,0.7895980245336505,0.6915640013033743,0.5828416914406497,0.4720625825633323,0.3673549589703485,0.2748190383994414,0.19785046133122067,0.7667998331646793,0.662187061784979,0.4958482464514383,0.11888337962675044,0.1907176480628371,0.5910952864500137,0.5324096314150115,0.36830746719787855,0.0089;0.0351;0.0748;0.1143;0.1399;0.1454;0.1331;0.1100;0.0835;0.0589;0.0390;0.0245;0.0146;0.0084;0.0046;0.0048,0.0185;0.0611;0.1112;0.1471;0.1577;0.1452;0.1187;0.0883;0.0606;0.0390;0.0236;0.0136;0.0075;0.0040;0.0020;0.0019,1.4725216166319295,1.086016293656836,0.45666524262017594,0.26788102814670356,0.2754537292331205,0.5142270230733104,0.47111252622131,0.3375585528953771,0.2293464316415261,8,,1.0,1.6868141723518593,2.7610874571766924,4.447901629528552,0.8082378031073333,0.6382736969869979,0.4543036499177576,0.29199379049872054,0.17045067416617843,0.49716148384799363,0.7522424403135027,0.12331371685757353,0.1931;0.3097;0.2559;0.1452;0.0636;0.0229;0.0071;0.0019;0.0005;0.0001,0.0690;0.1787;0.2369;0.2143;0.1487;0.0844;0.0408;0.0173;0.0065;0.0032,3.5,"{""c"":[5.6669,4.8345],""g"":[1.4725,1.086],""k"":[1.6868,2.7611]}",,10.5,"[{""market"": ""Cards total"", ""pick"": ""Over 3.5"", ""p"": 0.638}]",,,,,,,
v3,2026-10-03,2026-10-13,2026-10-13,19:45,Championship,Burnley,Charlton,6.718426733073773,3.9453145782915793,10.663741311365353,10.5,0.8014461623136722,0.7064360018783326,0.5997810257175419,0.4897818206655925,0.3845422156678187,0.29040085241623537,0.21114108056129,0.8611030325740257,0.5215412020690703,0.4396147084180603,0.06287905202855935,0.3034459548948337,0.7765820694166369,0.7147978026717541,0.2056429734186665,0.0036;0.0168;0.0425;0.0760;0.1077;0.1286;0.1340;0.1252;0.1067;0.0841;0.0619;0.0429;0.0282;0.0177;0.0106;0.0133,0.0400;0.1056;0.1578;0.1750;0.1601;0.1275;0.0914;0.0602;0.0370;0.0214;0.0118;0.0062;0.0031;0.0015;0.0007;0.0006,1.6040743363565817,1.0322366792409385,0.5031098235949001,0.2564597782704514,0.24043039813464848,0.5178979332871583,0.4906474412091424,0.3562093428515897,0.20107559716054435,8,,1.0,1.8688116351518533,2.241065900934471,4.109877536086325,0.7659193919225156,0.5794008850862282,0.3916897056329894,0.2377090288281222,0.13050033780451167,0.5509091071193821,0.6470621839445673,0.11450147865478144,0.1618;0.2873;0.2622;0.1639;0.0789;0.0312;0.0105;0.0031;0.0008;0.0003,0.1131;0.2398;0.2606;0.1935;0.1104;0.0516;0.0206;0.0072;0.0022;0.0009,3.5,"{""c"":[6.7184,3.9453],""g"":[1.6041,1.0322],""k"":[1.8688,2.2411]}",,10.5,"[{""market"": ""Corner dominance"", ""pick"": ""Home"", ""p"": 0.715}]",,,,,,,
v3,2026-10-03,2026-10-13,2026-10-13,19:45,Championship,Cardiff,Watford,6.994148286059705,4.304918454756502,11.299066740816206,11.5,0.8426817465551398,0.7596875146801776,0.6621930975027368,0.5569705197248211,0.45162420053770524,0.35300955781943005,0.2661266181881704,0.8767228972640467,0.5786257956110835,0.4984824097797736,0.05488372850904625,0.25714842921142333,0.7598479225693286,0.7000203074145046,0.22124339104699198,0.0030;0.0145;0.0374;0.0684;0.0993;0.1216;0.1302;0.1251;0.1098;0.0892;0.0677;0.0485;0.0329;0.0213;0.0132;0.0178,0.0309;0.0872;0.1391;0.1642;0.1596;0.1349;0.1024;0.0714;0.0464;0.0284;0.0165;0.0092;0.0049;0.0025;0.0013;0.0011,1.7954521642141992,1.2694264241372937,0.49450263152828716,0.23772621587092785,0.26777115260078493,0.602804790476346,0.591187182517511,0.2809927462222451,0.16605235243791092,8,,1.0,1.9415518131451657,2.6726169205684847,4.61416873371365,0.8264850587878252,0.6650527215072105,0.48433757372712133,0.3194429648292441,0.19173851208780868,0.5706866154439696,0.7363324408786919,0.1276160441620433,0.1513;0.2780;0.2629;0.1704;0.0851;0.0349;0.0123;0.0038;0.0010;0.0003,0.0752;0.1885;0.2421;0.2122;0.1429;0.0787;0.0370;0.0152;0.0056;0.0027,3.5,"{""c"":[6.9941,4.3049],""g"":[1.7955,1.2694],""k"":[1.9416,2.6726]}",,10.5,"[{""market"": ""Cards total"", ""pick"": ""Over 3.5"", ""p"": 0.665}, {""market"": ""Corner dominance"", ""pick"": ""Home"", ""p"": 0.7}, {""market"": ""BTTS"", ""pick"": ""Yes"", ""p"": 0.603}]",,,,,,,
v3,2026-10-03,2026-10-13,2026-10-13,19:45,Championship,Millwall,Swansea,5.737450137353817,4.80340672886419,10.540856866218007,10.5,0.7925297997192537,0.6952272767062108,0.5869951617905734,0.47638741626103076,0.3715307188362711,0.27858734772834814,0.20104985966353664,0.7742039743671311,0.6575602321156081,0.4972998952749147,0.11422634125058456,0.1942025046374516,0.6017099248425168,0.542442565789659,0.359059210056286,0.0084;0.0335;0.0723;0.1116;0.1379;0.1447;0.1337;0.1115;0.0853;0.0607;0.0405;0.0256;0.0154;0.0089;0.0049;0.0052,0.0191;0.0624;0.1128;0.1482;0.1581;0.1447;0.1178;0.0873;0.0598;0.0383;0.0232;0.0133;0.0073;0.0039;0.0020;0.0018,1.5683400527859384,1.2685337603303934,0.4399754989817485,0.2547485838047108,0.3052759172135407,0.5724721387225625,0.5392894875374895,0.28124369026446755,0.20839081316295635,8,,1.0,1.7095843210286905,2.1692134688289495,3.8787977898576402,0.732628200865505,0.5359141477540915,0.348271951359978,0.20237927003924006,0.10610190671264587,0.5044832012212263,0.6301098804993108,0.10842634275663265,0.1884;0.3071;0.2575;0.1478;0.0654;0.0238;0.0074;0.0020;0.0005;0.0001,0.1210;0.2489;0.2624;0.1889;0.1045;0.0473;0.0183;0.0062;0.0019;0.0007,3.5,"{""c"":[5.7375,4.8034],""g"":[1.5683,1.2685],""k"":[1.7096,2.1692]}",,10.5,[],,,,,,,
v3,2026-10-03,2026-10-13,2026-10-13,20:00,Championship,Stoke,Middlesbrough,5.272066021535734,5.2988596522743885,10.570925673810123,10.5,0.7947407947051207,0.6979971595142271,0.5901439071150383,0.47967464779185454,0.37471294265946126,0.28146657496377997,0.20350079449760727,0.7201423322918471,0.7234718303071209,0.5089703920332381,0.1498301777533225,0.14756411619780346,0.4970571551956729,0.4468978725476824,0.4521896224744048,0.0127;0.0460;0.0911;0.1300;0.1495;0.1469;0.1276;0.1004;0.0728;0.0492;0.0313;0.0189;0.0109;0.0060;0.0032;0.0032,0.0124;0.0452;0.0899;0.1290;0.1489;0.1468;0.1281;0.1011;0.0736;0.0499;0.0319;0.0193;0.0111;0.0062;0.0033;0.0033,1.2855120558288642,1.5062688888077842,0.3206687335200441,0.2586084844524337,0.4207227820275222,0.5666288045489702,0.5285847989723566,0.22173575722976796,0.2765089593509298,8,,1.0,1.9617721155834589,1.9103818121000404,3.8721539276834993,0.7316157937225616,0.5346275477561404,0.347022523639378,0.20139063104438842,0.10543815062330392,0.576806043155331,0.5627343762095711,0.10825105916414779,0.1477;0.2755;0.2637;0.1726;0.0868;0.0358;0.0126;0.0039;0.0011;0.0004,0.1552;0.2821;0.2631;0.1679;0.0824;0.0332;0.0114;0.0034;0.0009;0.0003,3.5,"{""c"":[5.2721,5.2989],""g"":[1.2855,1.5063],""k"":[1.9618,1.9104]}",,10.5,[],,,,,,,
v3,2026-10-03,2026-10-13,2026-10-13,19:45,Championship,Wolves,Bolton,6.362144867377395,4.18919623149901,10.551341098876405,10.5,0.7933028795235452,0.6961950634903862,0.5880945153548518,0.4775342792732691,0.3726401317401369,0.27959039062910335,0.20190307027063223,0.833756543456145,0.5629190740223696,0.4588301905418135,0.07818605619201283,0.26815106155954327,0.7257744136577543,0.6622205348776261,0.2502124779371552,0.0048;0.0216;0.0518;0.0881;0.1191;0.1359;0.1359;0.1219;0.1000;0.0760;0.0540;0.0362;0.0230;0.0140;0.0081;0.0096,0.0323;0.0912;0.1446;0.1689;0.1618;0.1343;0.0999;0.0680;0.0431;0.0257;0.0145;0.0078;0.0040;0.0020;0.0010;0.0008,1.9318509110225925,1.0856070291662583,0.5676426425169272,0.2258137718562939,0.2065435856267789,0.5694271471940837,0.5807098249984426,0.33769673189851895,0.14487979055936132,7,,1.0,1.5150211886884548,2.2379752194821627,3.7529964081706177,0.712919491809761,0.5112292104211617,0.3246443850798629,0.18395039512473232,0.09390480361362534,0.4433595434711975,0.646674325947282,0.10510149393828927,0.2272;0.3294;0.2458;0.1258;0.0497;0.0161;0.0045;0.0011;0.0002;0.0001,0.1132;0.2401;0.2610;0.1936;0.1102;0.0514;0.0204;0.0071;0.0022;0.0008,3.5,"{""c"":[6.3621,4.1892],""g"":[1.9319,1.0856],""k"":[1.515,2.238]}",,10.5,"[{""market"": ""Corner dominance"", ""pick"": ""Home"", ""p"": 0.662}]",,,,,,,
v3,2026-10-03,2026-10-13,2026-10-13,19:45,Championship,Wrexham,West Brom,5.1485712913708666,4.249541014114458,9.398112305485324,9.5,0.6938486867902596,0.5773852248188586,0.45921210507705545,0.3490467450046086,0.25377751508560675,0.17674539298506783,0.11812319056942146,0.7110796963814927,0.5776137469095319,0.3972552398069418,0.1539351058008022,0.2531395033099925,0.6065260975883572,0.5419480272715367,0.35157993372866914,0.0127;0.0470;0.0942;0.1350;0.1546;0.1502;0.1284;0.0989;0.0699;0.0458;0.0282;0.0164;0.0091;0.0048;0.0025;0.0022,0.0282;0.0846;0.1403;0.1692;0.1655;0.1389;0.1037;0.0704;0.0441;0.0259;0.0143;0.0076;0.0038;0.0018;0.0009;0.0007,1.304565412681395,1.180802777808652,0.39052914955695894,0.27804143461917274,0.3314294158238683,0.5088216197802462,0.4524281423937225,0.30703216103545283,0.2712904088018493,8,,1.0,1.3390908515329223,2.1026165632943767,3.441707414827299,0.6591376031869158,0.4475174095759316,0.2669386738391377,0.1413403087953666,0.06719408329577764,0.3845387946082629,0.6140004647732445,0.09682093106455114,0.2692;0.3463;0.2295;0.1044;0.0367;0.0106;0.0026;0.0006;0.0001;0.0000,0.1286;0.2574;0.2637;0.1843;0.0989;0.0434;0.0162;0.0053;0.0016;0.0005,3.5,"{""c"":[5.1486,4.2495],""g"":[1.3046,1.1808],""k"":[1.3391,2.1026]}",,10.5,"[{""market"": ""Corners total"", ""pick"": ""Under 10.5"", ""p"": 0.651}]",,,,,,,
v3,2026-10-03,2026-10-13,2026-10-14,20:00,Championship,Lincoln,West Ham,5.119813028553746,5.969146483167757,11.088959511721502,10.5,0.8299196878564311,0.7429457348591235,0.642263771206789,0.535182998316874,0.4295371204377644,0.33208187349777324,0.24747045859710554,0.6978628234653702,0.7947795886854335,0.5438126480698543,0.16618384695732066,0.10206841950645304,0.41074986720516315,0.3714765111470179,0.5329096878665807,0.0152;0.0522;0.0988;0.1360;0.1516;0.1452;0.1236;0.0956;0.0684;0.0458;0.0289;0.0174;0.0100;0.0055;0.0029;0.0030,0.0073;0.0296;0.0652;0.1032;0.1308;0.1409;0.1338;0.1147;0.0904;0.0662;0.0456;0.0297;0.0184;0.0109;0.0062;0.0071,1.349019158206286,1.5297615130885969,0.33225090186954326,0.2546323887000629,0.4131167094303939,0.5836008395454234,0.549111116639554,0.21658731439684548,0.2594946590700543,8,,1.0,1.8115227998101004,2.0663483329090293,3.8778711327191298,0.7324871834476355,0.5357348154754391,0.348097681079269,0.2022412801986176,0.10600919918732199,0.534697704009521,0.6043739962494055,0.10840189702763514,0.1707;0.2946;0.2611;0.1584;0.0740;0.0284;0.0093;0.0027;0.0007;0.0002,0.1336;0.2621;0.2636;0.1813;0.0958;0.0415;0.0153;0.0050;0.0014;0.0005,3.5,"{""c"":[5.1198,5.9691],""g"":[1.349,1.5298],""k"":[1.8115,2.0663]}",,10.5,[],,,,,,,
v3,2026-10-03,2026-10-13,2026-10-14,19:45,Championship,Norwich,Southampton,5.760623249216083,4.649349924410106,10.409973173626188,10.5,0.7826826280375498,0.6829658809217728,0.5731411937725407,0.4620117351011474,0.35769844055233235,0.2661477264663821,0.19052455766376764,0.777439445637233,0.6357428785310685,0.4823705783172571,0.11200488064704082,0.21022673776875295,0.6215718193352734,0.5605189505083898,0.3412576955239621,0.0081;0.0327;0.0711;0.1106;0.1374;0.1448;0.1343;0.1122;0.0860;0.0613;0.0409;0.0259;0.0155;0.0089;0.0049;0.0053,0.0215;0.0684;0.1203;0.1540;0.1602;0.1433;0.1141;0.0827;0.0555;0.0348;0.0207;0.0117;0.0063;0.0033;0.0016;0.0015,1.6516311892472253,1.481961682680761,0.41526640312261975,0.24256716825804764,0.3421664286193326,0.627831207560327,0.6060649657926616,0.22719157318431366,0.19173689423713489,8,,1.0,2.2439683107393704,2.0017443844508183,4.245712695190189,0.7838024168854009,0.6037590745546266,0.4170445393838076,0.2592154444007537,0.14597966120226152,0.6476135372495376,0.5871892001724555,0.11805327714994118,0.1129;0.2395;0.2605;0.1936;0.1106;0.0518;0.0207;0.0072;0.0023;0.0009,0.1425;0.2704;0.2635;0.1758;0.0902;0.0380;0.0137;0.0043;0.0012;0.0004,3.5,"{""c"":[5.7606,4.6493],""g"":[1.6516,1.482],""k"":[2.244,2.0017]}",,10.5,"[{""market"": ""Cards total"", ""pick"": ""Over 3.5"", ""p"": 0.604}, {""market"": ""BTTS"", ""pick"": ""Yes"", ""p"": 0.628}, {""market"": ""Goals 2.5"", ""pick"": ""Over"", ""p"": 0.606}]",,,,,,,
v3,2026-10-03,2026-10-13,2026-10-14,19:45,Championship,Portsmouth,Sheffield Utd,7.005017390232626,4.1739898385972145,11.17900722882984,10.5,0.8354918628024713,0.750225378858371,0.6508935429357652,0.5445782054059152,0.4390217929825979,0.34103107694394263,0.2554148071279624,0.8780519202165757,0.5579832771603738,0.4811532002687139,0.054085478269444924,0.27385560411599197,0.7731720033208168,0.7133741824616134,0.20928491460557422,0.0029;0.0142;0.0369;0.0679;0.0989;0.1214;0.1304;0.1255;0.1102;0.0896;0.0680;0.0487;0.0330;0.0214;0.0132;0.0178,0.0342;0.0939;0.1458;0.1682;0.1599;0.1323;0.0985;0.0673;0.0429;0.0258;0.0148;0.0081;0.0042;0.0022;0.0011;0.0009,1.547068733687699,1.1998465845543969,0.44983782032687325,0.25835604403752993,0.2918061356355968,0.5535848693481907,0.5177973303004911,0.30124042330111545,0.21287104190537673,7,,1.0,1.622619054233704,2.208131881006167,3.830750935239871,0.7252355932501297,0.5265661783079404,0.3392391821432641,0.19526732636402055,0.10135069216765055,0.4777169339590754,0.639537056213047,0.10715795610096535,0.2048;0.3174;0.2531;0.1383;0.0582;0.0202;0.0060;0.0016;0.0004;0.0001,0.1165;0.2439;0.2616;0.1916;0.1077;0.0496;0.0195;0.0067;0.0021;0.0008,3.5,"{""c"":[7.005,4.174],""g"":[1.5471,1.1998],""k"":[1.6226,2.2081]}",,10.5,"[{""market"": ""Corner dominance"", ""pick"": ""Home"", ""p"": 0.713}]",,,,,,,
v3,2026-10-03,2026-10-13,2026-10-14,19:45,Championship,QPR,Derby,6.4326857757699845,4.438458343196523,10.871144118966509,10.5,0.8157877033847374,0.7246849763361491,0.6208523466567427,0.512126278959184,0.4065139187410052,0.3105943038712935,0.22860236324217276,0.8378114245584865,0.6014692717169451,0.4936453354579479,0.07616698574716411,0.2377959742159652,0.7048146772926067,0.6426931561701856,0.2691680420655727,0.0047;0.0210;0.0504;0.0860;0.1168;0.1340;0.1349;0.1220;0.1009;0.0774;0.0556;0.0376;0.0242;0.0149;0.0088;0.0106,0.0267;0.0794;0.1317;0.1607;0.1605;0.1387;0.1072;0.0758;0.0498;0.0307;0.0180;0.0100;0.0054;0.0028;0.0014;0.0012,1.7490072330861006,1.1356344440209747,0.5140156980116022,0.24242082646583796,0.24356347552255986,0.5640394107066617,0.5504748570338056,0.3212182616669135,0.17394654613494154,8,,1.0,1.6724448493238486,2.2424166274948556,3.9148614768187042,0.738068948802933,0.5428636859275174,0.3550551588960308,0.20777407625160746,0.10974242613282345,0.49312735439369876,0.6475628747813457,0.10937720236298942,0.1953;0.3116;0.2557;0.1438;0.0623;0.0222;0.0068;0.0018;0.0004;0.0001,0.1128;0.2396;0.2608;0.1938;0.1106;0.0516;0.0206;0.0072;0.0022;0.0009,3.5,"{""c"":[6.4327,4.4385],""g"":[1.749,1.1356],""k"":[1.6724,2.2424]}",,10.5,[],,,,,,,
v3,2026-10-03,2026-10-13,2026-10-15,20:00,League 1,Mansfield,Oxford Utd,5.608589537425493,4.847017568779831,10.455607106205324,10.5,0.7861573515354214,0.687278660427827,0.5779985171160303,0.4670357815214061,0.3625170107960595,0.2704671698652666,0.19416746593462164,0.7606134678900583,0.6641999682575854,0.4931632462471515,0.1227912585551611,0.18914994778699062,0.5837284756256041,0.5254035479647511,0.37467854482960156,0.0094;0.0364;0.0770;0.1166;0.1415;0.1459;0.1327;0.1088;0.0820;0.0575;0.0378;0.0236;0.0140;0.0079;0.0043;0.0045,0.0182;0.0605;0.1105;0.1467;0.1577;0.1454;0.1191;0.0887;0.0610;0.0392;0.0238;0.0137;0.0076;0.0040;0.0021;0.0019,1.4265957987067188,1.3903186397109886,0.378705284231246,0.2589979831319831,0.362296732636771,0.5742269003264159,0.5345685275970242,0.2489959519917085,0.24012496618720813,6,,1.0,1.9536499827889808,1.8740317840877823,3.827681766876763,0.7247577370323864,0.5259656359233706,0.3386624565025662,0.19481603835657932,0.1010510641394333,0.5746426393707387,0.552609841209835,0.07809526442650638,0.1488;0.2765;0.2636;0.1719;0.0861;0.0354;0.0124;0.0038;0.0011;0.0003,0.1607;0.2867;0.2626;0.1645;0.0793;0.0314;0.0106;0.0031;0.0008;0.0003,3.5,"{""c"":[5.6086,4.847],""g"":[1.4266,1.3903],""k"":[1.9536,1.874]}",,10.5,[],,,,,,,
